UserScreenName,UserName,Timestamp,Text,Embedded_text,Emojis,Comments,Likes,Retweets,Image link,Tweet URL
DER SPIEGEL,@derspiegel,2019-01-08T18:23:08.000Z,"DER SPIEGEL
@derspiegel
·
2019年1月9日","Fund in China: Neu entdeckter Virus ähnelt Ebola http://spiegel.de/wissenschaft/natur/mengla-virus-in-china-neu-entdeckter-erreger-aehnelt-ebola-a-1247036.html?utm_source=dlvr.it&utm_medium=%5Bfacebook%5D&utm_campaign=%5Bspontop%5D#ref=rss…
2
12
20",,2,12,20,[],https://twitter.com/derspiegel/status/1082704269755670528
DER SPIEGEL,@derspiegel,2019-01-08T00:20:41.000Z,"DER SPIEGEL
@derspiegel
·
2019年1月8日","Nordkoreas Machthaber: Kim besucht Xi in China http://spiegel.de/politik/ausland/nordkorea-kim-jong-un-besucht-xi-jinping-in-china-gespraech-ueber-donald-trump-a-1246883.html?utm_source=dlvr.it&utm_medium=%5Bfacebook%5D&utm_campaign=%5Bspontop%5D#ref=rss…
3
3
8",,3,3,8,[],https://twitter.com/derspiegel/status/1082431863568789505
DER SPIEGEL,@derspiegel,2019-01-15T07:10:35.000Z,"DER SPIEGEL
@derspiegel
·
2019年1月15日","Der Morgen live: Endlich hört es in den Alpen auf zu schneien. In China wurde ein Kanadier wegen Drogenschmuggel verhaftet. In Indien beginnt das Pilgerfest Kumbh Mela. http://spon.de/afoE4
2
10",,,2,10,[],https://twitter.com/derspiegel/status/1085071733902753793
DER SPIEGEL,@derspiegel,2019-01-27T07:02:33.000Z,"DER SPIEGEL
@derspiegel
·
2019年1月27日","Fall Meng Wanzhou: Trudeau feuert kanadischen Botschafter in China http://spiegel.de/politik/ausland/kanada-justin-trudeau-feuert-botschafter-in-china-john-mccallum-a-1250175.html?utm_source=dlvr.it&utm_medium=%5Bfacebook%5D&utm_campaign=%5Bspontop%5D#ref=rss…
6
4
6",,6,4,6,[],https://twitter.com/derspiegel/status/1089418367084064768
DER SPIEGEL,@derspiegel,2019-01-24T10:18:35.000Z,"DER SPIEGEL
@derspiegel
·
2019年1月24日","Zensur: Suchmaschine Bing in China gesperrt http://spiegel.de/netzwelt/web/bing-microsofts-suchmaschine-in-china-gesperrt-a-1249642.html?utm_source=dlvr.it&utm_medium=%5Bfacebook%5D&utm_campaign=%5Bspontop%5D#ref=rss…
1
6
3",,1,6,3,[],https://twitter.com/derspiegel/status/1088380537440358400
DER SPIEGEL,@derspiegel,2019-01-25T06:17:30.000Z,"DER SPIEGEL
@derspiegel
·
2019年1月25日","Juan Guaidó will Venezuelas Staatschef Maduro stürzen - und hat die USA und wichtige Nachbarländer auf seiner Seite. Russland und China stützen hingegen das Regime. Die wichtigsten externen Akteure im Überblick. #Venezuela http://spon.de/afpfK
14
5
7",,14,5,7,[],https://twitter.com/derspiegel/status/1088682253834702848
DER SPIEGEL,@derspiegel,2019-01-29T00:06:07.000Z,"DER SPIEGEL
@derspiegel
·
2019年1月29日","Konflikt mit China: USA erheben Anklage gegen Huawei http://spiegel.de/wirtschaft/unternehmen/konflikt-mit-china-usa-erheben-anklage-gegen-huawei-a-1250436.html?utm_source=dlvr.it&utm_medium=%5Bfacebook%5D&utm_campaign=%5Bspontop%5D#ref=rss…
2
2
5",,2,2,5,[],https://twitter.com/derspiegel/status/1090038342652125184
DER SPIEGEL,@derspiegel,2019-03-01T06:02:33.000Z,"DER SPIEGEL
@derspiegel
·
2019年3月1日","Uno-Sicherheitsrat: Russland und China blockieren Venezuela-Resolution http://spiegel.de/politik/ausland/russland-und-china-blockieren-venezuela-resolution-im-uno-sicherheitsrat-a-1255707.html?utm_source=dlvr.it&utm_medium=%5Bfacebook%5D&utm_campaign=%5Bspontop%5D#ref=rss…
2
1
6",,2,1,6,[],https://twitter.com/derspiegel/status/1101362065363460097
DER SPIEGEL,@derspiegel,2019-02-22T19:58:11.000Z,"DER SPIEGEL
@derspiegel
·
2019年2月23日","Umstrittene Genveränderungen an zwei Babys in China könnten auch deren kognitive Fähigkeiten beeinflusst haben. Ob das den Kindern nutzt oder schadet, wissen Forscher allerdings nicht. http://spon.de/afqw4
3
8
19",,3,8,19,[],https://twitter.com/derspiegel/status/1099035644335132672
DER SPIEGEL,@derspiegel,2019-02-24T23:51:03.000Z,"DER SPIEGEL
@derspiegel
·
2019年2月25日","US-Präsident: Trump verlängert Frist im Handelsstreit mit China http://spiegel.de/wirtschaft/soziales/donald-trump-verlaengert-frist-im-handelsstreit-zwischen-usa-und-china-a-1254911.html?utm_source=dlvr.it&utm_medium=%5Bfacebook%5D&utm_campaign=%5Bspontop%5D#ref=rss…
2",,,,2,[],https://twitter.com/derspiegel/status/1099819022944595969
DER SPIEGEL,@derspiegel,2019-04-29T05:37:05.000Z,"DER SPIEGEL
@derspiegel
·
2019年4月29日","Die Welt rüstet auf. Weltweit wird immer mehr ins Militär investiert - vor allem in den #USA und #China. #Russland schafft es allerdings nicht mehr unter die Top 5. https://spon.de/aftdc
23
8
19",,23,8,19,[],https://twitter.com/derspiegel/status/1122736539639926789
DER SPIEGEL,@derspiegel,2019-04-23T18:04:34.000Z,"DER SPIEGEL
@derspiegel
·
2019年4月24日","""Politische Blockaden treiben die Fragmentierung des Internets voran - mit China und bald Russland als Extremformen einer völlig abgekoppelten Digitallandschaft"", kommentiert 
@glocalreporting
 die Netzsperre in #SriLanka. https://spon.de/afsYZ
2
7",,,2,7,[],https://twitter.com/derspiegel/status/1120750324011208704
DER SPIEGEL,@derspiegel,2019-05-05T09:50:04.000Z,"DER SPIEGEL
@derspiegel
·
2019年5月5日","Auf dem Weg zur größten Seemacht: China will Meer https://spiegel.de/politik/ausland/neue-seidenstrasse-wie-china-wieder-zur-groessten-seemacht-werden-will-a-1263529.html?utm_source=dlvr.it&utm_medium=%5Bfacebook%5D&utm_campaign=%5Bspontop%5D#ref=rss…
4
10
14",,4,10,14,[],https://twitter.com/derspiegel/status/1124974534619045888
DER SPIEGEL,@derspiegel,2019-05-06T03:04:33.000Z,"DER SPIEGEL
@derspiegel
·
2019年5月6日","Nach Trumps Zoll-Ankündigung: China erwägt offenbar Absage der Handelsgespräche mit den USA https://spiegel.de/wirtschaft/soziales/donald-trump-will-zoelle-verdoppeln-china-erwaegt-offenbar-absage-der-gespraeche-a-1265886.html?utm_source=dlvr.it&utm_medium=%5Bfacebook%5D&utm_campaign=%5Bspontop%5D#ref=rss…
1
10",,,1,10,[],https://twitter.com/derspiegel/status/1125234869930299392
DER SPIEGEL,@derspiegel,2019-05-09T18:04:04.000Z,"DER SPIEGEL
@derspiegel
·
2019年5月10日","Handelsstreit USA und China: Trump hält Einigung mit Peking für möglich https://spiegel.de/politik/ausland/donald-trump-haelt-einigung-im-handelsstreit-mit-china-fuer-moeglich-a-1266688.html?utm_source=dlvr.it&utm_medium=%5Bfacebook%5D&utm_campaign=%5Bspontop%5D#ref=rss…
6
2
7",,6,2,7,[],https://twitter.com/derspiegel/status/1126548404249620480
DER SPIEGEL,@derspiegel,2019-05-03T08:34:00.000Z,"DER SPIEGEL
@derspiegel
·
2019年5月3日","In #China boomen Elektroautos, aber die deutschen Hersteller #VW, #BMW und #Daimler profitieren davon kaum. Mit drei auf E-Antrieb und digitalen Luxus getrimmten Geländewagen wollen sie das ändern. https://spon.de/afs22
9
4
9",,9,4,9,[],https://twitter.com/derspiegel/status/1124230614083723265
DER SPIEGEL,@derspiegel,2019-05-13T21:47:03.000Z,"DER SPIEGEL
@derspiegel
·
2019年5月14日","Handelsstreit mit China: Dow endet mit höchstem Tagesverlust seit Januar https://spiegel.de/wirtschaft/unternehmen/donald-trump-vs-china-dow-endet-mit-hoechstem-tagesverlust-seit-januar-a-1267277.html?utm_source=dlvr.it&utm_medium=%5Bfacebook%5D&utm_campaign=%5Bspontop%5D#ref=rss…
3
4
9",,3,4,9,[],https://twitter.com/derspiegel/status/1128054071632359424
DER SPIEGEL,@derspiegel,2019-05-13T12:47:04.000Z,"DER SPIEGEL
@derspiegel
·
2019年5月13日","Auf Waren im Wert von 60 Milliarden Dollar: China verhängt Vergeltungszölle gegen USA https://spiegel.de/wirtschaft/soziales/handelsstreit-mit-den-usa-china-verhaengt-vergeltungszoelle-von-60-milliarden-dollar-a-1267207.html?utm_source=dlvr.it&utm_medium=%5Bfacebook%5D&utm_campaign=%5Bspontop%5D#ref=rss…
3
3
10",,3,3,10,[],https://twitter.com/derspiegel/status/1127918178091143169
DER SPIEGEL,@derspiegel,2019-05-12T05:17:03.000Z,"DER SPIEGEL
@derspiegel
·
2019年5月12日","Handelsstreit: Trump warnt China vor Spiel auf Zeit https://spiegel.de/wirtschaft/soziales/donald-trump-us-praesident-warnt-china-vor-spiel-auf-zeit-a-1266990.html?utm_source=dlvr.it&utm_medium=%5Bfacebook%5D&utm_campaign=%5Bspontop%5D#ref=rss…
3
2
13",,3,2,13,[],https://twitter.com/derspiegel/status/1127442543593975808
DER SPIEGEL,@derspiegel,2019-05-13T03:17:33.000Z,"DER SPIEGEL
@derspiegel
·
2019年5月13日","Handelsstreit: Trump sieht USA im Vorteil - China gibt sich unbeeindruckt https://spiegel.de/wirtschaft/soziales/donald-trump-sieht-usa-im-handelsstreit-im-vorteil-china-gibt-sich-unbeeindruckt-a-1267081.html?utm_source=dlvr.it&utm_medium=%5Bfacebook%5D&utm_campaign=%5Bspontop%5D#ref=rss…
2
1
7",,2,1,7,[],https://twitter.com/derspiegel/status/1127774855380660224
DER SPIEGEL,@derspiegel,2019-05-29T16:34:05.000Z,"DER SPIEGEL
@derspiegel
·
2019年5月30日","Expansion in Asien: Aldi Süd eröffnet seine erste Filiale in China https://spiegel.de/wirtschaft/unternehmen/aldi-eroeffnet-erste-filiale-in-china-a-1270000.html?utm_source=dlvr.it&utm_medium=%5Bfacebook%5D&utm_campaign=%5Bspontop%5D#ref=rss…
5
13
36",,5,13,36,[],https://twitter.com/derspiegel/status/1133773516963078144
DER SPIEGEL,@derspiegel,2019-05-22T18:23:43.000Z,"DER SPIEGEL
@derspiegel
·
2019年5月23日","Trotz eines weltweiten Verbots wird das Gas Trichlorfluormethan, das die Ozonschicht schädigt, in #China offenbar weiterhin produziert und verwendet.  https://spon.de/afudB
16
33
37",,16,33,37,[],https://twitter.com/derspiegel/status/1131264392971075584
DER SPIEGEL,@derspiegel,2019-06-04T09:33:04.000Z,"DER SPIEGEL
@derspiegel
·
2019年6月4日","Handelsstreit: China warnt vor Reisen in die USA https://spiegel.de/politik/ausland/handelsstreit-china-warnt-vor-reisen-in-die-usa-a-1270727.html?utm_source=dlvr.it&utm_medium=%5Bfacebook%5D&utm_campaign=%5Bspontop%5D#ref=rss…
4
4
14",,4,4,14,[],https://twitter.com/derspiegel/status/1135841890702520320
DER SPIEGEL,@derspiegel,2019-06-05T07:18:05.000Z,"DER SPIEGEL
@derspiegel
·
2019年6月5日","Überwachung in China: 60 Kameras für 500 Meter Straße https://spiegel.de/video/video-99027578.html?utm_source=dlvr.it&utm_medium=%5Bfacebook%5D&utm_campaign=%5Bspontop%5D#ref=rss…
25
18
47",,25,18,47,[],https://twitter.com/derspiegel/status/1136170307687931905
DER SPIEGEL,@derspiegel,2019-06-08T14:55:48.000Z,"DER SPIEGEL
@derspiegel
·
2019年6月8日","WM in Frankreich : Deutschland feiert Auftaktsieg gegen China #GERCHN http://spon.de/afuW4
8
15
111",,8,15,111,[],https://twitter.com/derspiegel/status/1137372662274109441
DER SPIEGEL,@derspiegel,2019-06-08T13:02:38.000Z,"DER SPIEGEL
@derspiegel
·
2019年6月8日","Gleich geht es los! Das erste Spiel der deutschen Nationalmannschaft gegen China im #GERCHN-Liveticker: https://spiegel.de/sport/fussball/fussball-live-liveticker-tabellen-und-statistiken-a-839944.html#contest=wmf&matchday=1&match=4553402…
1
6
34",,1,6,34,[],https://twitter.com/derspiegel/status/1137344183365230598
DER SPIEGEL,@derspiegel,2019-06-14T14:32:37.000Z,"DER SPIEGEL
@derspiegel
·
2019年6月14日","Proteste in Hongkong: China beschwert sich über angebliche Einmischung der USA https://spiegel.de/politik/ausland/proteste-in-hongkong-china-beschwert-sich-ueber-angebliche-einmischung-der-usa-a-1272490.html?utm_source=dlvr.it&utm_medium=%5Bfacebook%5D&utm_campaign=%5Bspontop%5D#ref=rss…
2
1
10",,2,1,10,[],https://twitter.com/derspiegel/status/1139541153101914114
DER SPIEGEL,@derspiegel,2019-06-28T16:25:08.000Z,"DER SPIEGEL
@derspiegel
·
2019年6月29日","Crash-Gefahr: Die Welt schuldet China sechs Billionen Dollar https://spiegel.de/wirtschaft/soziales/china-welt-schuldet-peking-sechs-billionen-dollar-crash-gefahr-a-1274829.html?utm_source=dlvr.it&utm_medium=%5Bfacebook%5D&utm_campaign=%5Bspontop%5D#ref=rss…
13
17
22",,13,17,22,[],https://twitter.com/derspiegel/status/1144642901533532160
DER SPIEGEL,@derspiegel,2019-06-29T06:37:05.000Z,"DER SPIEGEL
@derspiegel
·
2019年6月29日","Provokation im Handelsstreit: Apple will offenbar Mac-Pro-Fertigung nach China verlagern https://spiegel.de/wirtschaft/unternehmen/apple-will-wohl-mac-fertigung-nach-china-verlagern-provokation-im-handelsstreit-a-1274971.html?utm_source=dlvr.it&utm_medium=%5Bfacebook%5D&utm_campaign=%5Bspontop%5D#ref=rss…
3
2
12",,3,2,12,[],https://twitter.com/derspiegel/status/1144857298461839360
DER SPIEGEL,@derspiegel,2019-07-09T05:31:09.000Z,"DER SPIEGEL
@derspiegel
·
2019年7月9日","Nach massiven Protesten hat Hongkongs Regierungschefin beteuert, dass der umstrittene Gesetzentwurf zur Auslieferung beschuldigter Personen an China nicht mehr vorgelegt wird. Formell zurückgezogen ist er aber nicht. https://spon.de/afwdD
4
3
9",,4,3,9,[],https://twitter.com/derspiegel/status/1148464587752312832
DER SPIEGEL,@derspiegel,2019-07-03T14:08:35.000Z,"DER SPIEGEL
@derspiegel
·
2019年7月3日","Handelsstreit: US-Techkonzerne wollen offenbar weniger in China produzieren https://spiegel.de/wirtschaft/unternehmen/us-techkonzerne-wollen-offenbar-produktion-aus-china-verlagern-a-1275619.html?utm_source=dlvr.it&utm_medium=%5Bfacebook%5D&utm_campaign=%5Bspontop%5D#ref=rss…
2
2
5",,2,2,5,[],https://twitter.com/derspiegel/status/1146420474357796864
DER SPIEGEL,@derspiegel,2019-07-22T08:49:10.000Z,"DER SPIEGEL
@derspiegel
·
2019年7月22日","Geostrategie: China soll Geheimvertrag mit Kambodscha über Marinebasis geschlossen haben https://spiegel.de/politik/ausland/china-soll-geheimvertrag-mit-kambodscha-ueber-marinebasis-geschlossen-haben-a-1278369.html?utm_source=dlvr.it&utm_medium=%5Bfacebook%5D&utm_campaign=%5Bspontop%5D#ref=rss…
8
6
9",,8,6,9,[],https://twitter.com/derspiegel/status/1153225459246587904
DER SPIEGEL,@derspiegel,2019-07-29T09:47:08.000Z,"DER SPIEGEL
@derspiegel
·
2019年7月29日","Konflikt mit Inselstaat: China plant Militärmanöver vor Taiwan https://spiegel.de/politik/ausland/china-plant-militaermanoever-vor-taiwan-a-1279464.html?utm_source=dlvr.it&utm_medium=%5Bfacebook%5D&utm_campaign=%5Bspontop%5D#ref=rss…
2
6
5",,2,6,5,[],https://twitter.com/derspiegel/status/1155776763659612160
DER SPIEGEL,@derspiegel,2019-07-24T09:50:11.000Z,"DER SPIEGEL
@derspiegel
·
2019年7月24日","Militärstrategie: China wirft USA Gefährdung der Stabilität in Asien vor https://spiegel.de/politik/ausland/china-wirft-usa-gefaehrdung-der-stabilitaet-in-asien-vor-a-1278734.html?utm_source=dlvr.it&utm_medium=%5Bfacebook%5D&utm_campaign=%5Bspontop%5D#ref=rss…
9
4
14",,9,4,14,[],https://twitter.com/derspiegel/status/1153965592208007168
DER SPIEGEL,@derspiegel,2019-07-26T08:01:31.000Z,"DER SPIEGEL
@derspiegel
·
2019年7月26日","China inszeniert sich im neuen Weißbuch als Nation, ""die den Frieden liebt"" - und droht Taiwan gleichzeitig mit einem gewaltsam durchgesetzten Anschluss. Auch in Hongkong wächst die Sorge vor Pekings Militär.  https://spon.de/afwSO
35
7
23",,35,7,23,[],https://twitter.com/derspiegel/status/1154663019676340224
DER SPIEGEL,@derspiegel,2019-08-16T02:18:05.000Z,"DER SPIEGEL
@derspiegel
·
2019年8月16日","Vor neuen Protesten: China schickt schärfste Warnung an Hongkongs Demonstranten https://spiegel.de/politik/ausland/china-schickt-schaerfste-warnung-an-hongkongs-demonstranten-a-1282180.html?utm_source=dlvr.it&utm_medium=%5Bfacebook%5D&utm_campaign=%5Bspontop%5D#ref=rss…
1
5",,,1,5,[],https://twitter.com/derspiegel/status/1162186737440849920
DER SPIEGEL,@derspiegel,2019-08-14T06:13:46.000Z,"DER SPIEGEL
@derspiegel
·
2019年8月14日","#China geht immer härter gegen Demonstranten in #Hongkong vor. Der Chef des auswärtigen Ausschusses im britischen Parlament schlägt nun einen radikalen Schritt vor. https://spon.de/afxCp
4
13
18",,4,13,18,[],https://twitter.com/derspiegel/status/1161521275761827840
DER SPIEGEL,@derspiegel,2019-08-14T05:33:22.000Z,"DER SPIEGEL
@derspiegel
·
2019年8月14日","China hat nach Angaben aus Washington zwei US-Marineschiffen die Einfahrt in den Hafen von Hongkong untersagt. https://spon.de/afxCv
8
16
16",,8,16,16,[],https://twitter.com/derspiegel/status/1161511108890497025
DER SPIEGEL,@derspiegel,2019-08-14T17:32:06.000Z,"DER SPIEGEL
@derspiegel
·
2019年8月15日","Hongkong-Propaganda: Was China seinen Bürgern erzählt https://spiegel.de/politik/ausland/hongkong-proteste-wie-china-alternative-wirklichkeiten-schafft-a-1281866.html?utm_source=dlvr.it&utm_medium=%5Bfacebook%5D&utm_campaign=%5Bspontop%5D#ref=rss…
11
6
12",,11,6,12,[],https://twitter.com/derspiegel/status/1161691980696412165
DER SPIEGEL,@derspiegel,2019-09-12T17:18:07.000Z,"DER SPIEGEL
@derspiegel
·
2019年9月13日","Nach Kritik aus China: Maas steht zu Wong, die Union zu Maas https://spiegel.de/politik/deutschland/heiko-maas-und-china-cdu-und-csu-stuetzen-aussenminister-und-joshua-wong-a-1286481.html?utm_source=dlvr.it&utm_medium=%5Bfacebook%5D&utm_campaign=%5Bspontop%5D#ref=rss…
8
12
60",,8,12,60,[],https://twitter.com/derspiegel/status/1172197711539363841
DER SPIEGEL,@derspiegel,2019-09-10T10:23:03.000Z,"DER SPIEGEL
@derspiegel
·
2019年9月10日","Wegen Treffen mit Hongkong-Aktivist Wong: China beschwert sich über Maas https://spiegel.de/politik/ausland/hongkong-china-beschwert-sich-ueber-aussenminister-heiko-maas-a-1286071.html?utm_source=dlvr.it&utm_medium=%5Bfacebook%5D&utm_campaign=%5Bspontop%5D#ref=rss…
10
9
8",,10,9,8,[],https://twitter.com/derspiegel/status/1171368481830260736
DER SPIEGEL,@derspiegel,2019-09-20T09:00:58.000Z,"DER SPIEGEL
@derspiegel
·
2019年9月20日","Chinas Städte versinken im Smog, das Land stößt rund ein Viertel der Treibhausgase weltweit aus. Die Umwelt-Expertin Barbara Finamore hält #China dennoch für den wohl wichtigsten Kämpfer gegen die #Klimakrise. Warum? #FridaysForFuture https://spon.de/afy8h
12
23
43",,12,23,43,[],https://twitter.com/derspiegel/status/1174971701643268096
DER SPIEGEL,@derspiegel,2019-10-13T17:33:06.000Z,"DER SPIEGEL
@derspiegel
·
2019年10月14日","Korruptionsverdacht: Biden verteidigt Geschäfte in Ukraine und China https://spiegel.de/politik/ausland/hunter-biden-verteidigt-seine-geschaefte-in-ukraine-und-china-a-1291364.html?utm_source=dlvr.it&utm_medium=%5Bfacebook%5D&utm_campaign=%5Bspontop%5D#ref=rss…
10
4
12",,10,4,12,[],https://twitter.com/derspiegel/status/1183435505544777729
DER SPIEGEL,@derspiegel,2019-10-09T05:02:02.000Z,"DER SPIEGEL
@derspiegel
·
2019年10月9日","Kurz vor neuen Handelsgesprächen: China empört über US-Sanktionen wegen Uiguren https://spiegel.de/politik/ausland/china-ist-empoert-ueber-sanktionen-der-usa-wegen-uiguren-a-1290622.html?utm_source=dlvr.it&utm_medium=%5Bfacebook%5D&utm_campaign=%5Bspontop%5D#ref=rss…
1
3
4",,1,3,4,[],https://twitter.com/derspiegel/status/1181796944588394496
DER SPIEGEL,@derspiegel,2019-10-11T20:08:06.000Z,"DER SPIEGEL
@derspiegel
·
2019年10月12日","Gespräche mit China: Trump verkündet Durchbruch im Handelsstreit https://spiegel.de/wirtschaft/unternehmen/donald-trump-spricht-von-durchbruch-bei-handelsgespraechen-mit-china-a-1291227.html?utm_source=dlvr.it&utm_medium=%5Bfacebook%5D&utm_campaign=%5Bspontop%5D#ref=rss…
3
1
8",,3,1,8,[],https://twitter.com/derspiegel/status/1182749738040356864
DER SPIEGEL,@derspiegel,2019-10-17T21:52:04.000Z,"DER SPIEGEL
@derspiegel
·
2019年10月18日","Liga-Chef äußert sich zum Konflikt: China bat NBA angeblich um die Entlassung von Rockets-Manager https://spiegel.de/sport/basketball/nba-china-bat-liga-angeblich-um-entlassung-von-manager-der-houston-rockets-a-1292115.html?utm_source=dlvr.it&utm_medium=%5Bfacebook%5D&utm_campaign=%5Bspontop%5D#ref=rss…
1
3
3",,1,3,3,[],https://twitter.com/derspiegel/status/1184950227108651009
DER SPIEGEL,@derspiegel,2019-11-05T17:37:06.000Z,"DER SPIEGEL
@derspiegel
·
2019年11月6日","Asien-Reise von Frankreichs Präsident Macron: So muss Europa China begegnen https://spiegel.de/politik/ausland/emmanuel-macron-in-china-nicht-ohne-die-deutschen-a-1294944.html?utm_source=dlvr.it&utm_medium=%5Bfacebook%5D&utm_campaign=%5Bspontop%5D#ref=rss…
1
3
12",,1,3,12,[],https://twitter.com/derspiegel/status/1191771433988313088
DER SPIEGEL,@derspiegel,2019-11-14T11:22:03.000Z,"DER SPIEGEL
@derspiegel
·
2019年11月14日","Peking: Zwei Lungenpestfälle verunsichern China https://spiegel.de/gesundheit/diagnose/lungenpest-zwei-faelle-in-peking-bestaetigt-a-1296399.html?utm_source=dlvr.it&utm_medium=%5Bfacebook%5D&utm_campaign=%5Bspontop%5D#ref=rss…
1
5
10",,1,5,10,[],https://twitter.com/derspiegel/status/1194938540963971072
DER SPIEGEL,@derspiegel,2019-11-08T19:22:06.000Z,"DER SPIEGEL
@derspiegel
·
2019年11月9日","Handelsstreit mit China: Donald Trump will Zollsenkungen nicht zugestimmt haben https://spiegel.de/wirtschaft/soziales/handelsstreit-donald-trump-will-zollsenkungen-nicht-zugestimmt-haben-a-1295648.html?utm_source=dlvr.it&utm_medium=%5Bfacebook%5D&utm_campaign=%5Bspontop%5D#ref=rss…
5
3
5",,5,3,5,[],https://twitter.com/derspiegel/status/1192885021251534849
DER SPIEGEL,@derspiegel,2019-11-24T20:49:05.000Z,"DER SPIEGEL
@derspiegel
·
2019年11月25日","""China Cables"": Datenleak beweist chinesische Internierungslager https://spiegel.de/politik/ausland/china-cables-datenleak-beweist-chinesische-internierungslager-a-1298039.html?utm_source=dlvr.it&utm_medium=%5Bfacebook%5D&utm_campaign=%5Bspontop%5D#ref=rss…
3
15
26",,3,15,26,[],https://twitter.com/derspiegel/status/1198705117593079808
DER SPIEGEL,@derspiegel,2019-11-20T02:31:34.000Z,"DER SPIEGEL
@derspiegel
·
2019年11月20日","Drohung mit Sanktionen: US-Senat stärkt Hongkongs Demonstranten - China reagiert erbost https://spiegel.de/politik/ausland/hongkong-us-senat-staerkt-demonstranten-china-reagiert-erbost-a-1297325.html?utm_source=dlvr.it&utm_medium=%5Bfacebook%5D&utm_campaign=%5Bspontop%5D#ref=rss…
2
3
11",,2,3,11,[],https://twitter.com/derspiegel/status/1196979366762168320
DER SPIEGEL,@derspiegel,2019-11-18T09:49:32.000Z,"DER SPIEGEL
@derspiegel
·
2019年11月18日","Streit mit Washington: China schickt ersten selbstgebauten Flugzeugträger durch Taiwanstraße https://spiegel.de/politik/ausland/china-schickt-ersten-selbstgebauten-flugzeugtraeger-durch-taiwanstrasse-a-1296906.html?utm_source=dlvr.it&utm_medium=%5Bfacebook%5D&utm_campaign=%5Bspontop%5D#ref=rss…
6
5
9",,6,5,9,[],https://twitter.com/derspiegel/status/1196364809874235399
DER SPIEGEL,@derspiegel,2019-12-02T05:36:06.000Z,"DER SPIEGEL
@derspiegel
·
2019年12月2日","Fall Yang Hengjun: Australien beklagt ""inakzeptable Haftbedingungen"" für Journalist in China https://spiegel.de/politik/ausland/australien-beklagt-inakzeptable-haftbedingungen-fuer-yang-hengjun-in-china-a-1299192.html?utm_source=dlvr.it&utm_medium=%5Bfacebook%5D&utm_campaign=%5Bspontop%5D#ref=rss…
1
7",,,1,7,[],https://twitter.com/derspiegel/status/1201374459325640704
DER SPIEGEL,@derspiegel,2019-12-01T14:44:50.000Z,"DER SPIEGEL
@derspiegel
·
2019年12月1日","Telekomfirmen in #China sind künftig verpflichtet, zu jeder Handynummer das Foto des dazugehörigen Kunden zu speichern - die Identität soll eindeutig festzustellen sein. https://spon.de/afB8r
32
665
648",,32,665,648,[],https://twitter.com/derspiegel/status/1201150167862431747
DER SPIEGEL,@derspiegel,2019-12-04T06:30:41.000Z,"DER SPIEGEL
@derspiegel
·
2019年12月4日","Bis zu einer Million #Uiguren sollen in chinesischen Internierungslagern sitzen: Nun hat der US-Kongress das Vorgehen gegen die muslimische Minderheit scharf kritisiert und #China mit Sanktionen gedroht. http://spon.de/afCe9
12
13
29",,12,13,29,[],https://twitter.com/derspiegel/status/1202112973499748354
DER SPIEGEL,@derspiegel,2019-12-02T07:49:33.000Z,"DER SPIEGEL
@derspiegel
·
2019年12月2日","Streit über Hongkong: China verhängt Sanktionen gegen die USA https://spiegel.de/politik/ausland/hongkong-china-verhaengt-sanktionen-gegen-die-usa-a-1299213.html?utm_source=dlvr.it&utm_medium=%5Bfacebook%5D&utm_campaign=%5Bspontop%5D#ref=rss…
1
4
10",,1,4,10,[],https://twitter.com/derspiegel/status/1201408043541417984
DER SPIEGEL,@derspiegel,2019-12-09T12:48:33.000Z,"DER SPIEGEL
@derspiegel
·
2019年12月9日","Wie China alles Ausländische aus Millionen Computern bekommen will: Das Staat-Menü https://spiegel.de/netzwelt/netzpolitik/chinas-behoerden-sollen-nur-chinesische-technik-nutzen-geht-das-a-1300359.html?utm_source=dlvr.it&utm_medium=%5Bfacebook%5D&utm_campaign=%5Bspontop%5D#ref=rss…
1
2
6",,1,2,6,[],https://twitter.com/derspiegel/status/1204020003772616704
DER SPIEGEL,@derspiegel,2019-12-07T04:48:03.000Z,"DER SPIEGEL
@derspiegel
·
2019年12月7日","Kritik via Twitter: Trump will Vergabe von Weltbank-Krediten an China unterbinden https://spiegel.de/wirtschaft/soziales/usa-donald-trump-will-vergabe-von-weltbank-krediten-an-china-unterbinden-a-1300171.html?utm_source=dlvr.it&utm_medium=%5Bfacebook%5D&utm_campaign=%5Bspontop%5D#ref=rss…
9
531
541",,9,531,541,[],https://twitter.com/derspiegel/status/1203174308811431936
DER SPIEGEL,@derspiegel,2019-12-14T10:39:56.000Z,"DER SPIEGEL
@derspiegel
·
2019年12月14日","Mesut #Özil hat sich in sozialen Netzwerken für die in China unterdrückten Uiguren stark gemacht. Nun distanziert sich der FC #Arsenal von seinem Spieler. https://spon.de/afCGw
64
55
105",,64,55,105,[],https://twitter.com/derspiegel/status/1205799576533381121
DER SPIEGEL,@derspiegel,2019-12-09T08:03:34.000Z,"DER SPIEGEL
@derspiegel
·
2019年12月9日","Nach Kritik an Uigurenlagern: China verbittet sich Einmischung der USA https://spiegel.de/politik/ausland/uiguren-china-verbittet-sich-einmischung-der-usa-a-1300314.html?utm_source=dlvr.it&utm_medium=%5Bfacebook%5D&utm_campaign=%5Bspontop%5D#ref=rss…
5
2
7",,5,2,7,[],https://twitter.com/derspiegel/status/1203948285989289984
DER SPIEGEL,@derspiegel,2019-12-22T13:11:39.000Z,"DER SPIEGEL
@derspiegel
·
2019年12月22日","Mit Kundgebungen wollten Hongkonger auf die Lage der Uiguren in China aufmerksam machen - dort werden Hunderttausende Muslime in Lagern festgehalten. Die Polizei beendete den Protest gewaltsam. https://spon.de/afC0H
26
670
661",,26,670,661,[],https://twitter.com/derspiegel/status/1208736860505329665
DER SPIEGEL,@derspiegel,2019-12-18T20:04:18.000Z,"DER SPIEGEL
@derspiegel
·
2019年12月19日","Mesut Özil ist nach seinen Äußerungen zu den in China verfolgten, mehrheitlich muslimischen Uiguren aus der chinesischen Version des bekannten Fußballvideospiels ""Pro Evolution Soccer"" (PES) entfernt worden. https://spon.de/afCSm
72
56
141",,72,56,141,[],https://twitter.com/derspiegel/status/1207391157069721601
