UserScreenName,UserName,Timestamp,Text,Embedded_text,Emojis,Comments,Likes,Retweets,Image link,Tweet URL
DER SPIEGEL,@derspiegel,2012-01-07T13:35:26.000Z,"DER SPIEGEL
@derspiegel
·
2012年1月7日","Protest in #China: Mindestens ein Pro-Tibet Demonstrant hat sich selbst in Brand gesetzt http://spon.de/adyh7 (CvD)
3",,,3,,[],https://twitter.com/derspiegel/status/155643710086983682
DER SPIEGEL,@derspiegel,2012-01-10T16:00:17.000Z,"DER SPIEGEL
@derspiegel
·
2012年1月11日",Sie zertrümmern Kühlschränke oder demolieren Luxuskarossen: unzufriedene Kunden in China http://spon.de/adyeZ #Verbraucherschutz? (vk),,,,,[],https://twitter.com/derspiegel/status/156767324626628610
DER SPIEGEL,@derspiegel,2012-02-14T14:08:02.000Z,"DER SPIEGEL
@derspiegel
·
2012年2月14日",China will Euro-Zone helfen. Van Rompuy fordert einen besseren Zugang für Unternehmen zum chinesischen Markt http://spon.de/adAeC (CvD),,,,,[],https://twitter.com/derspiegel/status/169422652346343426
DER SPIEGEL,@derspiegel,2012-02-04T17:43:23.000Z,"DER SPIEGEL
@derspiegel
·
2012年2月5日","Vollständiger Bericht zur Blockade der #Syrien-Resolution durch #China und #Russland im Uno-Sicherheitsrat http://spon.de/adzLq (CvD)
2",,,2,,[],https://twitter.com/derspiegel/status/165852968829206528
DER SPIEGEL,@derspiegel,2012-01-31T17:24:51.000Z,"DER SPIEGEL
@derspiegel
·
2012年2月1日","Bei ihrer Reise nach China will Angela #Merkel um Investitionen in die klammen #Euro-Staaten werben http://spon.de/adzvW (vk)
1",,,1,,[],https://twitter.com/derspiegel/status/164398750486368256
DER SPIEGEL,@derspiegel,2012-02-19T13:41:13.000Z,"DER SPIEGEL
@derspiegel
·
2012年2月19日","China baut sich sein Silicon Valley. Großes Multimedia-Special über den Aufstieg der chinesischen IT-Branche http://spon.de/adAm3 (CvD)
3",,,3,,[],https://twitter.com/derspiegel/status/171227844217810946
DER SPIEGEL,@derspiegel,2012-03-13T15:57:01.000Z,"DER SPIEGEL
@derspiegel
·
2012年3月13日","Die #BBC zeigt eine #Dokumentation über eine chinesische TV-Show mit #Todeskandidaten http://spon.de/adBFZ (CvD) #Todesstrafe #China
2
2",,,2,2,[],https://twitter.com/derspiegel/status/179596939933917184
DER SPIEGEL,@derspiegel,2012-03-24T14:20:20.000Z,"DER SPIEGEL
@derspiegel
·
2012年3月24日","#Selbstverbrennungen tibetischer Mönche: China macht den Dalai Lama verantwortlich und wirft ihm Nazi-Politik vor http://spon.de/adCoy (CvD)
1
6
1",,1,6,1,[],https://twitter.com/derspiegel/status/183558873473495041
DER SPIEGEL,@derspiegel,2012-03-15T15:03:14.000Z,"DER SPIEGEL
@derspiegel
·
2012年3月15日","#China war der wichtigste Investor im vergangenen Jahr in Deutschland - und liegt damit weit vor den USA http://spon.de/adBSJ (CvD)
4
1",,,4,1,[],https://twitter.com/derspiegel/status/180308176938336257
DER SPIEGEL,@derspiegel,2012-03-13T09:47:00.000Z,"DER SPIEGEL
@derspiegel
·
2012年3月13日","Erneut stirbt aus# Protest gegen #China ein 18-jähriger tibetischer #Mönch bei einer Selbstverbrennung http://spon.de/adBJk (CvD) #Tibet
1
3",,1,3,,[],https://twitter.com/derspiegel/status/179503820517289984
DER SPIEGEL,@derspiegel,2012-04-17T06:29:19.000Z,"DER SPIEGEL
@derspiegel
·
2012年4月17日","Während die USA und Europa bei ihren #Militärausgaben sparen, rüsten China und Russland auf http://spon.de/adDyp (vk)
2
1",,,2,1,[],https://twitter.com/derspiegel/status/192137648062734336
DER SPIEGEL,@derspiegel,2012-04-14T13:20:16.000Z,"DER SPIEGEL
@derspiegel
·
2012年4月14日","#China lockert seine Wechselkurse. Doch das Eingeständnis an die USA dient vor allem dazu, den Dollar anzugreifen http://spon.de/adDq1 (red)
4
1",,,4,1,[],https://twitter.com/derspiegel/status/191153902039740418
DER SPIEGEL,@derspiegel,2012-04-22T10:23:49.000Z,"DER SPIEGEL
@derspiegel
·
2012年4月22日","Die gemeinsame #Militärübung von China und Russland soll kein Seitenhieb in Richtung der #USA sein http://spon.de/adDOV (red)
1",,,1,,[],https://twitter.com/derspiegel/status/194008601235435521
DER SPIEGEL,@derspiegel,2012-03-31T10:19:50.000Z,"DER SPIEGEL
@derspiegel
·
2012年3月31日","Wegen Putschgerüchten hat #China die #Internetzensur weiter verschärft. 300 Millionen User sind betroffen http://spon.de/adCLr (red)
3
2",,,3,2,[],https://twitter.com/derspiegel/status/186035062872096768
DER SPIEGEL,@derspiegel,2012-05-18T10:03:14.000Z,"DER SPIEGEL
@derspiegel
·
2012年5月18日","Strafzölle auf Importe aus China: Die #USA verlangen Extrem-Aufschläge auf Solartechnik http://spon.de/adE39 (red)
4",,,4,,[],https://twitter.com/derspiegel/status/203425505305829377
DER SPIEGEL,@derspiegel,2012-05-10T09:27:22.000Z,"DER SPIEGEL
@derspiegel
·
2012年5月10日","Die Sicherheitskräfte in China gehen nun gegen Angehörige und Helfer von Bürgerrechtler Chen Guangcheng vor http://spon.de/adEHU (red)
1
2",,,1,2,[],https://twitter.com/derspiegel/status/200517374066167808
DER SPIEGEL,@derspiegel,2012-05-29T14:40:01.000Z,"DER SPIEGEL
@derspiegel
·
2012年5月29日","In #China ist ein #Elektroauto nach einem Unfall explodiert. Wie gefährlich sind Lithium-Ionen-Batterien? http://spon.de/adFAg (red)
2",,,2,,[],https://twitter.com/derspiegel/status/207481424574554114
DER SPIEGEL,@derspiegel,2012-05-19T12:37:20.000Z,"DER SPIEGEL
@derspiegel
·
2012年5月19日","#Chen Guangcheng durfte ausreisen, doch andere Bürgerrechtler werden weiter schikaniert. Der Fall stellt #China bloß. http://spon.de/adE63
3",,,3,,[],https://twitter.com/derspiegel/status/203826672376627201
DER SPIEGEL,@derspiegel,2012-05-31T08:14:47.000Z,"DER SPIEGEL
@derspiegel
·
2012年5月31日","Der US-Fotograf Philipp Scholz #Rittermann zeigt in großformatigen Bildern die Kehrseite des Booms in #China http://spon.de/adFzK (red)
3
3",,,3,3,[],https://twitter.com/derspiegel/status/208109255226699776
DER SPIEGEL,@derspiegel,2012-06-26T16:50:21.000Z,"DER SPIEGEL
@derspiegel
·
2012年6月27日","Bald fahren die ersten Elektro-Stadtbusse. Sie kommen nicht von Daimler oder MAN, sondern aus #China http://spon.de/adGTn (red)
1
3
3",,1,3,3,[],https://twitter.com/derspiegel/status/217661084369305602
DER SPIEGEL,@derspiegel,2012-06-03T10:15:53.000Z,"DER SPIEGEL
@derspiegel
·
2012年6月3日","Verrückt! In China haben sie einfach mal so das österreichische Alpendorf #Hallstatt geklont http://spon.de/adFN0 (red)
4
1",,,4,1,[],https://twitter.com/derspiegel/status/209226895798190081
DER SPIEGEL,@derspiegel,2012-06-09T13:03:30.000Z,"DER SPIEGEL
@derspiegel
·
2012年6月9日","Die #USA und #China kämpfen um die Macht in #Asien. Barack Obama geht dabei noch härter vor als George W. Bush http://spon.de/adF7t (red)
1",,,1,,[],https://twitter.com/derspiegel/status/211443403433574401
DER SPIEGEL,@derspiegel,2012-07-23T13:55:02.000Z,"DER SPIEGEL
@derspiegel
·
2012年7月23日",#China plant einen riesigen #Energie-Deal: Der #Ölkonzern #CNOOC will den kanadischen Konkurrenten übernehmen http://spon.de/adId4 (red),,,,,[],https://twitter.com/derspiegel/status/227401437066457089
DER SPIEGEL,@derspiegel,2012-07-16T17:07:34.000Z,"DER SPIEGEL
@derspiegel
·
2012年7月17日","""Nationalistisch und ignorant"": #China wehrt sich gegen #US-Kritik an im Land produzierter #Olympia-Uniformen http://spon.de/adHTJ (red)
2
1",,,2,1,[],https://twitter.com/derspiegel/status/224913174414102532
DER SPIEGEL,@derspiegel,2012-07-11T10:40:43.000Z,"DER SPIEGEL
@derspiegel
·
2012年7月11日","Toller Job? Zensoren in #China müssen alle Internet-Videos gucken. So soll die Jugend vor Pornos geschützt werden http://spon.de/adHFk (red)
1
3
1",,1,3,1,[],https://twitter.com/derspiegel/status/223003881066598400
DER SPIEGEL,@derspiegel,2012-07-20T10:30:36.000Z,"DER SPIEGEL
@derspiegel
·
2012年7月20日","China baut den pakistanischen #Karakorum #Highway aus - ein Beispiel für die #Zukunftsstrategie des Landes http://spon.de/adHMT (red)
1",,,1,,[],https://twitter.com/derspiegel/status/226262825989963776
DER SPIEGEL,@derspiegel,2012-07-20T05:47:28.000Z,"DER SPIEGEL
@derspiegel
·
2012年7月20日",#Solarkrise: #Altmaier droht #China mit Strafzöllen http://spon.de/adH57 (CvD),,,,,[],https://twitter.com/derspiegel/status/226191576404226048
DER SPIEGEL,@derspiegel,2012-07-21T09:30:00.000Z,"DER SPIEGEL
@derspiegel
·
2012年7月21日","Einem #Zeitungsbericht des 
@guardian
 zufolge will #China fünf #AKW in #Großbritannien bauen http://spon.de/adH9q (red) #CNNC
1
2",,,1,2,[],https://twitter.com/derspiegel/status/226609965152997378
DER SPIEGEL,@derspiegel,2012-07-12T16:13:00.000Z,"DER SPIEGEL
@derspiegel
·
2012年7月13日","#China: Der katholische #Priester #Daqin wollte sich der #Staatskontrolle entziehen - jetzt ist er verschwunden  http://spon.de/adHGw (red)
1",,,1,,[],https://twitter.com/derspiegel/status/223449893124055046
DER SPIEGEL,@derspiegel,2012-07-19T15:06:18.000Z,"DER SPIEGEL
@derspiegel
·
2012年7月19日","Schon zum dritten Mal blockieren Russland und China im Uno-Sicherheitsrat Sanktionen gegen Syrien http://spon.de/adH5i (red)
2",,,2,,[],https://twitter.com/derspiegel/status/225969822809354240
DER SPIEGEL,@derspiegel,2012-07-25T08:27:37.000Z,"DER SPIEGEL
@derspiegel
·
2012年7月25日","Nach Ansicht des IWF ist die europäische Schuldenkrise das größte externe Risiko für die Konjunktur in China http://spon.de/adIiS (red)
1",,,1,,[],https://twitter.com/derspiegel/status/228043817171947521
DER SPIEGEL,@derspiegel,2012-07-25T05:31:59.000Z,"DER SPIEGEL
@derspiegel
·
2012年7月25日","Wichtige Themen heute: Karlsruhe gibt Urteil über Wahlrecht-Reform bekannt / IWF legt Bericht zur Wirtschaftslage in China vor (red)
1
2",,1,2,,[],https://twitter.com/derspiegel/status/227999617499942913
DER SPIEGEL,@derspiegel,2012-06-30T17:40:31.000Z,"DER SPIEGEL
@derspiegel
·
2012年7月1日","Als Folge der Ein-Kind-Politik gibt es in #China ca. 20 Millionen mehr Männer als Frauen http://bit.ly/OOX7iN via derstandard.at (red)
2
5
1",,2,5,1,[],https://twitter.com/derspiegel/status/219123262238625792
DER SPIEGEL,@derspiegel,2012-07-01T11:12:42.000Z,"DER SPIEGEL
@derspiegel
·
2012年7月1日","Vor 15 Jahren wurde Hongkong an China zurückgegeben. Wie steht es um die britische Ex-Kolonie? http://bit.ly/LOf93r via 
@tagesschau
 (red)
3
1",,,3,1,[],https://twitter.com/derspiegel/status/219388051187707904
DER SPIEGEL,@derspiegel,2012-08-18T17:45:20.000Z,"DER SPIEGEL
@derspiegel
·
2012年8月19日","Die schönste Frau der Welt kommt aus #China. Tolle Bilder des Schönheitswettbewerbs gibt es hier: http://spon.de/adJu6 (red) #missworld
3
3",,,3,3,[],https://twitter.com/derspiegel/status/236881478221451264
DER SPIEGEL,@derspiegel,2012-08-22T09:15:44.000Z,"DER SPIEGEL
@derspiegel
·
2012年8月22日","Eine chinesische #Studie warnt vor den wachsenden #Einkommensunterschieden auf dem Land http://spon.de/adJEn #China (red)
4",,,4,,[],https://twitter.com/derspiegel/status/238202786565746688
DER SPIEGEL,@derspiegel,2012-08-05T11:12:43.000Z,"DER SPIEGEL
@derspiegel
·
2012年8月5日","In #China sind fast 2000 Menschen bei einer landesweiten Razzia gegen #Medikamentenfälscher verhaftet worden http://spon.de/adIQ (red)
1
4",,1,4,,[],https://twitter.com/derspiegel/status/232071631911124992
DER SPIEGEL,@derspiegel,2012-07-29T12:50:53.000Z,"DER SPIEGEL
@derspiegel
·
2012年7月29日",Die #Erfolgsserie für #China bei #Olympia geht weiter: #Schützin #Wenjun holt die siebte #Medaille http://spon.de/adIvQ (red) #London2012,,,,,[],https://twitter.com/derspiegel/status/229559620157448192
DER SPIEGEL,@derspiegel,2012-08-05T09:30:50.000Z,"DER SPIEGEL
@derspiegel
·
2012年8月5日","In Osten von #China ist es der neueste #Trend, sich mit Skimaske an den Strand zu legen. Warum nur? http://spon.de/adIOW (red)
1
2
1",,1,2,1,[],https://twitter.com/derspiegel/status/232045993829486592
DER SPIEGEL,@derspiegel,2012-08-18T15:20:20.000Z,"DER SPIEGEL
@derspiegel
·
2012年8月18日",Die #Schwellenländer geraten in den Sog der #Eurokrise: In #China und #Russland schwächelt die Wirtschaft http://spon.de/adJp2 (red),,,,,[],https://twitter.com/derspiegel/status/236844987713740800
DER SPIEGEL,@derspiegel,2012-08-05T14:57:44.000Z,"DER SPIEGEL
@derspiegel
·
2012年8月5日","Verdacht auf illegalen #Organhandel: In #China wurden nach einer Großrazzia 137 Menschen festgenommen http://spon.de/adIQ0 (red)
1
1",,1,1,,[],https://twitter.com/derspiegel/status/232128257938575360
DER SPIEGEL,@derspiegel,2012-08-05T17:17:44.000Z,"DER SPIEGEL
@derspiegel
·
2012年8月6日","Machtwechsel in #China? Die Führungsriege hat sich zu einer mehrwöchigen #Geheimtagung zurückgezogen http://spon.de/adIRo (red)
1",,,1,,[],https://twitter.com/derspiegel/status/232163490138316800
DER SPIEGEL,@derspiegel,2012-08-27T11:30:44.000Z,"DER SPIEGEL
@derspiegel
·
2012年8月27日","Deutsche Journalisten in #China bitten Angela Merkel, bei Wen Jiabao für bessere Arbeitsbedingungen zu werben http://spon.de/adJRI (red)
2",,,2,,[],https://twitter.com/derspiegel/status/240048697809965058
DER SPIEGEL,@derspiegel,2012-08-23T14:04:17.000Z,"DER SPIEGEL
@derspiegel
·
2012年8月23日","Amerika bereitet eine große Spähaktion in Ostasien vor. Das neue Radarsystem soll China und #Nordkorea überwachen http://spon.de/adJIY (red)
1",,,1,,[],https://twitter.com/derspiegel/status/238637790710079488
DER SPIEGEL,@derspiegel,2012-09-25T14:30:59.000Z,"DER SPIEGEL
@derspiegel
·
2012年9月25日","Chinas Marine bekommt ihren ersten Flugzeugträger. Die Nachbarn von #China verfolgen die #Aufrüstung argwöhnisch http://spon.de/adLks (red)
2
1",,,2,1,[],https://twitter.com/derspiegel/status/250603307171713025
DER SPIEGEL,@derspiegel,2012-09-02T14:26:49.000Z,"DER SPIEGEL
@derspiegel
·
2012年9月2日","Schiff auf Patrouillenfahrt, aber kein Landgang: #Japan und #China streiten weiterhin um die #Senkaku-Inseln http://spon.de/adKbi (red)",,,,,[],https://twitter.com/derspiegel/status/242267339515650048
DER SPIEGEL,@derspiegel,2012-09-14T12:08:31.000Z,"DER SPIEGEL
@derspiegel
·
2012年9月14日","In China sind werksneue Computer mit gefälschten #Windows-Versionen und vorinstallierter #Malware auf dem Markt http://spon.de/adKMT (red)
2",,,2,,[],https://twitter.com/derspiegel/status/246581189996077056
DER SPIEGEL,@derspiegel,2012-09-19T12:35:53.000Z,"DER SPIEGEL
@derspiegel
·
2012年9月19日","Inselstreit zwischen #China und #Japan: Der künftige KP-Chef Xi Jinping fordert Tokio zur Mäßigung auf http://spon.de/adK10 (red)
1",,,,1,[],https://twitter.com/derspiegel/status/248400017797296130
DER SPIEGEL,@derspiegel,2012-09-15T06:16:38.000Z,"DER SPIEGEL
@derspiegel
·
2012年9月15日",Der seit zwei Wochen verschwundene chinesische Vizepräsident Xi #Jinping hat sich öffentlich gezeigt http://spon.de/adKP0 #China (red),,,,,[],https://twitter.com/derspiegel/status/246855021537415168
DER SPIEGEL,@derspiegel,2012-08-28T14:38:35.000Z,"DER SPIEGEL
@derspiegel
·
2012年8月28日","#Kanzlerin #Merkel will in #China um Hilfe in der #Eurokrise werben http://spon.de/adJXq (red)
3
1",,,3,1,[],https://twitter.com/derspiegel/status/240458360221224961
DER SPIEGEL,@derspiegel,2012-09-02T16:19:50.000Z,"DER SPIEGEL
@derspiegel
·
2012年9月3日","#China Labor Watch wirft #Samsung vor, in einigen Fabriken systematisch #Kinderarbeit zu organisieren http://spon.de/adKbI #SPIEGEL (red)
7
1",,,7,1,[],https://twitter.com/derspiegel/status/242295779291701248
DER SPIEGEL,@derspiegel,2012-09-18T07:17:26.000Z,"DER SPIEGEL
@derspiegel
·
2012年9月18日","Streit zwischen #Japan und #China: Die Krise um acht unbewohnte Inseln im Ostchinesischen Meer spitzt sich zu http://spon.de/adKVo (vk)
1
1",,,1,1,[],https://twitter.com/derspiegel/status/247957486894723072
DER SPIEGEL,@derspiegel,2012-09-26T07:25:16.000Z,"DER SPIEGEL
@derspiegel
·
2012年9月26日","Inselstreit zwischen #Japan und China: #Toyota, #Nissan und Suzuki fahren ihre Fertigung in #China zurück http://spon.de/adLmt (red)
2",,,2,,[],https://twitter.com/derspiegel/status/250858560077045760
DER SPIEGEL,@derspiegel,2012-09-23T13:03:56.000Z,"DER SPIEGEL
@derspiegel
·
2012年9月23日","Streit um die Inselgruppe verschärft sich: Jetzt sagte #China eine Feier mit #Japan ab http://spon.de/adLdK (red)
3",,,3,,[],https://twitter.com/derspiegel/status/249856624578138112
DER SPIEGEL,@derspiegel,2012-09-17T09:46:39.000Z,"DER SPIEGEL
@derspiegel
·
2012年9月17日","Die #USA schalten sich in den Streit zwischen China und Japan um die #Senkaku-Inseln ein http://spon.de/adKTn (red)
2",,,2,,[],https://twitter.com/derspiegel/status/247632649500368896
DER SPIEGEL,@derspiegel,2012-09-17T05:36:50.000Z,"DER SPIEGEL
@derspiegel
·
2012年9月17日","Streit um #Inselgruppe: Japanische Firmen stoppen Produktion in #China http://spon.de/adKSZ (CvD)
1",,,1,,[],https://twitter.com/derspiegel/status/247569782960967680
DER SPIEGEL,@derspiegel,2012-09-14T08:09:41.000Z,"DER SPIEGEL
@derspiegel
·
2012年9月14日","Der Streit mit Japan um die Senkaku-Inseln verschärft sich - #China schickt Militärschiffe in japanische Gewässer http://spon.de/adKMo (vk)
6",,,6,,[],https://twitter.com/derspiegel/status/246521083761680384
DER SPIEGEL,@derspiegel,2012-09-20T12:42:00.000Z,"DER SPIEGEL
@derspiegel
·
2012年9月20日","#China will Waffengeschäfte mit der EU - das Embargo soll aufgehoben werden, fordert Wen #Jiabao in Brüssel http://spon.de/adK5X (red)
2",,,2,,[],https://twitter.com/derspiegel/status/248763942732718080
DER SPIEGEL,@derspiegel,2012-10-26T16:09:57.000Z,"DER SPIEGEL
@derspiegel
·
2012年10月27日","Nach dem US-Bericht über das Vermögen von #WenJiabao und Familie schlägt #China mit radikaler Zensur zurück http://spon.de/adMQB (red)
7",,,7,,[],https://twitter.com/derspiegel/status/261862239890452480
DER SPIEGEL,@derspiegel,2012-10-11T05:27:06.000Z,"DER SPIEGEL
@derspiegel
·
2012年10月11日","Wichtig heute: Verleihung des Literatur-#Nobelpreis | #Merkel trifft #Orban und #Barroso | #Westerwelle in China http://spon.de/adL2g (vk)
5
4",,,5,4,[],https://twitter.com/derspiegel/status/256264642907762688
DER SPIEGEL,@derspiegel,2012-10-25T17:17:58.000Z,"DER SPIEGEL
@derspiegel
·
2012年10月26日","Bei uns umjubelt, in China verboten: Ai Weiweis ""Gangnam Style""-Parodie bei #Youtube http://spon.de/adMNb (mh)
1
4
6",,1,4,6,[],https://twitter.com/derspiegel/status/261516965993127936
DER SPIEGEL,@derspiegel,2012-10-26T07:18:57.000Z,"DER SPIEGEL
@derspiegel
·
2012年10月26日","Wen Jiabao soll ein armer Bauernsohn bleiben. Deswegen soll niemand in China wissen, dass er über 2,7 Mrd $ verfügt http://spon.de/adMNP
4
4",,,4,4,[],https://twitter.com/derspiegel/status/261728609239175168
DER SPIEGEL,@derspiegel,2012-11-11T07:48:53.000Z,"DER SPIEGEL
@derspiegel
·
2012年11月11日","#Russland forciert einen Kurswechsel in der Außenpolitik: Putins Pakt mit China http://spon.de/adNi1 (red) #Putin
8",,,8,,[],https://twitter.com/derspiegel/status/267534345185677312
DER SPIEGEL,@derspiegel,2012-11-22T07:02:19.000Z,"DER SPIEGEL
@derspiegel
·
2012年11月22日","Die Journalisten Simone Utler und Dong Bo reisen 3 Wochen durch Deutschland und China. Ein Erlebnisbericht http://spon.de/adNk6 (mh)
2
1",,,2,1,[],https://twitter.com/derspiegel/status/271508895963422720
DER SPIEGEL,@derspiegel,2012-11-01T10:32:09.000Z,"DER SPIEGEL
@derspiegel
·
2012年11月1日","Umbrüche für die #KP in #China: Das Volk will mehr Freiheit und Sicherheit, nicht nur wirtschaftliches Wachstum http://spon.de/adM1u (red)
4
1",,,4,1,[],https://twitter.com/derspiegel/status/263951555546472448
DER SPIEGEL,@derspiegel,2012-11-12T08:49:12.000Z,"DER SPIEGEL
@derspiegel
·
2012年11月12日","Die Spitze der #KP in #China will ausländischen Investoren den Zugang zum chinesischen Kapitalmarkt erleichtern http://spon.de/adNBF (red)
3
1",,,3,1,[],https://twitter.com/derspiegel/status/267911912749150209
DER SPIEGEL,@derspiegel,2012-11-15T08:55:17.000Z,"DER SPIEGEL
@derspiegel
·
2012年11月15日","Der innerste Zirkel der KP besteht nun aus sieben Männern, angeführt vom charmanten Xi Jinping http://spon.de/adNNE #China (vk)
2
1",,,2,1,[],https://twitter.com/derspiegel/status/269000609703817219
DER SPIEGEL,@derspiegel,2012-11-01T11:42:57.000Z,"DER SPIEGEL
@derspiegel
·
2012年11月1日","Er kritisierte die #KP in #China und gründete eine eigene Partei. Nun geht der 27-Jährige für acht Jahre in Haft http://spon.de/adM6y (red)
2",,,2,,[],https://twitter.com/derspiegel/status/263969371381178368
DER SPIEGEL,@derspiegel,2012-11-19T08:13:07.000Z,"DER SPIEGEL
@derspiegel
·
2012年11月19日","Niedliche Pandas sind in der freien Wildbahn gar nicht so leicht zu finden. Urlauber versuchen in #China ihr Glück http://spon.de/adNOM (vk)
2",,,2,,[],https://twitter.com/derspiegel/status/270439550105575424
DER SPIEGEL,@derspiegel,2012-10-27T07:10:26.000Z,"DER SPIEGEL
@derspiegel
·
2012年10月27日","Der Hoffnungsträger ist zum Problem geworden: Der Volkskongress in #China hat Bo #Xilai die Immunität entzogen http://spon.de/adMNQ (red)
1",,,1,,[],https://twitter.com/derspiegel/status/262088851248529409
DER SPIEGEL,@derspiegel,2012-11-09T15:15:02.000Z,"DER SPIEGEL
@derspiegel
·
2012年11月9日",Laut einer #OECD-Prognose fällt #Deutschland als Wirtschaftsmacht zurück - an die Spitze drängt #China http://spon.de/adNxc (red),,,,,[],https://twitter.com/derspiegel/status/266921847503855616
DER SPIEGEL,@derspiegel,2012-11-08T00:20:56.000Z,"DER SPIEGEL
@derspiegel
·
2012年11月8日","Machtwechsel in #China: Abschied der Unerbittlichen beim KP-Parteitag in Peking http://spon.de/adNpc (CvD)
2",,,2,,[],https://twitter.com/derspiegel/status/266334451599040513
DER SPIEGEL,@derspiegel,2012-11-12T10:59:18.000Z,"DER SPIEGEL
@derspiegel
·
2012年11月12日",Parteitag der #KP in #China: Der Noch-Staatschef #Hu Jintao soll auch das Militär-Oberkommando abgeben http://spon.de/adNCe (red),,,,,[],https://twitter.com/derspiegel/status/267944653846884352
DER SPIEGEL,@derspiegel,2012-11-13T07:23:13.000Z,"DER SPIEGEL
@derspiegel
·
2012年11月13日","#China läutet mit dem Parteitag der #KP den Machtwechsel ein - auf Hu soll Xi Jinping folgen http://spon.de/adNC0 (red)
1",,,,1,[],https://twitter.com/derspiegel/status/268252661697089536
DER SPIEGEL,@derspiegel,2012-11-14T07:05:32.000Z,"DER SPIEGEL
@derspiegel
·
2012年11月14日","Die Macht in #China ist übergeben. Zum Abschluss des Parteitags der #KP wurde ein neues Zentralkomitee bestimmt http://spon.de/adNJU (vk)
1",,,,1,[],https://twitter.com/derspiegel/status/268610599225806849
DER SPIEGEL,@derspiegel,2012-11-01T08:13:19.000Z,"DER SPIEGEL
@derspiegel
·
2012年11月1日","Nachdem das Wachstum des BIP zuletzt sehr tief gefallen war, keimt In #China Hoffnung auf eine Trendwende auf http://spon.de/adM5r (vk)
1",,,1,,[],https://twitter.com/derspiegel/status/263916615492575233
DER SPIEGEL,@derspiegel,2012-11-08T14:02:07.000Z,"DER SPIEGEL
@derspiegel
·
2012年11月8日","Mehrere Selbstverbrennungen von Tibetern überschatten den Auftakt des Parteitags der KP in #China http://spon.de/adNto (red)
2
1",,,2,1,[],https://twitter.com/derspiegel/status/266541110682329088
DER SPIEGEL,@derspiegel,2012-11-08T06:45:23.000Z,"DER SPIEGEL
@derspiegel
·
2012年11月8日","Heute wichtig: Kommunistischen Partei in #China tagt - Premier und Staatschef werden ersetzt | Neuer Zukunftsplan für #Commerzbank (red)
1
1",,,1,1,[],https://twitter.com/derspiegel/status/266431202213392385
DER SPIEGEL,@derspiegel,2012-10-30T12:39:03.000Z,"DER SPIEGEL
@derspiegel
·
2012年10月30日","Zwei Luftpolster in den USA, nur eines in China: #Nike polstert Schuhe mit zweierlei Maß http://bit.ly/Su4I5z via 
@wirtStandardat
 (red)
1
1
2",,1,1,2,[],https://twitter.com/derspiegel/status/263258713794674689
DER SPIEGEL,@derspiegel,2012-12-21T10:51:49.000Z,"DER SPIEGEL
@derspiegel
·
2012年12月21日","Was tun mit dem Zahnstocher? ""Guten Appetit"" sagen. Studenten aus Kamerun, China und Iran lernen den #Tischknigge http://spon.de/adOMz (vk)
2
2",,,2,2,[],https://twitter.com/derspiegel/status/282075897970962433
DER SPIEGEL,@derspiegel,2012-12-24T17:20:05.000Z,"DER SPIEGEL
@derspiegel
·
2012年12月25日","355 Verdächtige, 89 gerettete #Kinder: Chinas Polizei hat mehrere Ringe von Kinderhändlern gesprengt http://spon.de/adPGN (red) #China
1
5
2",,1,5,2,[],https://twitter.com/derspiegel/status/283260772610605056
DER SPIEGEL,@derspiegel,2012-12-04T09:51:34.000Z,"DER SPIEGEL
@derspiegel
·
2012年12月4日","#China und #Südkorea schmieden eine Allianz gegen den Dollar und wollen verstärkt auf Yuan und Won zurückgreifen http://spon.de/adOHu (vk)
1
2",,,1,2,[],https://twitter.com/derspiegel/status/275900140382990336
DER SPIEGEL,@derspiegel,2012-11-30T06:56:46.000Z,"DER SPIEGEL
@derspiegel
·
2012年11月30日","Moin! Heute wichtig: #Griechenlandhilfen | Weltbankchef in #China | Eurostat zur Arbeitslosigkeit http://spon.de/adOvh (red)
1
1",,,1,1,[],https://twitter.com/derspiegel/status/274406598967967744
DER SPIEGEL,@derspiegel,2012-12-25T10:09:22.000Z,"DER SPIEGEL
@derspiegel
·
2012年12月25日","Egal, ob in China, Indien, Indonesien, Afghanistan, Chile, oder im Westjordanland, es #weihnachtet sehr http://spon.de/fxVy (red)
1
1
1",,1,1,1,[],https://twitter.com/derspiegel/status/283514768193622016
DER SPIEGEL,@derspiegel,2012-11-29T11:55:01.000Z,"DER SPIEGEL
@derspiegel
·
2012年11月29日","#Hipster werden in #China Cháo genannt, und wer cool aussieht, ist einfach kù. Weiter Modevokabeln gibt es hier http://bit.ly/MB6MHX (red)
3",,,3,,[],https://twitter.com/derspiegel/status/274119268185034754
DER SPIEGEL,@derspiegel,2012-12-03T12:03:56.000Z,"DER SPIEGEL
@derspiegel
·
2012年12月3日","Autoritäre Staaten wie China und Russland wollen mit Hilfe einer Uno-Organisation das Internet kontrollieren http://spon.de/adODD (mh) #ITU
1
6",,1,6,,[],https://twitter.com/derspiegel/status/275571064610889728
DER SPIEGEL,@derspiegel,2012-12-15T09:30:26.000Z,"DER SPIEGEL
@derspiegel
·
2012年12月15日","Auf unserem Satellitenbild der Woche ist so gut wie nichts zu erkennen: Es zeigt #Smog über dem Osten von #China http://spon.de/adPgF (red)
2",,,,2,[],https://twitter.com/derspiegel/status/279881089491812352
DER SPIEGEL,@derspiegel,2012-12-22T12:29:03.000Z,"DER SPIEGEL
@derspiegel
·
2012年12月22日","Keine Drinks, keine Luxushotels, nicht mal Blumen: in #China will die #KP die Exzesse hoher Militärs unterbinden http://spon.de/adPEj (red)
1",,,1,,[],https://twitter.com/derspiegel/status/282462754906963968
DER SPIEGEL,@derspiegel,2012-11-26T15:22:31.000Z,"DER SPIEGEL
@derspiegel
·
2012年11月26日","#Weixin ist ein neues soziales Netzwerk made in China, dessen Nutzerzahl rapide steigt. Konkurrenz für #Facebook? http://spon.de/adOcz (red)
2",,,2,,[],https://twitter.com/derspiegel/status/273084326445473792
