UserScreenName,UserName,Timestamp,Text,Embedded_text,Emojis,Comments,Likes,Retweets,Image link,Tweet URL
DER SPIEGEL,@derspiegel,2014-01-02T17:12:08.000Z,"DER SPIEGEL
@derspiegel
·
2014年1月3日","Skandal: Bei Wal-Mart in China wurde Fuchsfleisch im ""Five Spice Donkey Meat"" gefunden http://spon.de/ad66G (pl)
6
12
4",,6,12,4,[],https://twitter.com/derspiegel/status/418791833003495425
DER SPIEGEL,@derspiegel,2014-01-14T07:20:26.000Z,"DER SPIEGEL
@derspiegel
·
2014年1月14日",".
@BBCNews
 hat in China die weltgrößte Schweinefarm besucht, in der industriell geklont wird http://bbc.in/1aYI5gd (mh)
1
8
3",,1,8,3,[],https://twitter.com/derspiegel/status/422991580731932673
DER SPIEGEL,@derspiegel,2014-01-15T15:39:28.000Z,"DER SPIEGEL
@derspiegel
·
2014年1月15日","Blogs über das Reisen schreibt doch jeder. Jake Gaba filmte sich stattdessen beim Tanzen quer durch China http://bit.ly/L3QYib (red)
1
3
2",,1,3,2,[],https://twitter.com/derspiegel/status/423479554556977152
DER SPIEGEL,@derspiegel,2014-01-22T08:40:38.000Z,"DER SPIEGEL
@derspiegel
·
2014年1月22日","China blockiert Berichte über die Geldtransfers der Elite #OffshoreLeaks #Zensur http://spon.de/ad7Xj (red)
2
5
2",,2,5,2,[],https://twitter.com/derspiegel/status/425910867469672448
DER SPIEGEL,@derspiegel,2014-01-26T10:11:44.000Z,"DER SPIEGEL
@derspiegel
·
2014年1月26日","Ein Gericht in #China verurteilt den führenden Bürgerrechtler Xu Zhiyong  zu vier Jahren Haft http://spon.de/ad79t (red)
1
5
2",,1,5,2,[],https://twitter.com/derspiegel/status/427383345693982722
DER SPIEGEL,@derspiegel,2014-01-20T15:32:36.000Z,"DER SPIEGEL
@derspiegel
·
2014年1月20日","#China will mehr Eigenständigkeit - und lässt deswegen ein eigenes Betriebssystem entwickeln http://spon.de/ad7Ld (red)
1
6
1",,1,6,1,[],https://twitter.com/derspiegel/status/425289764678291456
DER SPIEGEL,@derspiegel,2014-01-16T10:57:29.000Z,"DER SPIEGEL
@derspiegel
·
2014年1月16日","Rekord bei Firmen-Übernahmen: Chinesische Investoren sind in Deutschland gern gesehene Gäste http://spon.de/ad7G0 #China (red)
1",,,1,,[],https://twitter.com/derspiegel/status/423770980347949056
DER SPIEGEL,@derspiegel,2014-01-30T07:17:50.000Z,"DER SPIEGEL
@derspiegel
·
2014年1月30日","Kritische Berichterstattung ist in China nicht gefragt, ein Reporter der 
@nytimes
 musste ausreisen http://spon.de/ad8k3 (red)
7
1",,,7,1,[],https://twitter.com/derspiegel/status/428789132278505472
DER SPIEGEL,@derspiegel,2014-02-13T16:25:12.000Z,"DER SPIEGEL
@derspiegel
·
2014年2月14日","Historischer Triumph: Zhang-Hong hat in #Sotschi das erste Eisschnelllauf-Gold für China  geholt http://spon.de/aeaar #Sochi2014 (red)
1
1",,,1,1,[],https://twitter.com/derspiegel/status/434000311800176640
DER SPIEGEL,@derspiegel,2014-02-11T12:12:09.000Z,"DER SPIEGEL
@derspiegel
·
2014年2月11日","Erstmals seit 65 Jahren reden #China und #Taiwan wieder auf Regierungsebene miteinander http://spon.de/ad9ZW (red)
1
1
4",,1,1,4,[],https://twitter.com/derspiegel/status/433211853255106560
DER SPIEGEL,@derspiegel,2014-02-27T10:39:33.000Z,"DER SPIEGEL
@derspiegel
·
2014年2月27日","Im Streit um die #Ukraine mischt jetzt auch #China mit und unterstellt dem Westen Kalte-Kriegs-Mentalität http://spon.de/aeaQg (red)
7
15
9",,7,15,9,[],https://twitter.com/derspiegel/status/438986755149029377
DER SPIEGEL,@derspiegel,2014-02-22T08:20:25.000Z,"DER SPIEGEL
@derspiegel
·
2014年2月22日","US-Präsident Barack #Obama hat den Dalai Lama im Weißen Haus empfangen - den Drohungen aus China zum Trotz  http://spon.de/aeaBE (red)
2
8
9",,2,8,9,[],https://twitter.com/derspiegel/status/437139802912075776
DER SPIEGEL,@derspiegel,2014-02-21T10:08:29.000Z,"DER SPIEGEL
@derspiegel
·
2014年2月21日","Barack Obama empfängt heute einen Besuch im Weißen Haus, der China erneut sehr verärgert http://spon.de/aeax9 (mh)
5
5",,,5,5,[],https://twitter.com/derspiegel/status/436804612981796864
DER SPIEGEL,@derspiegel,2014-02-25T07:59:29.000Z,"DER SPIEGEL
@derspiegel
·
2014年2月25日","Wegen des Smogs in #China rufen die Behörden dort die Warnstufe Orange für 400 Millionen Menschen aus http://spon.de/aeaIy (red)
2
9
4",,2,9,4,[],https://twitter.com/derspiegel/status/438221700006559744
DER SPIEGEL,@derspiegel,2014-02-25T13:26:30.000Z,"DER SPIEGEL
@derspiegel
·
2014年2月25日","RT 
@SPIEGEL_Wissen
: Es zieht sich zu in #China: Behörden rufen Warnstufe Orange für 400 Millionen Menschen aus http://spon.de/aeaIy #Smog
2
11
5",,2,11,5,[],https://twitter.com/derspiegel/status/438303994264293377
DER SPIEGEL,@derspiegel,2014-02-22T10:10:25.000Z,"DER SPIEGEL
@derspiegel
·
2014年2月22日","Die Korruptionsermittlungen in #China weiten sich aus. Der frühere Sicherheitschef Pekings wurde festgenommen http://spon.de/aeaBI (red)
6
5",,,6,5,[],https://twitter.com/derspiegel/status/437167486123782144
DER SPIEGEL,@derspiegel,2014-02-26T12:15:31.000Z,"DER SPIEGEL
@derspiegel
·
2014年2月26日","In China ist der Smog ein anerkanntes Problem – das Leben mit der Luftverschmutzung sehr bedrückend http://spon.de/aeaMU (red)
4
3",,,4,3,[],https://twitter.com/derspiegel/status/438648520258514948
DER SPIEGEL,@derspiegel,2014-02-15T13:40:37.000Z,"DER SPIEGEL
@derspiegel
·
2014年2月15日","Beim Besuch des US-Außenministers Kerry kündigt #China mehr Druck auf #Nordkorea an http://spon.de/aeaf7 (red)
2
3",,,2,3,[],https://twitter.com/derspiegel/status/434683668083118080
DER SPIEGEL,@derspiegel,2014-02-26T14:37:31.000Z,"DER SPIEGEL
@derspiegel
·
2014年2月26日","Vor 20 Jahren wurde dem Bau einer Hochgeschwindigkeitsstrecke zugestimmt. Heute fährt der #Transrapid in China http://bit.ly/1gC4h35 (red)
3
3
2",,3,3,2,[],https://twitter.com/derspiegel/status/438684256265465857
DER SPIEGEL,@derspiegel,2014-02-15T18:57:41.000Z,"DER SPIEGEL
@derspiegel
·
2014年2月16日","China hat den Goldenen Bären bei der 64. #Berlinale gewonnen. Der Preis ging an den Krimi ""Bai Ri Yan Huo"" http://spon.de/aeag5 (red)
1
7",,1,7,,[],https://twitter.com/derspiegel/status/434763463793987584
DER SPIEGEL,@derspiegel,2014-02-26T16:17:31.000Z,"DER SPIEGEL
@derspiegel
·
2014年2月27日","RT 
@SPIEGEL_Wissen
: Wetterwende in China: Genosse Nordwestwind vertreibt den #Smog http://spon.de/aeaOQ #Peking #Wetter
1",,1,,,[],https://twitter.com/derspiegel/status/438709423007997952
DER SPIEGEL,@derspiegel,2014-03-09T18:26:48.000Z,"DER SPIEGEL
@derspiegel
·
2014年3月10日","#China testet jetzt eine Anti-Smog-#Drohne, um die #Luftverschmutzung zu bekämpfen http://spon.de/aebiS (red)
4
3",,,4,3,[],https://twitter.com/derspiegel/status/442728221222531073
DER SPIEGEL,@derspiegel,2014-03-14T15:49:55.000Z,"DER SPIEGEL
@derspiegel
·
2014年3月14日","Die Behörden in #China sollen Dutzende Nutzer der Messenger-App #WeChat blockiert haben http://spon.de/aebx4 (red)
2
2
3",,2,2,3,[],https://twitter.com/derspiegel/status/444500680883986433
DER SPIEGEL,@derspiegel,2014-03-13T11:13:06.000Z,"DER SPIEGEL
@derspiegel
·
2014年3月13日","Im Rahmen einer Datenschutz-Offensive hat #Google damit begonnen, Suchanfragen aus China zu verschlüsseln http://spon.de/aebtR (red)
3
4",,,3,4,[],https://twitter.com/derspiegel/status/444068628586303488
DER SPIEGEL,@derspiegel,2014-03-03T10:57:38.000Z,"DER SPIEGEL
@derspiegel
·
2014年3月3日","Die Menschenrechtsaktivisten 
@CHRDnet
 beklagen ein ""alptraumhaftes Jahr"" in #China http://spon.de/aea0x (red)
2
1
1",,2,1,1,[],https://twitter.com/derspiegel/status/440440861113847808
DER SPIEGEL,@derspiegel,2014-03-11T13:58:50.000Z,"DER SPIEGEL
@derspiegel
·
2014年3月11日","Flexiblere Zinsen und Wechselkurse: China verspricht eine rasche Reform des Finanzsektors http://spon.de/aebnF (red)
1",,,1,,[],https://twitter.com/derspiegel/status/443385563551240192
DER SPIEGEL,@derspiegel,2014-03-03T21:10:39.000Z,"DER SPIEGEL
@derspiegel
·
2014年3月4日","China will durch die Übernahme des US-Models sein Fleischproblem lösen. Kann es so einfach sein? http://bit.ly/NMtY8x via 
@guardian
 (red)
3
2
4",,3,2,4,[],https://twitter.com/derspiegel/status/440595130911698944
DER SPIEGEL,@derspiegel,2014-03-25T16:15:11.000Z,"DER SPIEGEL
@derspiegel
·
2014年3月26日","""Bank run"" in #China. Wegen angeblicher Zahlungsnöte haben Hunderte Kunden ihre Konten geleert http://spon.de/aeb45 (red)
1
3",,1,3,,[],https://twitter.com/derspiegel/status/448493307862069249
DER SPIEGEL,@derspiegel,2014-03-28T19:10:16.000Z,"DER SPIEGEL
@derspiegel
·
2014年3月29日","Das haben #Deutschland und #China zur wirtschaftlichen Zusammenarbeit vereinbart. Einen Überblick findet Ihr hier: http://spon.de/aecgm(red)
6
3",,,6,3,[],https://twitter.com/derspiegel/status/449624530764304385
DER SPIEGEL,@derspiegel,2014-03-22T10:55:06.000Z,"DER SPIEGEL
@derspiegel
·
2014年3月22日","Laut malaysischen Behörden will #China mögliche #MH370-Trümmer im südlichen #Flugkorridor gesichtet haben http://spon.de/aebWy (red)
3
4",,,3,4,[],https://twitter.com/derspiegel/status/447325592879235072
DER SPIEGEL,@derspiegel,2014-03-18T07:25:00.000Z,"DER SPIEGEL
@derspiegel
·
2014年3月18日","Die Ermittler weiten die Suche nach der vermissten Boeing des Fluges MH370 auf China aus http://spon.de/aebId (red)
3
4
3",,3,4,3,[],https://twitter.com/derspiegel/status/445823166435168258
DER SPIEGEL,@derspiegel,2014-03-17T07:38:59.000Z,"DER SPIEGEL
@derspiegel
·
2014年3月17日","China hat seine Rolle im internationalen #Waffenhandel weiter gestärkt http://spon.de/aebC2 (red)
3
7
2",,3,7,2,[],https://twitter.com/derspiegel/status/445464296009388032
DER SPIEGEL,@derspiegel,2014-03-28T16:46:16.000Z,"DER SPIEGEL
@derspiegel
·
2014年3月29日","China und Deutschland stärken ihre strategische Zusammenarbeit. Verträge über Kooperationen wurden geschlossen http://spon.de/aecfC (red)
3
4
3",,3,4,3,[],https://twitter.com/derspiegel/status/449588290794946560
DER SPIEGEL,@derspiegel,2014-03-22T07:28:04.000Z,"DER SPIEGEL
@derspiegel
·
2014年3月22日","Australien weitet das Suchgebiet der verschollenen Boeing #MH370 aus. China und Japan senden Schiffe zur Hilfe http://spon.de/aebWn (red)
7
2",,,7,2,[],https://twitter.com/derspiegel/status/447273489842851840
DER SPIEGEL,@derspiegel,2014-03-20T13:48:04.000Z,"DER SPIEGEL
@derspiegel
·
2014年3月20日","Wie sieht man aus nachdem man ein Jahr lang zu Fuß durch China marschierte? Vielleicht so http://read.bi/1dr0QdB via 
@businessinsider
 (red)
2
5
3",,2,5,3,[],https://twitter.com/derspiegel/status/446644342711521280
DER SPIEGEL,@derspiegel,2014-03-29T15:18:17.000Z,"DER SPIEGEL
@derspiegel
·
2014年3月29日","Im Streit um zwei Inselgruppen im Südchinesischen Meer hat die philippinische Marine den Rivalen China düpiert http://spon.de/aechD (red)
2
1",,,2,1,[],https://twitter.com/derspiegel/status/449928538708115457
DER SPIEGEL,@derspiegel,2014-03-19T10:22:02.000Z,"DER SPIEGEL
@derspiegel
·
2014年3月19日","Aus Protest gegen ein Handelsabkommen mit #China haben Hunderte Demonstranten das Parlament in Taiwan blockiert http://spon.de/aebM3 (red)
3",,,3,,[],https://twitter.com/derspiegel/status/446230105090564098
DER SPIEGEL,@derspiegel,2014-03-23T13:31:08.000Z,"DER SPIEGEL
@derspiegel
·
2014年3月23日","Bei einer Rede in #China hat sich 
@Flotus
 für das universelle Recht auf Redefreiheit eingesetzt http://lat.ms/1eB2j4T v 
@latimes
 (red)
4",,,4,,[],https://twitter.com/derspiegel/status/447727246149574656
DER SPIEGEL,@derspiegel,2014-04-13T13:48:32.000Z,"DER SPIEGEL
@derspiegel
·
2014年4月13日","Der Kredit-Boom in #China geht zu Ende. Nun steht der Wirtschaft eine harte Landung bevor http://spon.de/aecY4 (red)
8
2",,,8,2,[],https://twitter.com/derspiegel/status/455341768834576385
DER SPIEGEL,@derspiegel,2014-04-08T14:25:13.000Z,"DER SPIEGEL
@derspiegel
·
2014年4月8日","Fossilienfund in China zeigt ältestes bekanntes Herz-Kreislauf-System von vor 520 Millionen Jahren http://spon.de/aecGK (red)
1
4
6",,1,4,6,[],https://twitter.com/derspiegel/status/453539061630631937
DER SPIEGEL,@derspiegel,2014-04-17T15:59:16.000Z,"DER SPIEGEL
@derspiegel
·
2014年4月17日","Schlechte Nachrichten für #Nike und #Adidas: In einer der größten Schuhfabriken in #China wird gestreikt http://spon.de/aedee (pl)
4
3
1",,4,3,1,[],https://twitter.com/derspiegel/status/456824219657969665
DER SPIEGEL,@derspiegel,2014-04-18T10:43:08.000Z,"DER SPIEGEL
@derspiegel
·
2014年4月18日","#Alonso ist im #F1 Training in China auf Rang zwei gefahren http://spon.de/aedfP (red)
1
1
3",,1,1,3,[],https://twitter.com/derspiegel/status/457107052222251009
DER SPIEGEL,@derspiegel,2014-04-26T06:18:22.000Z,"DER SPIEGEL
@derspiegel
·
2014年4月26日","1200 Meter pro Minute: In China entsteht der schnellste Aufzug der Welt. Wie er funktioniert? Betriebsgeheimnis http://spon.de/aedqB (red)
13
6",,,13,6,[],https://twitter.com/derspiegel/status/459939523565473793
DER SPIEGEL,@derspiegel,2014-04-30T12:15:41.000Z,"DER SPIEGEL
@derspiegel
·
2014年4月30日","Laut #Weltbank könnte #China die USA bereits dieses Jahr als weltgrößte Volkswirtschaft ablösen http://spon.de/aedID (red)
1
7
4",,1,7,4,[],https://twitter.com/derspiegel/status/461478997306535936
DER SPIEGEL,@derspiegel,2014-05-01T13:26:43.000Z,"DER SPIEGEL
@derspiegel
·
2014年5月1日","China und Russland planen ein Seemanöver im ostchinesischen Meer http://spon.de/aedKC (red)
3
5
3",,3,5,3,[],https://twitter.com/derspiegel/status/461859261769732097
DER SPIEGEL,@derspiegel,2014-05-06T12:12:03.000Z,"DER SPIEGEL
@derspiegel
·
2014年5月6日","Kurz vor dem 25. Jahrestag des #Tiananmen89 Massakers geht in #China die Regierung gegen Aktivisten vor http://spon.de/aedWe (red)
2
1",,,2,1,[],https://twitter.com/derspiegel/status/463652410515550208
DER SPIEGEL,@derspiegel,2014-05-05T16:31:52.000Z,"DER SPIEGEL
@derspiegel
·
2014年5月6日","Militärgeheimnisse: #China hat nach eigenen Angaben einen Spionagering zerschlagen http://spon.de/aedTk (red)
3
3",,,3,3,[],https://twitter.com/derspiegel/status/463355408233426944
DER SPIEGEL,@derspiegel,2014-05-07T13:28:55.000Z,"DER SPIEGEL
@derspiegel
·
2014年5月7日","Im Südchinesischen Meer stoppten philippinische Behörden ein Boot aus China und nahmen die Besatzung fest http://spon.de/aed0l (red)
2",,,,2,[],https://twitter.com/derspiegel/status/464034144012341248
DER SPIEGEL,@derspiegel,2014-05-17T06:00:14.000Z,"DER SPIEGEL
@derspiegel
·
2014年5月17日","Der Streit zwischen #China und #Vietnam, um rohstoffreiche Gebiete im Südchinesischen Meer, verschärft sich http://spon.de/aees7 (red)
1
7
1",,1,7,1,[],https://twitter.com/derspiegel/status/467545107130888194
DER SPIEGEL,@derspiegel,2014-05-21T12:16:41.000Z,"DER SPIEGEL
@derspiegel
·
2014年5月21日","Nach zehn Jahren Verhandlung: #Russland und #China schließen einen 400-Milliarden-Dollar-Gasdeal #Gazprom http://spon.de/aeeGv (red)
5
10
5",,5,10,5,[],https://twitter.com/derspiegel/status/469089395942121472
DER SPIEGEL,@derspiegel,2014-05-21T11:50:01.000Z,"DER SPIEGEL
@derspiegel
·
2014年5月21日","#Russland und #China haben einen Gasvertrag über 400 Milliarden Dollar unterzeichnet http://spon.de/aeeGv (red)
3
8
4",,3,8,4,[],https://twitter.com/derspiegel/status/469082682748858368
DER SPIEGEL,@derspiegel,2014-05-21T17:42:01.000Z,"DER SPIEGEL
@derspiegel
·
2014年5月22日","Was der 400-Milliarden-Dollar-Deal zwischen #Russland und #China wirklich bedeutet, erklären Energieexperten http://spon.de/aeeKv (red)
5
5
4",,5,5,4,[],https://twitter.com/derspiegel/status/469171268731035649
DER SPIEGEL,@derspiegel,2014-06-04T06:30:14.000Z,"DER SPIEGEL
@derspiegel
·
2014年6月4日","25 Jahre nach dem #Massaker auf dem Platz des Himmlischen Friedens herrscht in #China Schweigen 
http://spon.de/aefkq #Tiananmen89 (red)
7
9",,,7,9,[],https://twitter.com/derspiegel/status/474075635933917184
DER SPIEGEL,@derspiegel,2014-06-14T14:08:09.000Z,"DER SPIEGEL
@derspiegel
·
2014年6月14日","Skandal in China: Mitarbeiter einer Nudel-Firma stecken ihre Füße in Nudeln und schlafen darauf http://spon.de/aefQM (red)
6
8
10",,6,8,10,[],https://twitter.com/derspiegel/status/477814755747323904
DER SPIEGEL,@derspiegel,2014-06-03T11:02:06.000Z,"DER SPIEGEL
@derspiegel
·
2014年6月3日","Das Massaker auf dem #Tiananmen-Platz jährt sich zum 25.  Mal - und China verschärft seine Internet-Zensur http://spon.de/aefid (red)
7
4",,,7,4,[],https://twitter.com/derspiegel/status/473781666930884608
DER SPIEGEL,@derspiegel,2014-06-03T11:40:09.000Z,"DER SPIEGEL
@derspiegel
·
2014年6月3日","In China wurden vor dem 25. Jahrestag des #Tiananmen-Massakers mehr als 80 Bürgerrechtler festgenommen http://spon.de/aefiI (red)
1
9
4",,1,9,4,[],https://twitter.com/derspiegel/status/473791243382558720
DER SPIEGEL,@derspiegel,2014-06-28T12:30:08.000Z,"DER SPIEGEL
@derspiegel
·
2014年6月28日","Der Botschaftsplatz Chinas in #Washington, soll den Namen Liu #Xiaobo Plaza erhalten. #China übt scharfe Kritik http://spon.de/aegBr (red)
2
4
6",,2,4,6,[],https://twitter.com/derspiegel/status/482863516710236160
DER SPIEGEL,@derspiegel,2014-06-21T13:31:11.000Z,"DER SPIEGEL
@derspiegel
·
2014年6月21日","China hat in #Macau einen Wettring zerschlagen, der illegale Fußballwetten im Wert von 470 Mio. Euro annahm http://spon.de/aegd (red)
2
4
1",,2,4,1,[],https://twitter.com/derspiegel/status/480342166540017664
DER SPIEGEL,@derspiegel,2014-07-06T06:04:53.000Z,"DER SPIEGEL
@derspiegel
·
2014年7月6日","Guten Morgen! Heute wichtig: Weitere Entwicklung der #BND-Spionageaffäre | #Ukraine-Krise | #Merkel auf China-Reise | #ISIS im #Irak (red)
1",,1,,,[],https://twitter.com/derspiegel/status/485665670496272384
DER SPIEGEL,@derspiegel,2014-07-08T08:21:12.000Z,"DER SPIEGEL
@derspiegel
·
2014年7月8日","Kanzlerin #Merkel hält während ihres #China-Besuchs Studenten zur kritischen Haltung und Weltoffenheit an http://spon.de/aeg3l (red)
4
7
2",,4,7,2,[],https://twitter.com/derspiegel/status/486424751322038273
DER SPIEGEL,@derspiegel,2014-07-10T14:14:33.000Z,"DER SPIEGEL
@derspiegel
·
2014年7月10日","#Samsung prüft bei einem Zulieferer aus China die Vorwürfe wegen #Kinderarbeit http://spon.de/aehbk (red)
2
1",,,2,1,[],https://twitter.com/derspiegel/status/487238447665782784
DER SPIEGEL,@derspiegel,2014-07-05T07:21:10.000Z,"DER SPIEGEL
@derspiegel
·
2014年7月5日","Deutsche #Mittelständler in #China: nicht ohne meine Maßarbeit! http://spon.de/aegQ5 (red)
1
4
1",,1,4,1,[],https://twitter.com/derspiegel/status/485322478420389889
DER SPIEGEL,@derspiegel,2014-07-16T08:15:14.000Z,"DER SPIEGEL
@derspiegel
·
2014年7月16日","China zieht seine umstrittene Ölplattform vor Vietnam ab. Die offizielle Begründung: das Wetter http://spon.de/aehqH (red)
4",,,4,,[],https://twitter.com/derspiegel/status/489322352467918848
DER SPIEGEL,@derspiegel,2014-07-28T10:27:15.000Z,"DER SPIEGEL
@derspiegel
·
2014年7月28日","Nach dem #Gammelfleischskandal verkaufen einige #McDonald's-Filialen in #China nur noch Fischburger http://spon.de/aehWh (red)
3
7
4",,3,7,4,[],https://twitter.com/derspiegel/status/493704228263575552
DER SPIEGEL,@derspiegel,2014-07-21T08:01:08.000Z,"DER SPIEGEL
@derspiegel
·
2014年7月21日","#McDonalds und #KFC stoppen nach dem #Gammelfleisch-Skandal in #China ihre Zusammenarbeit mit dem Zulieferer http://spon.de/aehDy  (red)
2
8
3",,2,8,3,[],https://twitter.com/derspiegel/status/491130744178106369
DER SPIEGEL,@derspiegel,2014-07-24T18:19:13.000Z,"DER SPIEGEL
@derspiegel
·
2014年7月25日","In China haben absichtlich verkrüppelte Frauen-Füße Tradition. Fotografin Jo Farrell entdeckt darin Schönheit http://spon.de/aehFb (red)
2
9
9",,2,9,9,[],https://twitter.com/derspiegel/status/492373451772919808
DER SPIEGEL,@derspiegel,2014-08-12T16:12:17.000Z,"DER SPIEGEL
@derspiegel
·
2014年8月13日","RT 
@SPIEGEL_Video
: Sind die nicht süß? Eine Tierische Sensation aus China: http://spon.de/vgv5n #pandawatch
4
14
37",,4,14,37,[],https://twitter.com/derspiegel/status/499226877991866370
DER SPIEGEL,@derspiegel,2014-08-09T11:54:05.000Z,"DER SPIEGEL
@derspiegel
·
2014年8月9日","Neuer Streit um die Vorherrschaft im südchinesischen Meer: #China will Leuchttürme auf den Paracel-Inseln bauen http://spon.de/aeitx (red)
1
2",,1,2,,[],https://twitter.com/derspiegel/status/498074737000476672
DER SPIEGEL,@derspiegel,2014-08-14T07:56:26.000Z,"DER SPIEGEL
@derspiegel
·
2014年8月14日","#Apple will die giftigen Chemikalien Benzol und N-Hexan aus Zulieferer-Fabriken in China verbannen http://spon.de/aeiFK (red)
7
5",,,7,5,[],https://twitter.com/derspiegel/status/499826868879908864
DER SPIEGEL,@derspiegel,2014-08-26T12:52:12.000Z,"DER SPIEGEL
@derspiegel
·
2014年8月26日","Alternative zu #Windows? Mit einem eigenen Betriebssystem will sich #China von #Microsoft unabhängig machen http://spon.de/aejd6 (red)
2
4
3",,2,4,3,[],https://twitter.com/derspiegel/status/504249957189042176
DER SPIEGEL,@derspiegel,2014-08-20T08:53:51.000Z,"DER SPIEGEL
@derspiegel
·
2014年8月20日","In #China ist ein 36-jähriger Mann aus Bayern wegen Doppelmordes zum Tode verurteilt worden http://spon.de/aeiWB (red)
1
2
3",,1,2,3,[],https://twitter.com/derspiegel/status/502015645513703424
DER SPIEGEL,@derspiegel,2014-08-24T10:59:09.000Z,"DER SPIEGEL
@derspiegel
·
2014年8月24日","In #China sind acht Menschen wegen ""terroristischer Angriffe"" hingerichtet worden http://spon.de/aei8g (red)
1
7
1",,1,7,1,[],https://twitter.com/derspiegel/status/503496729426026496
DER SPIEGEL,@derspiegel,2014-08-31T16:34:05.000Z,"DER SPIEGEL
@derspiegel
·
2014年9月1日","#China erlaubt #Hongkong keine freien Wahlen. Antreten darf nur, wer treu zur kommunistischen Führung steht http://spon.de/aejtm (red)
3
3
3",,3,3,3,[],https://twitter.com/derspiegel/status/506117735139377153
DER SPIEGEL,@derspiegel,2014-09-02T12:32:07.000Z,"DER SPIEGEL
@derspiegel
·
2014年9月2日","#Russland hat inmitten wachsender Spannungen mit der EU den Bau einer #Gaspipeline nach #China begonnen http://spon.de/aejw3 (red)
6
4
1",,6,4,1,[],https://twitter.com/derspiegel/status/506781614547169280
DER SPIEGEL,@derspiegel,2014-09-15T13:30:56.000Z,"DER SPIEGEL
@derspiegel
·
2014年9月15日","Kein Scherz: In China gibt es jetzt Gehwege für Menschen, die unentwegt auf ihr Smartphone starren http://spon.de/aej8N (red)
22
16",,,22,16,[],https://twitter.com/derspiegel/status/511507461904551936
DER SPIEGEL,@derspiegel,2014-09-20T10:43:03.000Z,"DER SPIEGEL
@derspiegel
·
2014年9月20日","Im Rahmen einer Kampagne gegen #Pornografie hat #China 1,8 Millionen Nutzerkonten gesperrt http://spon.de/aekqe #WeChat #Weibo (red)
2
3",,,2,3,[],https://twitter.com/derspiegel/status/513277150137298945
DER SPIEGEL,@derspiegel,2014-09-22T17:53:47.000Z,"DER SPIEGEL
@derspiegel
·
2014年9月23日","Die Löhne in #China steigen. Taiwans Regierung freut das: ""Wir können wieder Arbeitsplätze nach Hause holen"" http://spon.de/aekwz (red)
1
6
4",,1,6,4,[],https://twitter.com/derspiegel/status/514110322719084544
DER SPIEGEL,@derspiegel,2014-09-23T10:26:11.000Z,"DER SPIEGEL
@derspiegel
·
2014年9月23日","#China verurteilt den uigurischen Menschenrechtsaktivisten Ilham #Tohti in #Xinjiang zu lebenslanger Haft http://spon.de/aekxz (red)
1
7
2",,1,7,2,[],https://twitter.com/derspiegel/status/514360067965976576
DER SPIEGEL,@derspiegel,2014-09-29T10:10:08.000Z,"DER SPIEGEL
@derspiegel
·
2014年9月29日","In #Hongkong demonstrieren Zehntausende. China warnt nun das Ausland davor, sich einzumischen http://spon.de/aekPp (red)
5
7
6",,5,7,6,[],https://twitter.com/derspiegel/status/516530357194080259
DER SPIEGEL,@derspiegel,2014-10-05T13:30:06.000Z,"DER SPIEGEL
@derspiegel
·
2014年10月5日","Maria #Scharapowa setzt sich bei den China Open in #Peking im Endspiel gegen Petra #Kvitova durch http://spon.de/aek7c #Tennis (red)
2
2",,,2,2,[],https://twitter.com/derspiegel/status/518755009362526209
DER SPIEGEL,@derspiegel,2014-10-15T15:48:02.000Z,"DER SPIEGEL
@derspiegel
·
2014年10月15日","China hat die Webseiten der BBC geblockt http://spon.de/aelC6 #OccupyCentral #UmbrellaRevolution (pl)
13
9",,,13,9,[],https://twitter.com/derspiegel/status/522413600489500672
DER SPIEGEL,@derspiegel,2014-10-17T06:14:04.000Z,"DER SPIEGEL
@derspiegel
·
2014年10月17日","#China geht mit Strafen gegen #CO2-Schleudern und Spritfresser vor http://spon.de/aelGO #Umweltverschmutzung (red)
1
9
6",,1,9,6,[],https://twitter.com/derspiegel/status/522993928706867200
DER SPIEGEL,@derspiegel,2014-11-03T18:15:04.000Z,"DER SPIEGEL
@derspiegel
·
2014年11月4日","Physiker in #China haben Laserkanonen entwickelt, die  #Drohnen vom Himmel holen http://spon.de/aemvk (red)
1
8
3",,1,8,3,[],https://twitter.com/derspiegel/status/529335972018655232
DER SPIEGEL,@derspiegel,2014-11-08T08:06:51.000Z,"DER SPIEGEL
@derspiegel
·
2014年11月8日","Heute wichtig: #Bahnstreik | Feierlichkeiten zu 25 Jahre #Mauerfall | US-Außenminister #Kerry in #China (red)
2
4",,,2,4,[],https://twitter.com/derspiegel/status/530994845335441409
DER SPIEGEL,@derspiegel,2014-11-18T14:19:08.000Z,"DER SPIEGEL
@derspiegel
·
2014年11月18日","#China hat die Internetzensur erneut verschärft. Tausende Seiten sind von der erweiterten Sperre betroffen. http://spon.de/aeneX (red)
9
5",,,9,5,[],https://twitter.com/derspiegel/status/534712415456215040
DER SPIEGEL,@derspiegel,2014-11-14T18:47:02.000Z,"DER SPIEGEL
@derspiegel
·
2014年11月15日","Mein Traum, meine Werkstatt, mein Panzer!?! In China greift das Do-it-yourself-Fieber um sich: http://spon.de/aem4x #DIY (red)
1
2
4",,1,2,4,[],https://twitter.com/derspiegel/status/533330280208019456
DER SPIEGEL,@derspiegel,2014-11-17T17:55:05.000Z,"DER SPIEGEL
@derspiegel
·
2014年11月18日","#China und #Australien rücken wirtschaftlich zusammen. Die Länder haben ein Freihandelsabkommen geschlossen http://spon.de/aenbl (red)
1
4
1",,1,4,1,[],https://twitter.com/derspiegel/status/534404373065895936
DER SPIEGEL,@derspiegel,2014-11-17T19:53:01.000Z,"DER SPIEGEL
@derspiegel
·
2014年11月18日","""
@RootsAndShoots
"": Wie 
@JaneGoodallinst
 mit einer Graswurzelbewegung die Natur in #China retten will http://spon.de/aenbL (red)
5
10",,,5,10,[],https://twitter.com/derspiegel/status/534434049184395264
DER SPIEGEL,@derspiegel,2014-11-28T16:50:14.000Z,"DER SPIEGEL
@derspiegel
·
2014年11月29日","#China baut die bereits vierte künstliche Insel ins Südchinesische Meer. Der Grund: große Rohstoffmengen. http://spon.de/aenx7 (red)
1
5
4",,1,5,4,[],https://twitter.com/derspiegel/status/538374317940015105
DER SPIEGEL,@derspiegel,2014-12-10T13:35:08.000Z,"DER SPIEGEL
@derspiegel
·
2014年12月10日","Eine Eisenbahn schreibt Geschichte: Erstmals ist in Madrid ein Güterzug aus China angekommen http://spon.de/aeoiZ
3
14
5",,3,14,5,[],https://twitter.com/derspiegel/status/542673872168833028
DER SPIEGEL,@derspiegel,2014-12-04T07:43:04.000Z,"DER SPIEGEL
@derspiegel
·
2014年12月4日","#China will Hingerichteten nicht mehr die Organe entnehmen http://spon.de/aen0f (red)
1
9
3",,1,9,3,[],https://twitter.com/derspiegel/status/540410944006811650
DER SPIEGEL,@derspiegel,2014-12-10T12:12:04.000Z,"DER SPIEGEL
@derspiegel
·
2014年12月10日","Nordkorea und China attackieren nach dem #Folterbericht die USA und kritisieren doppelte Standards http://spon.de/aeohN
10
5
8",,10,5,8,[],https://twitter.com/derspiegel/status/542652967816400896
DER SPIEGEL,@derspiegel,2014-12-26T14:12:02.000Z,"DER SPIEGEL
@derspiegel
·
2014年12月26日","Russland und China bilden auch in der Raumfahrt eine Allianz gegen den Westen - kein Traumpaar, eher eine Vernunftehe http://spon.de/aeoBW
3
10
6",,3,10,6,[],https://twitter.com/derspiegel/status/548481366090711040
DER SPIEGEL,@derspiegel,2014-12-18T13:00:22.000Z,"DER SPIEGEL
@derspiegel
·
2014年12月18日","Per Petition wollen Dutzende Dorfbewohner in China den Achtjährigen #HIV-positiven Kunkun vertreiben http://spon.de/aeoH1 #AidsParanoia
2
4
3",,2,4,3,[],https://twitter.com/derspiegel/status/545564227595821056
DER SPIEGEL,@derspiegel,2014-12-22T08:28:09.000Z,"DER SPIEGEL
@derspiegel
·
2014年12月22日","In #China wollen Behörden sich um einen HIV-infizierten Jungen kümmern, der aus seinem Dorf verbannt werden sollte. http://spon.de/aeoSl
5
2",,,5,2,[],https://twitter.com/derspiegel/status/546945273600040960
DER SPIEGEL,@derspiegel,2014-12-21T07:47:09.000Z,"DER SPIEGEL
@derspiegel
·
2014年12月21日","Nach dem #SonyHack bitten die USA China bei der Abwehr von Cyberangriffen aus Nordkorea um Hilfe http://spon.de/aeoQX
2
5
4",,2,5,4,[],https://twitter.com/derspiegel/status/546572567218118656
