UserScreenName,UserName,Timestamp,Text,Embedded_text,Emojis,Comments,Likes,Retweets,Image link,Tweet URL
DER SPIEGEL,@derspiegel,2016-01-05T07:00:21.000Z,"DER SPIEGEL
@derspiegel
·
2016年1月5日","Der Börsencrash in China ist Symptom eines fundamentalen Wandels, kommentiert @stefanmschultz http://spon.de/aeEC7
5
6",,,5,6,[],https://twitter.com/derspiegel/status/684268177929289728
DER SPIEGEL,@derspiegel,2016-01-02T11:42:04.000Z,"DER SPIEGEL
@derspiegel
·
2016年1月2日","China rüstet auf http://spon.de/aeEzc
1
3
10",,1,3,10,[],https://twitter.com/derspiegel/status/683251912628551680
DER SPIEGEL,@derspiegel,2016-01-03T19:55:32.000Z,"DER SPIEGEL
@derspiegel
·
2016年1月4日","#Adidas meldet Umsatzrekord in China und erwartet bei Fußballprodukten 2016 einen Rekordumsatz http://spon.de/aeEAO
3
8
13",,3,8,13,[],https://twitter.com/derspiegel/status/683738484817981441
DER SPIEGEL,@derspiegel,2016-01-06T08:21:34.000Z,"DER SPIEGEL
@derspiegel
·
2016年1月6日","Nordkorea warnte nicht einmal seinen einzigen Verbündeten China vor dem Wasserstoffbombentest. http://spon.de/aeEG2
2
16
15",,2,16,15,[],https://twitter.com/derspiegel/status/684651004885876736
DER SPIEGEL,@derspiegel,2016-01-18T14:05:57.000Z,"DER SPIEGEL
@derspiegel
·
2016年1月18日","Das Chat-System WeChat wird in China zu Service-Plattformen für alles. Facebook, Google & Co eifern hektisch nach. http://spon.de/aeEZv
6
18",,,6,18,[],https://twitter.com/derspiegel/status/689086325379756032
DER SPIEGEL,@derspiegel,2016-02-07T18:23:52.000Z,"DER SPIEGEL
@derspiegel
·
2016年2月8日","In China hat das Jahr des Affen begonnen.
3
25
51",,3,25,51,[],https://twitter.com/derspiegel/status/696398988740845568
DER SPIEGEL,@derspiegel,2016-02-12T21:23:02.000Z,"DER SPIEGEL
@derspiegel
·
2016年2月13日","Mit Strafzöllen gegen China und Russland will die EU die heimische Stahlindustrie schützten http://spon.de/aeGoB
3
9
18",,3,9,18,[],https://twitter.com/derspiegel/status/698256017969324032
DER SPIEGEL,@derspiegel,2016-02-26T08:56:03.000Z,"DER SPIEGEL
@derspiegel
·
2016年2月26日","China ist offenbar bereit, seine unter Druck stehenden Finanzmärkte mit weiteren Geldspritzen zu unterstützen. http://spon.de/aeGXw
1
5
4",,1,5,4,[],https://twitter.com/derspiegel/status/703141462741901312
DER SPIEGEL,@derspiegel,2016-02-16T19:17:54.000Z,"DER SPIEGEL
@derspiegel
·
2016年2月17日","9000 Menschen müssen in #China ihr Zuhause für  das größte Radioteleskop der Welt aufgeben. http://spon.de/aeGuV
5
36
42",,5,36,42,[],https://twitter.com/derspiegel/status/699674080493105152
DER SPIEGEL,@derspiegel,2016-02-24T17:03:00.000Z,"DER SPIEGEL
@derspiegel
·
2016年2月25日","China: Entführer geben Blindenhund Qiao Qiao zurück http://spon.de/aeGSQ
1
4
22",,1,4,22,[],https://twitter.com/derspiegel/status/702539233270079491
DER SPIEGEL,@derspiegel,2016-02-15T21:13:38.000Z,"DER SPIEGEL
@derspiegel
·
2016年2月16日","Angst vor China: Der letzte Kampf der europäischen Stahlriesen http://spon.de/aeGs9
1
12
6",,1,12,6,[],https://twitter.com/derspiegel/status/699340815005544448
DER SPIEGEL,@derspiegel,2016-03-04T18:25:04.000Z,"DER SPIEGEL
@derspiegel
·
2016年3月5日","Essen in Flugzeugen hat nicht den besten Ruf. Ein Restaurant in China will das ändern: http://spon.de/aeHjj
7
14
27",,7,14,27,[],https://twitter.com/derspiegel/status/705821378541330432
DER SPIEGEL,@derspiegel,2016-03-06T19:39:04.000Z,"DER SPIEGEL
@derspiegel
·
2016年3月7日","China: Techniker legen Fahrstuhl still - Frau stirbt 
http://spon.de/aeHmx
1
3
8",,1,3,8,[],https://twitter.com/derspiegel/status/706564775925432321
DER SPIEGEL,@derspiegel,2016-03-20T07:36:06.000Z,"DER SPIEGEL
@derspiegel
·
2016年3月20日","Ein skeptischer Gast: Bundespräsident #Gauck besucht China. http://spon.de/aeHTx
5
7
12",,5,7,12,[],https://twitter.com/derspiegel/status/711456263641571329
DER SPIEGEL,@derspiegel,2016-03-21T14:05:04.000Z,"DER SPIEGEL
@derspiegel
·
2016年3月21日","Rechnen, schreiben, golfen – Eine staatliche Grundschule in China hat Golfspielen als Pflichtfach eingeführt. http://spon.de/aeH02
4
13
13",,4,13,13,[],https://twitter.com/derspiegel/status/711916539700641793
DER SPIEGEL,@derspiegel,2016-04-01T08:39:53.000Z,"DER SPIEGEL
@derspiegel
·
2016年4月1日","Damit der Weltklimavertrag zügig umgesetzt werden kann, wollen die USA und China schnellstens Termin unterschreiben. http://spon.de/aeIpr
4
7
6",,4,7,6,[],https://twitter.com/derspiegel/status/715820971664478208
DER SPIEGEL,@derspiegel,2016-03-31T17:01:49.000Z,"DER SPIEGEL
@derspiegel
·
2016年4月1日","McDonalds expandiert in China und Südkorea: http://spon.de/aeInA
5
4
18",,5,4,18,[],https://twitter.com/derspiegel/status/715584899755950080
DER SPIEGEL,@derspiegel,2016-04-10T06:40:06.000Z,"DER SPIEGEL
@derspiegel
·
2016年4月10日","Defekt am Regierungs-Airbus: Außenminister #Steinmeier macht unfreiwillig einen längeren Zwischenstop in #China http://spon.de/aeIMk
6
3
14",,6,3,14,[],https://twitter.com/derspiegel/status/719052315722784769
DER SPIEGEL,@derspiegel,2016-04-12T13:48:00.000Z,"DER SPIEGEL
@derspiegel
·
2016年4月12日","Inselstreit im Pazifik: China zitiert G7-Diplomaten zum Gespräch http://spon.de/aeISg
3
5
9",,3,5,9,[],https://twitter.com/derspiegel/status/719884776522518528
DER SPIEGEL,@derspiegel,2016-04-29T13:10:12.000Z,"DER SPIEGEL
@derspiegel
·
2016年4月29日","Haben Autos bald Glücksbringer-Abstellplätze & Duftspender? Könnte passieren! Wie China unser Autodesign verändert: http://spon.de/aeJEz
3
7
12",,3,7,12,[],https://twitter.com/derspiegel/status/726035857946214400
DER SPIEGEL,@derspiegel,2016-04-29T13:40:09.000Z,"DER SPIEGEL
@derspiegel
·
2016年4月29日","Russland unterstützt China im Streit um die Gebietsansprüche im Südchinesischen Meer. http://spon.de/aeJIK
5
19
11",,5,19,11,[],https://twitter.com/derspiegel/status/726043397702619136
DER SPIEGEL,@derspiegel,2016-04-15T06:18:38.000Z,"DER SPIEGEL
@derspiegel
·
2016年4月15日","Neue Regel in China: Wer Mutti vergisst, wird verklagt http://spon.de/aeIYc
2
12
18",,2,12,18,[],https://twitter.com/derspiegel/status/720858853227700224
DER SPIEGEL,@derspiegel,2016-04-25T15:20:08.000Z,"DER SPIEGEL
@derspiegel
·
2016年4月25日","Die EU hat 2015 mehr als 2000 gesundheitsgefährdende Produkte vom Markt genommen. Fast 2/3 kommen aus China http://spon.de/aeJuf
7
19
13",,7,19,13,[],https://twitter.com/derspiegel/status/724619006632550400
DER SPIEGEL,@derspiegel,2016-05-12T06:33:05.000Z,"DER SPIEGEL
@derspiegel
·
2016年5月12日","#China plant gigantische Infrastruktur-Offensive und will 630 Mrd. in Schienen, Straßen und Flughäfen investieren. http://spon.de/aeKd1
1
15
13",,1,15,13,[],https://twitter.com/derspiegel/status/730646961523548163
DER SPIEGEL,@derspiegel,2016-05-03T05:50:06.000Z,"DER SPIEGEL
@derspiegel
·
2016年5月3日","Damit sich Touristen aus China sicherer fühlen, patrouillieren jetzt chinesische Polizisten in Rom.  http://spon.de/aeJQP
8
9
10",,8,9,10,[],https://twitter.com/derspiegel/status/727374657049915396
DER SPIEGEL,@derspiegel,2016-05-24T08:39:05.000Z,"DER SPIEGEL
@derspiegel
·
2016年5月24日","Schon vor 5000 Jahren wurde in China Bier gebraut – die Zutaten stehen dem deutschen Reinheitsgebot kaum nach. http://spon.de/aeKGv
2
16
15",,2,16,15,[],https://twitter.com/derspiegel/status/735027328330272768
DER SPIEGEL,@derspiegel,2016-05-19T16:02:05.000Z,"DER SPIEGEL
@derspiegel
·
2016年5月20日","Taiwans neue Präsidentin: Diese Frau ärgert China: http://spon.de/aeKvj
1
1
12",,1,1,12,[],https://twitter.com/derspiegel/status/733326872570953728
DER SPIEGEL,@derspiegel,2016-06-12T13:08:05.000Z,"DER SPIEGEL
@derspiegel
·
2016年6月12日","Die Reise der Kanzlerin nach China: http://spon.de/aeLAk
1
6
5",,1,6,5,[],https://twitter.com/derspiegel/status/741980391519584256
DER SPIEGEL,@derspiegel,2016-06-04T13:55:05.000Z,"DER SPIEGEL
@derspiegel
·
2016年6月4日","Südchinesisches Meer: Die USA verschärfen den Ton gegenüber China. http://spon.de/aeLfK
6
11
15",,6,11,15,[],https://twitter.com/derspiegel/status/739093116255277057
DER SPIEGEL,@derspiegel,2016-06-04T13:30:15.000Z,"DER SPIEGEL
@derspiegel
·
2016年6月4日","Bundeswirtschaftsminister Sigmar Gabriel sieht China nicht als Marktwirtschaft. http://spon.de/aeLdc
13
4
8",,13,4,8,[],https://twitter.com/derspiegel/status/739086865777590272
DER SPIEGEL,@derspiegel,2016-05-31T12:15:10.000Z,"DER SPIEGEL
@derspiegel
·
2016年5月31日","Bei Reparieren einer Waschmaschine im Gerät hängenbleiben? In China hat ein Mann demonstriert, dass das geht. http://spon.de/aeK1Q
1
2
6",,1,2,6,[],https://twitter.com/derspiegel/status/737618421454540801
DER SPIEGEL,@derspiegel,2016-06-28T13:09:07.000Z,"DER SPIEGEL
@derspiegel
·
2016年6月28日","Lady Gaga verärgert China durch ein Treffen mit dem Dalai Lama. http://spon.de/aeMni
3
13
22",,3,13,22,[],https://twitter.com/derspiegel/status/747778859878146048
DER SPIEGEL,@derspiegel,2016-06-24T12:43:05.000Z,"DER SPIEGEL
@derspiegel
·
2016年6月24日","Am Tag nach den schweren Unwettern in China steigt die Zahl der Toten auf 98. http://spon.de/aeMdz
2
9
7",,2,9,7,[],https://twitter.com/derspiegel/status/746322756845731841
DER SPIEGEL,@derspiegel,2016-06-21T16:15:08.000Z,"DER SPIEGEL
@derspiegel
·
2016年6月22日","Bewegendes Video: Hollywood-Stars kämpfen gegen das ""Hundefleisch-Festival"" in China. http://spon.de/aeL2f
Kate Mara
@katemara
 · 2016年6月18日
Help us end the cruelty...
https://youtu.be/NbwbD8JcJgY

#thecompassionproject
1
10
20",,1,10,20,[],https://twitter.com/derspiegel/status/745288954191089664
DER SPIEGEL,@derspiegel,2016-06-27T08:43:07.000Z,"DER SPIEGEL
@derspiegel
·
2016年6月27日","China hat mit dem Start einer neuen Trägerrakete seinen vierten Weltraumbahnhof eingeweiht. http://spon.de/aeMjs
3
5
13",,3,5,13,[],https://twitter.com/derspiegel/status/747349528542486528
DER SPIEGEL,@derspiegel,2016-07-01T11:11:05.000Z,"DER SPIEGEL
@derspiegel
·
2016年7月1日","#Taiwan feuert Rakete Richtung #China - aus Versehen. http://spon.de/aeMxp
4
17
63",,4,17,63,[],https://twitter.com/derspiegel/status/748836319283994625
DER SPIEGEL,@derspiegel,2016-07-12T16:40:08.000Z,"DER SPIEGEL
@derspiegel
·
2016年7月13日","Die North China University of Water Conservancy sieht aus wie eine riesige Toilette: http://spon.de/aeM00
2
11
23",,2,11,23,[],https://twitter.com/derspiegel/status/752905392628215808
DER SPIEGEL,@derspiegel,2016-06-29T15:38:02.000Z,"DER SPIEGEL
@derspiegel
·
2016年6月29日","Dubioser Käufer in China: Verkauf von Flughafen #Hahn offenbar auf der Kippe. http://spon.de/aeMry #hahngate
2
13
13",,2,13,13,[],https://twitter.com/derspiegel/status/748178723015254017
DER SPIEGEL,@derspiegel,2016-07-05T05:35:05.000Z,"DER SPIEGEL
@derspiegel
·
2016年7月5日","Ein Ehepaar aus China wird seit dem Besuch auf Schloss Neuschwanstein vermisst. Die Polizei sucht nun nach ihnen. http://spon.de/aeMFe
2
16
16",,2,16,16,[],https://twitter.com/derspiegel/status/750201312159997952
DER SPIEGEL,@derspiegel,2016-07-20T16:14:10.000Z,"DER SPIEGEL
@derspiegel
·
2016年7月21日","Ein lebender Eisbär wird in China als Attraktion in einem Einkaufszentrum ausgestellt. Hoffentlich nicht mehr lange. http://spon.de/aeNkL
14
56
23",,14,56,23,[],https://twitter.com/derspiegel/status/755797958721888256
DER SPIEGEL,@derspiegel,2016-07-19T11:02:07.000Z,"DER SPIEGEL
@derspiegel
·
2016年7月19日","China will Kapital aus Übersee anlocken und lockert die Auflagen für Investoren aus dem Ausland. http://spon.de/aeNhf
8
14",,,8,14,[],https://twitter.com/derspiegel/status/755357040986304512
DER SPIEGEL,@derspiegel,2016-08-04T13:40:13.000Z,"DER SPIEGEL
@derspiegel
·
2016年8月4日","China testet ein Fahrzeug für die Zukunft des Massentransports. http://spon.de/aeNUd
3
11
30",,3,11,30,[],https://twitter.com/derspiegel/status/761195037510086656
DER SPIEGEL,@derspiegel,2016-08-12T09:01:19.000Z,"DER SPIEGEL
@derspiegel
·
2016年8月12日","Unerwartet schlecht schneiden Investitionen, Produktion und Einzelhandel in #China ab. http://spon.de/aeOd7
6
9",,,6,9,[],https://twitter.com/derspiegel/status/764023953241235456
DER SPIEGEL,@derspiegel,2016-08-04T07:43:08.000Z,"DER SPIEGEL
@derspiegel
·
2016年8月4日","In der Verfolgungswelle gegen kritische Stimmen in China ist ein prominenter Bürgerrechtsanwalt verurteilt worden. http://spon.de/aeNTL
10
3",,,10,3,[],https://twitter.com/derspiegel/status/761105171954794496
DER SPIEGEL,@derspiegel,2016-07-29T16:20:09.000Z,"DER SPIEGEL
@derspiegel
·
2016年7月30日","Uber gegen Didi: In China ist der Kampf um die Vorherrschaft bei Mitfahrdiensten in vollem Gange. http://spon.de/aeNGo
2
7",,,2,7,[],https://twitter.com/derspiegel/status/759060957435801600
DER SPIEGEL,@derspiegel,2016-08-25T15:48:31.000Z,"DER SPIEGEL
@derspiegel
·
2016年8月25日","#SPIEGELPlus: Wie China seine Propaganda in westlichen Massenmedien unterbringt:
spiegel.de
China verbreitet Propaganda in Zeitungsbeilagen im Westen
Im Kampf um sein Image im Ausland schaltet China Anzeigen in westlichen Zeitungen, die wie normale Artikel aussehen - dabei aber stets stramm die Regierungslinie vertreten.
4
10
13",,4,10,13,[],https://twitter.com/derspiegel/status/768837469957521408
DER SPIEGEL,@derspiegel,2016-08-16T13:35:09.000Z,"DER SPIEGEL
@derspiegel
·
2016年8月16日","Krieg in Syrien: China will enger mit Assads Armee kooperieren http://spon.de/aeOoa
11
17
10",,11,17,10,[],https://twitter.com/derspiegel/status/765542414345916416
DER SPIEGEL,@derspiegel,2016-08-16T12:12:11.000Z,"DER SPIEGEL
@derspiegel
·
2016年8月16日","China hat den weltweit ersten Quanten-Satelliten ins All geschickt.  Er soll abhörsichere Kommunikation  testen. http://spon.de/aeOnR
11
12",,,11,12,[],https://twitter.com/derspiegel/status/765521535956348928
DER SPIEGEL,@derspiegel,2016-08-27T15:27:07.000Z,"DER SPIEGEL
@derspiegel
·
2016年8月27日","Hangzhou in China versinkt im Smog. Wenn die #G20 dort im September tagen, machen die Fabriken deshalb eine Pause. http://spon.de/aeOL2
3
8
6",,3,8,6,[],https://twitter.com/derspiegel/status/769556860642832384
DER SPIEGEL,@derspiegel,2016-09-03T06:13:30.000Z,"DER SPIEGEL
@derspiegel
·
2016年9月3日","Historische Entscheidung: China ratifiziert Uno-Klimaabkommen.
spiegel.de
Vor G20-Gipfel: China ratifiziert Pariser Klimabakommen
Historische Entscheidung: China wird sich dem Klimaschutzabkommen der Uno anschließen, genauso wie die USA. Zusammen sind sie für 40 Prozent des globalen Kohlenstoffdioxid-Ausstoßes verantwortlich.
3
35
52",,3,35,52,[],https://twitter.com/derspiegel/status/771954250125574144
DER SPIEGEL,@derspiegel,2016-09-03T12:51:01.000Z,"DER SPIEGEL
@derspiegel
·
2016年9月3日","China vor dem G20-Gipfel: Ein Land in der Pubertät. http://spiegel.de/politik/ausland/g20-gipfel-in-china-inszenierung-fuer-die-oeffentlichkeit-a-1110772.html…
2
8
10",,2,8,10,[],https://twitter.com/derspiegel/status/772054291330822144
DER SPIEGEL,@derspiegel,2016-09-06T12:40:13.000Z,"DER SPIEGEL
@derspiegel
·
2016年9月6日","Export-Überschuss-Prognose: Bis Jahresende dürfte Deutschland einen größeren Exportüberschuss haben als China. 
http://spon.de/aePcY
1
11
11",,1,11,11,[],https://twitter.com/derspiegel/status/773138735332331521
DER SPIEGEL,@derspiegel,2016-09-05T14:43:14.000Z,"DER SPIEGEL
@derspiegel
·
2016年9月5日","Der #G20-Gipfel in China ist zu Ende – mit magerem Ergebnis. Die wichtigsten Punkte und die Kritik dazu gibt es hier http://spon.de/aePaU
4
22
11",,4,22,11,[],https://twitter.com/derspiegel/status/772807307893714946
DER SPIEGEL,@derspiegel,2016-09-14T17:08:07.000Z,"DER SPIEGEL
@derspiegel
·
2016年9月15日","Ein Professor aus China misst die Langeweile von Studenten per Gesichtserkennung - um seine Vorlesung zu verbessern. http://spon.de/aePti
14
21",,,14,21,[],https://twitter.com/derspiegel/status/776105258158137344
DER SPIEGEL,@derspiegel,2016-09-25T20:40:04.000Z,"DER SPIEGEL
@derspiegel
·
2016年9月26日","Die Schüssel ist einen halben Kilometer (!!!) breit: China hat das weltgrößte Radioteleskop in Betrieb genommen. http://spon.de/aePVL
5
56
70",,5,56,70,[],https://twitter.com/derspiegel/status/780144865212366848
DER SPIEGEL,@derspiegel,2016-09-17T16:40:07.000Z,"DER SPIEGEL
@derspiegel
·
2016年9月18日","Ein Blindflug, ein Kajakfahrer und ein Mond, der durch China rollt - die Webvideos der Woche. http://spon.de/vhjJt
1
7",,,1,7,[],https://twitter.com/derspiegel/status/777185376729313280
DER SPIEGEL,@derspiegel,2016-09-21T12:16:03.000Z,"DER SPIEGEL
@derspiegel
·
2016年9月21日","Bundesliga-Saisoneröffnung in China?  Klingt wie ein Scherz, ist aber durchaus Ernst gemeint. http://spon.de/aePLm
8
5
7",,8,5,7,[],https://twitter.com/derspiegel/status/778568471743373316
DER SPIEGEL,@derspiegel,2016-10-02T07:05:01.000Z,"DER SPIEGEL
@derspiegel
·
2016年10月2日","Menschenrechtsanwälte leben in China gefährlich. http://spon.de/aeP7V
1
14
11",,1,14,11,[],https://twitter.com/derspiegel/status/782476465384206336
DER SPIEGEL,@derspiegel,2016-09-28T15:59:00.000Z,"DER SPIEGEL
@derspiegel
·
2016年9月28日","Beim WTA-Turnier in China hat Angelique #Kerber gegen Petra Kvitova in einem dramatischen Match verloren. http://spon.de/aeP4y
7",,,,7,[],https://twitter.com/derspiegel/status/781161295504633857
DER SPIEGEL,@derspiegel,2016-10-17T06:42:32.000Z,"DER SPIEGEL
@derspiegel
·
2016年10月17日","China hat in der Nacht zu Montag zwei Taikonauten an Bord der #Shenzhou11 ins All geschickt. http://spon.de/aeQIy
14
14",,,14,14,[],https://twitter.com/derspiegel/status/787906622597234688
DER SPIEGEL,@derspiegel,2016-10-22T14:40:01.000Z,"DER SPIEGEL
@derspiegel
·
2016年10月22日","Italiens früherer Weltmeister-Trainer Marcello #Lippi ist neuer Nationalcoach von #China. http://spon.de/aeQX4
1
2
10",,1,2,10,[],https://twitter.com/derspiegel/status/789838727216504833
DER SPIEGEL,@derspiegel,2016-10-17T17:30:01.000Z,"DER SPIEGEL
@derspiegel
·
2016年10月18日","Was tun, wenn China den Status einer Marktwirtschaft zuerkannt bekommt? http://spon.de/aeQJR
3
6
8",,3,6,8,[],https://twitter.com/derspiegel/status/788069570443640832
DER SPIEGEL,@derspiegel,2016-10-25T08:29:00.000Z,"DER SPIEGEL
@derspiegel
·
2016年10月25日","Der chinesische Investor China Oceanwide kauft den amerikanischen Versicherer Genworth Financial. http://spon.de/aeQ12
4
8",,,4,8,[],https://twitter.com/derspiegel/status/790832521277743104
DER SPIEGEL,@derspiegel,2016-11-10T17:25:00.000Z,"DER SPIEGEL
@derspiegel
·
2016年11月11日","In China haben Ärzte aus einem Rippenknorpel ein neues Ohr geformt und in den Unterarm des Patienten gepflanzt. http://spon.de/aeRG4
6
28
41",,6,28,41,[],https://twitter.com/derspiegel/status/796765615113371648
DER SPIEGEL,@derspiegel,2016-11-06T21:15:00.000Z,"DER SPIEGEL
@derspiegel
·
2016年11月7日","China: Die zweitgrößte Volkswirtschaft der Welt drängt immer stärker Richtung Ost- und Mitteleuropa. http://spon.de/aeRwz
3
15
12",,3,15,12,[],https://twitter.com/derspiegel/status/795373946702995456
DER SPIEGEL,@derspiegel,2016-11-03T10:14:41.000Z,"DER SPIEGEL
@derspiegel
·
2016年11月3日","Nach Kritik aus China: Günther #Oettinger entschuldigt sich schriftlich. http://spon.de/aeRo7
6
5
10",,6,5,10,[],https://twitter.com/derspiegel/status/794120605692035072
DER SPIEGEL,@derspiegel,2016-10-27T14:24:36.000Z,"DER SPIEGEL
@derspiegel
·
2016年10月27日","Der Leuchtmittelhersteller Osram darf vorerst nicht nach China vorerst verkauft werden: http://spon.de/aeQ9J
5
8
15",,5,8,15,[],https://twitter.com/derspiegel/status/791646785248890880
DER SPIEGEL,@derspiegel,2016-11-14T07:25:00.000Z,"DER SPIEGEL
@derspiegel
·
2016年11月14日","Der #CO2-Ausstoß wird in diesem Jahr trotz wachsender Weltwirtschaft kaum steigen. China sei Dank! http://spon.de/aeROx
2
14
25",,2,14,25,[],https://twitter.com/derspiegel/status/798064172294672384
DER SPIEGEL,@derspiegel,2016-11-24T20:02:03.000Z,"DER SPIEGEL
@derspiegel
·
2016年11月25日","#Obama begnadigt Truthähne an #Thanksgiving I #Schulz geht nach #Berlin I Unfall auf Kraftwerkbaustelle in #China. Unsere KurzNews im Video.
2
5
14",,2,5,14,[],https://twitter.com/derspiegel/status/801878568380702720
DER SPIEGEL,@derspiegel,2016-12-05T21:25:00.000Z,"DER SPIEGEL
@derspiegel
·
2016年12月6日","Russland und China haben eine UN-Resolution zu einer einwöchigen Feuerpause für #Aleppo blockiert. http://spon.de/aeSIg
17
19
13",,17,19,13,[],https://twitter.com/derspiegel/status/805885711110967302
DER SPIEGEL,@derspiegel,2016-12-02T18:00:02.000Z,"DER SPIEGEL
@derspiegel
·
2016年12月3日","Diesmal soll sie wirklich unsinkbar sein: In China wurde mit dem Nachbau der #Titanic in Originalgröße begonnen. http://spon.de/aeSBC
4
19
12",,4,19,12,[],https://twitter.com/derspiegel/status/804746964596162560
DER SPIEGEL,@derspiegel,2016-12-02T23:50:13.000Z,"DER SPIEGEL
@derspiegel
·
2016年12月3日","Trump telefoniert mit Taiwan - und provoziert China. http://spiegel.de/politik/ausland/a-1124276.html…
3
7
12",,3,7,12,[],https://twitter.com/derspiegel/status/804835090039717889
DER SPIEGEL,@derspiegel,2016-12-06T14:41:40.000Z,"DER SPIEGEL
@derspiegel
·
2016年12月6日","Fußballer Lavezzi verdient in China mehr als  Ronaldo bei Real. Einblicke in einen absurden Vertrag. #FootballLeaks
spiegel.de
Football Leaks: Ezequiel Iván Lavezzi verdient in China 56,7 Millionen Dollar
Schon mal den Namen Ezequiel Iván Lavezzi gehört? Der argentinische Nationalspieler kickt in China und verdient vergleichsweise mehr als Cristiano Ronaldo bei Real Madrid. Einblicke in einen absurden...
4
4
11",,4,4,11,[],https://twitter.com/derspiegel/status/806146593883901952
DER SPIEGEL,@derspiegel,2016-12-22T10:22:01.000Z,"DER SPIEGEL
@derspiegel
·
2016年12月22日","Arbeiter in China leben gefährlich: im vergangenen Jahr kamen bei 282.000 Arbeitsunfällen 66.000 Menschen ums Leben. http://spon.de/aeTnL
1
17
13",,1,17,13,[],https://twitter.com/derspiegel/status/811879456738525184
DER SPIEGEL,@derspiegel,2016-12-18T19:40:01.000Z,"DER SPIEGEL
@derspiegel
·
2016年12月19日","China beschlagnahmt im Südchinesischen Meer eine US-Unterwasserdrohne. Donald #Trump reagiert ungehalten. http://spon.de/aeTcg
4
9
15",,4,9,15,[],https://twitter.com/derspiegel/status/810570330863439876
