UserScreenName,UserName,Timestamp,Text,Embedded_text,Emojis,Comments,Likes,Retweets,Image link,Tweet URL
DER SPIEGEL,@derspiegel,2013-01-04T13:59:33.000Z,"DER SPIEGEL
@derspiegel
·
2013年1月4日","#China: Nach Verschärfung der Internetkontrolle, sind nun Profile prominenter Regimekritiker auf #Weibo gesperrt http://spon.de/adPYA (red)
1",,,1,,[],https://twitter.com/derspiegel/status/287196573975318528
DER SPIEGEL,@derspiegel,2013-01-05T15:01:09.000Z,"DER SPIEGEL
@derspiegel
·
2013年1月5日","Unglaublich! Mitten in einer der trockensten Regionen der Erde, die Taklamakan-#Wüste in #China, liegt #Schnee http://spon.de/adPY6 (red)
3
3",,,3,3,[],https://twitter.com/derspiegel/status/287574464454070272
DER SPIEGEL,@derspiegel,2013-01-14T08:15:44.000Z,"DER SPIEGEL
@derspiegel
·
2013年1月14日","Neun Mio. Autos und damit mehr als je zuvor hat #VW 2012 verkauft. Besonders in #China und #USA läuft es gut http://spon.de/adQn4 (red)
2",,,2,,[],https://twitter.com/derspiegel/status/290733925750431745
DER SPIEGEL,@derspiegel,2013-01-07T12:20:37.000Z,"DER SPIEGEL
@derspiegel
·
2013年1月7日","Prostitution vs. Moralkampagnen: #China hat ein äußerst widersprüchliches Verhältnis zur #Sexualität http://spon.de/adPXy (red)
5
2",,,5,2,[],https://twitter.com/derspiegel/status/288258837482463232
DER SPIEGEL,@derspiegel,2013-01-07T11:22:26.000Z,"DER SPIEGEL
@derspiegel
·
2013年1月7日","China Investment Corporation hat offenbar Interesse an #Daimler. Das Geschäft hätte einen Wert von 4,5 Mrd. Euro http://spon.de/adP4u (red)
2",,,2,,[],https://twitter.com/derspiegel/status/288244197838966784
DER SPIEGEL,@derspiegel,2013-01-08T08:22:29.000Z,"DER SPIEGEL
@derspiegel
·
2013年1月8日","Plant Brad Pitt einen China-Besuch? Ein angeblicher Eintrag bei #SinaWeibo, der das besagt, sorgt für Wirbel http://spon.de/adP7h (mh)
1",,,,1,[],https://twitter.com/derspiegel/status/288561297006682113
DER SPIEGEL,@derspiegel,2013-01-11T11:18:58.000Z,"DER SPIEGEL
@derspiegel
·
2013年1月11日","Verändert die Ein-Kind-Politik die Persönlichkeit der Chinesen? Die junge Generation sei pessimistischer http://spon.de/adQiF (red) #China
1",,,1,,[],https://twitter.com/derspiegel/status/289692875200032768
DER SPIEGEL,@derspiegel,2013-01-03T16:15:57.000Z,"DER SPIEGEL
@derspiegel
·
2013年1月4日",".
@OffbeatChina
 hat eine in China kursierende Infografik, die Foltermethoden im Gefängnis von #Chongqing zeigt http://bit.ly/VNwBU2 (red)
3
1",,,3,1,[],https://twitter.com/derspiegel/status/286868509529612288
DER SPIEGEL,@derspiegel,2013-01-22T10:25:50.000Z,"DER SPIEGEL
@derspiegel
·
2013年1月22日","In #China haben Arbeiter ihre #Manager im Streit über Toiletten-Zeiten und mögliche Strafen als Geisel genommen http://spon.de/adQOQ (red)
14
5",,,14,5,[],https://twitter.com/derspiegel/status/293665769148018688
DER SPIEGEL,@derspiegel,2013-01-27T08:19:58.000Z,"DER SPIEGEL
@derspiegel
·
2013年1月27日","Deutsche Firmen bieten in #China neuerdings eine duale #Ausbildung – die später nach Deutschland führen kann http://spon.de/adQio (red)
5
2",,,5,2,[],https://twitter.com/derspiegel/status/295446036997091330
DER SPIEGEL,@derspiegel,2013-01-17T16:51:43.000Z,"DER SPIEGEL
@derspiegel
·
2013年1月18日","Studenten - ""Made in China"":  Quantität oder auch Qualität? http://nyti.ms/W8S3Ec via 
@nytimes
2
2",,,2,2,[],https://twitter.com/derspiegel/status/291950942100803584
DER SPIEGEL,@derspiegel,2013-01-28T14:55:46.000Z,"DER SPIEGEL
@derspiegel
·
2013年1月28日","Dieses Video zeigt einen umkippenden Laster und einen blitzschnell reagierenden Rollerfahrer in China http://spon.de/vfpm0 (red)
1
4",,,1,4,[],https://twitter.com/derspiegel/status/295908028895604736
DER SPIEGEL,@derspiegel,2013-02-09T15:08:05.000Z,"DER SPIEGEL
@derspiegel
·
2013年2月9日","Innovationen statt Kopien. #China und #Indien holen bei der Zahl der #Patent-Anmeldungen rasant auf http://spon.de/adQw0 (red)
1
4
1",,1,4,1,[],https://twitter.com/derspiegel/status/300259781527097344
DER SPIEGEL,@derspiegel,2013-02-12T14:42:05.000Z,"DER SPIEGEL
@derspiegel
·
2013年2月12日","Was der #Atomtest in #Nordkorea für den engsten Verbündeten #China und den ärgsten Feind #USA bedeutet http://spon.de/adRQl (red)
1",,,1,,[],https://twitter.com/derspiegel/status/301340402798178304
DER SPIEGEL,@derspiegel,2013-02-10T07:35:40.000Z,"DER SPIEGEL
@derspiegel
·
2013年2月10日","#China feiert den Beginn eines neuen Jahres: das der Schlange. Trotz #Smog-Problemen mit viel Pyrotechnik http://spon.de/adRIZ (red)
5
2",,,5,2,[],https://twitter.com/derspiegel/status/300508314708611072
DER SPIEGEL,@derspiegel,2013-02-02T17:29:23.000Z,"DER SPIEGEL
@derspiegel
·
2013年2月3日","Immer mehr US-Zeitungen berichten von #Hack-Attacken aus #China. Bisher wurden sie nur halbherzig bekämpft http://spon.de/adRn6 (red)
2
2",,,2,2,[],https://twitter.com/derspiegel/status/297758629304602624
DER SPIEGEL,@derspiegel,2013-02-05T13:56:25.000Z,"DER SPIEGEL
@derspiegel
·
2013年2月5日","Im Dauerstreit um die #Senkaku-Inseln hat es offenbar einen neuen militärischen Vorfall gegeben http://spon.de/adRvj #China #Japan (red)
2",,,2,,[],https://twitter.com/derspiegel/status/298792197535432705
DER SPIEGEL,@derspiegel,2013-02-08T08:49:29.000Z,"DER SPIEGEL
@derspiegel
·
2013年2月8日","#China hat seine Ausfuhren im Januar stark gesteigert: Die Exporte stiegen im Vorjahresvergleich um 25 Prozent http://spon.de/adRD2 (red)
2",,,2,,[],https://twitter.com/derspiegel/status/299802116288036864
DER SPIEGEL,@derspiegel,2013-02-27T15:13:17.000Z,"DER SPIEGEL
@derspiegel
·
2013年2月27日","Wer Plüschtiere blöd findet, sollte hier nicht einchecken: In China hat das erste Panda-Hotel eröffnet http://spon.de/adSCb (red)
2
2
1",,2,2,1,[],https://twitter.com/derspiegel/status/306784073634951168
DER SPIEGEL,@derspiegel,2013-02-28T18:21:01.000Z,"DER SPIEGEL
@derspiegel
·
2013年3月1日","Bis zu neun Angestellte ihres Vaters machten in #China die Hausaufgaben eines 12-jährigen Mädchens http://spon.de/adSHF #Outsourcing (red)
1
10
2",,1,10,2,[],https://twitter.com/derspiegel/status/307193704597295104
DER SPIEGEL,@derspiegel,2013-02-23T09:34:40.000Z,"DER SPIEGEL
@derspiegel
·
2013年2月23日","Extreme #Umweltverschmutzung in #China: Die Regierung räumt nun die Existenz von 'Krebsdörfern' ein http://spon.de/adSpW (red)
1
10
1",,1,10,1,[],https://twitter.com/derspiegel/status/305249305567055872
DER SPIEGEL,@derspiegel,2013-02-18T16:28:05.000Z,"DER SPIEGEL
@derspiegel
·
2013年2月19日","Transatlantische Freihandelzone: #EU und #USA setzen sich der Wirtschaftsmacht #China entgegen http://spon.de/adR7g (red)
1
6
1",,1,6,1,[],https://twitter.com/derspiegel/status/303541405794582528
DER SPIEGEL,@derspiegel,2013-03-05T10:38:57.000Z,"DER SPIEGEL
@derspiegel
·
2013年3月5日","Bitte was? In China wurden Leichen ausgebuddelt und verkauft - für Geisterhochzeiten http://gu.com/p/3e7kh/tw via 
@guardian
 (aar)
3
5
3",,3,5,3,[],https://twitter.com/derspiegel/status/308889360395276291
DER SPIEGEL,@derspiegel,2013-03-05T12:10:58.000Z,"DER SPIEGEL
@derspiegel
·
2013年3月5日","Der #Volkskongress in Peking bestimmt die neuen Staatsführer. Und die stehen vor Mammutaufgaben http://spon.de/adSSX #KP #China (aar)
2
1",,,2,1,[],https://twitter.com/derspiegel/status/308912517156052992
DER SPIEGEL,@derspiegel,2013-03-05T10:54:57.000Z,"DER SPIEGEL
@derspiegel
·
2013年3月5日","Nach dem #Atomtest von #Nordkorea sollen die USA und selbst China Sanktionen beschlossen haben http://spon.de/adSTv (aar)
2
1",,,2,1,[],https://twitter.com/derspiegel/status/308893386943913984
DER SPIEGEL,@derspiegel,2013-03-14T08:17:26.000Z,"DER SPIEGEL
@derspiegel
·
2013年3月14日","Der neue Präsident von #China heißt Xi Jinping. Er ist bereits Partei- und Militärchef http://spon.de/adTm2 (red)
4
1",,,4,1,[],https://twitter.com/derspiegel/status/312115239929921536
DER SPIEGEL,@derspiegel,2013-03-24T16:56:37.000Z,"DER SPIEGEL
@derspiegel
·
2013年3月25日","#China wirft deutschen Autobauern vor, im Innenraum ihrer Fahrzeuge giftige Stoffe zu verwenden http://spon.de/adTRu (red)
5
5
2",,5,5,2,[],https://twitter.com/derspiegel/status/315869773693067264
DER SPIEGEL,@derspiegel,2013-03-31T16:41:46.000Z,"DER SPIEGEL
@derspiegel
·
2013年4月1日","#IronMan3 wird extra für das chinesische Publikum zugeschnitten, inklusive Auftritt eines China-Superstars http://spon.de/adUaB (red)
1
4
1",,1,4,1,[],https://twitter.com/derspiegel/status/318402753711984640
DER SPIEGEL,@derspiegel,2013-03-25T12:20:00.000Z,"DER SPIEGEL
@derspiegel
·
2013年3月25日","Eine Elite-Uni in #China soll jahrelang mit #Militärhackern zusammengearbeitet haben http://spon.de/adTSq (red)
2",,,2,,[],https://twitter.com/derspiegel/status/316162549760540672
DER SPIEGEL,@derspiegel,2013-03-18T09:33:03.000Z,"DER SPIEGEL
@derspiegel
·
2013年3月18日","Asien rüstet mächtig auf. Ein neues Ranking sieht #China unter den Top Fünf der weltweiten Rüstungsexporteure http://spon.de/adTpj (red)
2",,,2,,[],https://twitter.com/derspiegel/status/313583818391044096
DER SPIEGEL,@derspiegel,2013-04-14T09:18:45.000Z,"DER SPIEGEL
@derspiegel
·
2013年4月14日","Am Ende fehlte nur ein Wimpernschlag für einen Podestplatz: Sebastian #Vettel wird Vierter http://spon.de/adUNI (red) #F1 #Formel1 #China
1",,,1,,[],https://twitter.com/derspiegel/status/323364692124917760
DER SPIEGEL,@derspiegel,2013-04-06T07:50:19.000Z,"DER SPIEGEL
@derspiegel
·
2013年4月6日","#Nordkorea intensiviert seine Drohungen - und richtet sie auch gegen seinen eigentlichen Partner #China http://spon.de/adUq8 (red)
6
4",,,6,4,[],https://twitter.com/derspiegel/status/320443334340513792
DER SPIEGEL,@derspiegel,2013-04-13T07:45:31.000Z,"DER SPIEGEL
@derspiegel
·
2013年4月13日","Lewis #Hamilton startet beim Großen Preis von China von der Pole-Position - #Vettel nur von Platz neun http://spon.de/adUMa #F1 (red)
3
1",,,3,1,[],https://twitter.com/derspiegel/status/322978842111266816
DER SPIEGEL,@derspiegel,2013-04-08T06:46:11.000Z,"DER SPIEGEL
@derspiegel
·
2013年4月8日","China verliert offenbar die Geduld und hat #Nordkorea ungewöhnlich scharf vor einer weiteren Eskalation gewarnt http://spon.de/adUtL (red)
1
7
2",,1,7,2,[],https://twitter.com/derspiegel/status/321151970222157824
DER SPIEGEL,@derspiegel,2013-04-20T07:08:07.000Z,"DER SPIEGEL
@derspiegel
·
2013年4月20日","Ein schweres #Erdbeben der Stärke 7,0 hat am Samstagmorgen die Provinz #Sichuan in #China erschüttert http://spon.de/adU7P (red)
6
2",,,6,2,[],https://twitter.com/derspiegel/status/325506144447647744
DER SPIEGEL,@derspiegel,2013-04-25T11:27:05.000Z,"DER SPIEGEL
@derspiegel
·
2013年4月25日","Stellenanzeige: In China sucht eine Agentur für Zensur einen Pornogucker in Vollzeit. Obst und Joghurt inkl. http://spon.de/adVmo (red)
2
20
1",,2,20,1,[],https://twitter.com/derspiegel/status/327383257295507456
DER SPIEGEL,@derspiegel,2013-04-23T17:58:58.000Z,"DER SPIEGEL
@derspiegel
·
2013年4月24日","Spione sitzen in China, Diebe in den USA. Die Schwachstellen aber sitzen ganz woanders http://spon.de/adVgB #Cyberkriminalität (vk)
3
2",,,3,2,[],https://twitter.com/derspiegel/status/326757101227618305
DER SPIEGEL,@derspiegel,2013-04-19T12:49:41.000Z,"DER SPIEGEL
@derspiegel
·
2013年4月19日","Der Verdacht erhärtet sich, dass die Vogelgrippe #H7N9 in #China auch von Mensch zu Mensch übertragen wird http://spon.de/adU43 (red)
1
7",,1,7,,[],https://twitter.com/derspiegel/status/325229717533913088
DER SPIEGEL,@derspiegel,2013-05-07T06:14:00.000Z,"DER SPIEGEL
@derspiegel
·
2013年5月7日","#Cyber-Konflikt: Hacker aus #China überziehen die Computernetze des US-Militärs gezielt mit Spionage-Attacken http://spon.de/adVTe (red)
4
3",,,4,3,[],https://twitter.com/derspiegel/status/331653121837240320
DER SPIEGEL,@derspiegel,2013-05-10T11:20:22.000Z,"DER SPIEGEL
@derspiegel
·
2013年5月10日","#China reagiert auf die europäischen Strafzölle für #Solarmodule seinerseits mit Protektionismus http://spon.de/adV2K (red)
3",,,3,,[],https://twitter.com/derspiegel/status/332817382789771264
DER SPIEGEL,@derspiegel,2013-05-11T13:29:36.000Z,"DER SPIEGEL
@derspiegel
·
2013年5月11日","#VW plant ein neues Werk in Maos Heimatprovinz Hunan. 300.000 Autos sollen pro Jahr vom Band laufen http://spon.de/adV5Z #China (red)
6",,,6,,[],https://twitter.com/derspiegel/status/333212294102253568
DER SPIEGEL,@derspiegel,2013-05-06T16:27:42.000Z,"DER SPIEGEL
@derspiegel
·
2013年5月7日","Und, wie parkt der Fahrer das #Auto jetzt aus? ;) Über Bauwut in #China: http://spon.de/adVRm (red)
2
1
1",,2,1,1,[],https://twitter.com/derspiegel/status/331445173890465793
DER SPIEGEL,@derspiegel,2013-05-19T13:25:02.000Z,"DER SPIEGEL
@derspiegel
·
2013年5月19日","Die deutsche #Industrie fürchtet einen Handelskrieg und kritisiert die geplanten #Solar-Strafzölle für #China http://spon.de/adWt9 (red)
7
2",,,7,2,[],https://twitter.com/derspiegel/status/336110247976521729
DER SPIEGEL,@derspiegel,2013-05-18T17:29:29.000Z,"DER SPIEGEL
@derspiegel
·
2013年5月19日","Ein sozialkritischer Film aus #China sorgt für Aufregung in #Cannes und trotzt der chinesischen Zensur http://spon.de/adWth (red)
4
1",,,4,1,[],https://twitter.com/derspiegel/status/335809377867018240
DER SPIEGEL,@derspiegel,2013-05-28T13:40:24.000Z,"DER SPIEGEL
@derspiegel
·
2013年5月28日","Hacker aus #China sollen zwei Drittel der großen US-Waffensysteme ausgespäht haben http://spon.de/adWSW (red)
1
3
1",,1,3,1,[],https://twitter.com/derspiegel/status/339375608234643456
DER SPIEGEL,@derspiegel,2013-05-20T14:33:53.000Z,"DER SPIEGEL
@derspiegel
·
2013年5月20日","#China fordert von #Nordkorea die Freilassung von 16 entführten chinesischen Fischern http://spon.de/adWvu (red)
2
1",,,2,1,[],https://twitter.com/derspiegel/status/336489963766042624
DER SPIEGEL,@derspiegel,2013-06-02T07:50:08.000Z,"DER SPIEGEL
@derspiegel
·
2013年6月2日","Nach vielen Hackerattacken: #USA und #China wollen ab jetzt regelmäßig über Cybersicherheit und Spionage reden http://spon.de/adW9k (red)
4
1",,,4,1,[],https://twitter.com/derspiegel/status/341099400241758210
DER SPIEGEL,@derspiegel,2013-06-04T18:20:21.000Z,"DER SPIEGEL
@derspiegel
·
2013年6月5日","Laut Familienplanern in China sollen Frauen künftig für nichteheliche Kinder bestraft werden http://spon.de/adXg0 (mh) #Baby59
1
7
1",,1,7,1,[],https://twitter.com/derspiegel/status/341982772237316097
DER SPIEGEL,@derspiegel,2013-06-04T09:25:23.000Z,"DER SPIEGEL
@derspiegel
·
2013年6月4日","Auch die neue Führung in #Peking duldet keine Gedenkfeier am 24. Jahrestag des #Tiananmen-Massakers http://spon.de/adXey (red) #China
2",,,2,,[],https://twitter.com/derspiegel/status/341848145283645442
DER SPIEGEL,@derspiegel,2013-06-05T07:24:21.000Z,"DER SPIEGEL
@derspiegel
·
2013年6月5日","Wie du mir, so ich dir: #China prüft die Einführung von Strafzöllen auf Weine aus Europa http://spon.de/adXhS #Solarmodule #EU (red)
3",,,3,,[],https://twitter.com/derspiegel/status/342180071467003904
DER SPIEGEL,@derspiegel,2013-06-27T09:50:12.000Z,"DER SPIEGEL
@derspiegel
·
2013年6月27日","Erboste Arbeiter in #China sperrten ihren Chef in der Firma ein. Nach einer Woche ist der #US-Boss wieder frei http://spon.de/adYoT (red)
8
1",,,8,1,[],https://twitter.com/derspiegel/status/350189309653024768
DER SPIEGEL,@derspiegel,2013-06-24T15:11:18.000Z,"DER SPIEGEL
@derspiegel
·
2013年6月24日","US-Außenminister #Kerry droht #China und #Russland: Wer #Snowden schütze, gefährde die Beziehungen zu den #USA http://spon.de/adYgk (red)
2
5
1",,2,5,1,[],https://twitter.com/derspiegel/status/349182955282898945
DER SPIEGEL,@derspiegel,2013-07-13T17:44:53.000Z,"DER SPIEGEL
@derspiegel
·
2013年7月14日","Unwetter in #China: Rund 300.000 Menschen mussten vor dem Taifun #Soulik in Sicherheit gebracht werden http://spon.de/adY9U (red)
2",,,2,,[],https://twitter.com/derspiegel/status/356106975244849152
DER SPIEGEL,@derspiegel,2013-07-07T12:42:40.000Z,"DER SPIEGEL
@derspiegel
·
2013年7月7日","Bald gibt es in #China ein #Disneyland. Die Bewohner des Parks werden aber nicht alle aus Entenhausen stammen http://spon.de/adYOD (red)
1
4
1",,1,4,1,[],https://twitter.com/derspiegel/status/353856591856013312
DER SPIEGEL,@derspiegel,2013-07-05T13:20:36.000Z,"DER SPIEGEL
@derspiegel
·
2013年7月5日","#China setzt Teile seiner Wirtschaft auf Geldentzug. Die Gefahr von Kreditausfällen nimmt jedoch trotzdem zu http://spon.de/adYNL (red)
3",,,3,,[],https://twitter.com/derspiegel/status/353141361295360002
DER SPIEGEL,@derspiegel,2013-07-03T15:45:23.000Z,"DER SPIEGEL
@derspiegel
·
2013年7月3日","Nach Kritik will die #Nestle-Tochter Wyeth Nutrion die Preise für Babynahrung in China wieder senken http://spon.de/adYIb (red)
3",,,,3,[],https://twitter.com/derspiegel/status/352453022896492544
DER SPIEGEL,@derspiegel,2013-07-15T06:01:57.000Z,"DER SPIEGEL
@derspiegel
·
2013年7月15日","Das Wachstumstempo in #China verlangsamt sich, der Unternehmenssektor ist überschuldet. Droht die #Finanzkrise? http://spon.de/adZbt (vk)
2
1",,,2,1,[],https://twitter.com/derspiegel/status/356654851524001793
DER SPIEGEL,@derspiegel,2013-07-26T09:24:38.000Z,"DER SPIEGEL
@derspiegel
·
2013年7月26日","Hohe Schulden, schwache Exporte - Das Wirtschaftswunderland #China muss sich neu erfinden http://spon.de/adZI8 #Strukturwandel (red)
1
1",,,1,1,[],https://twitter.com/derspiegel/status/360692123592433666
DER SPIEGEL,@derspiegel,2013-07-27T09:47:39.000Z,"DER SPIEGEL
@derspiegel
·
2013年7月27日","Kompromiss im Handelsstreit: Die #EU und #China einigten sich auf Mindestpreise für Solarprodukte http://spon.de/adZNa (red)
1
2",,1,2,,[],https://twitter.com/derspiegel/status/361060305045946369
DER SPIEGEL,@derspiegel,2013-07-29T11:38:43.000Z,"DER SPIEGEL
@derspiegel
·
2013年7月29日","Die internationale Tourenwagenserie #DTM kehrt nächstes Jahr nach #China zurück. Der genaue Ort ist noch offen http://spon.de/adZQT (red)
1",,,1,,[],https://twitter.com/derspiegel/status/361813033397391360
DER SPIEGEL,@derspiegel,2013-07-31T18:07:48.000Z,"DER SPIEGEL
@derspiegel
·
2013年8月1日","Auf dieser Insel in #China leben überdurchschnittlich viele Hochbetagte. Forscher haben ihr Geheimnis gelüftet http://spon.de/adZXW (red)
4
3",,,4,3,[],https://twitter.com/derspiegel/status/362635722664058881
DER SPIEGEL,@derspiegel,2013-08-05T13:56:56.000Z,"DER SPIEGEL
@derspiegel
·
2013年8月5日","Fast zwei Drittel aller Produktfälschungen, die in der EU entdeckt werden, stammen aus China http://spon.de/ad0am (red)
4
1",,,4,1,[],https://twitter.com/derspiegel/status/364384528220950528
DER SPIEGEL,@derspiegel,2013-08-13T09:08:07.000Z,"DER SPIEGEL
@derspiegel
·
2013年8月13日","Riesenbedarf in #China, mehr #Fracking und #Offshore-Förderung in den #USA: Ist China bald größter Ölimporteur? http://spon.de/ad0wZ (red)
1
5",,1,5,,[],https://twitter.com/derspiegel/status/367210950987751424
DER SPIEGEL,@derspiegel,2013-08-07T15:15:59.000Z,"DER SPIEGEL
@derspiegel
·
2013年8月7日","#Japan stellt sein größtes Kriegsschiff seit dem Zweiten Weltkrieg vor - und provoziert damit #China http://spon.de/ad0gZ (red)
1
1",,1,1,,[],https://twitter.com/derspiegel/status/365129200195215363
DER SPIEGEL,@derspiegel,2013-08-17T14:15:13.000Z,"DER SPIEGEL
@derspiegel
·
2013年8月17日","In Russland und China mussten mehr als hunderttausend Einwohner wegen #Hochwasser in Sicherheit gebracht werden http://spon.de/ad0J6 (red)
5",,,5,,[],https://twitter.com/derspiegel/status/368737787287068673
DER SPIEGEL,@derspiegel,2013-08-27T09:53:24.000Z,"DER SPIEGEL
@derspiegel
·
2013年8月27日","In #China gehostete Webseiten standen unter Hacker-Dauerbeschuss, am Sonntagmorgen ging fast gar nichts mehr http://spon.de/ad1aT (red)
1
2
1",,1,2,1,[],https://twitter.com/derspiegel/status/372295774106697728
DER SPIEGEL,@derspiegel,2013-08-16T10:22:12.000Z,"DER SPIEGEL
@derspiegel
·
2013年8月16日","Eine Löwenmähne macht noch keinen #Löwen: Ein Zoo in #China setzte seinen Besuchern falsche Raubkatzen vor http://spon.de/ad0GI (red)
9",,,9,,[],https://twitter.com/derspiegel/status/368316756642643968
DER SPIEGEL,@derspiegel,2013-08-28T14:55:39.000Z,"DER SPIEGEL
@derspiegel
·
2013年8月28日","#Journalisten in #China müssen künftig staatlich verordnete #Marxismus-Kurse besuchen http://spon.de/ad1fT (red)
1
2",,1,2,,[],https://twitter.com/derspiegel/status/372734228632313857
DER SPIEGEL,@derspiegel,2013-09-02T14:55:51.000Z,"DER SPIEGEL
@derspiegel
·
2013年9月2日","Wer nach #China reisen will, der sollte die verschärften #Visa-Regelungen beachten, die seit September gelten http://spon.de/ad1tE (red)
5
2",,,5,2,[],https://twitter.com/derspiegel/status/374546218707197952
DER SPIEGEL,@derspiegel,2013-09-12T09:07:14.000Z,"DER SPIEGEL
@derspiegel
·
2013年9月12日","#China inventarisiert die Bodenschätze #Venezuelas. ""Das wird ein Desaster für den Amazonas"", sagen Ureinwohner http://spon.de/ad0XA (red)
5
1",,,5,1,[],https://twitter.com/derspiegel/status/378082363638427648
DER SPIEGEL,@derspiegel,2013-09-18T17:11:05.000Z,"DER SPIEGEL
@derspiegel
·
2013年9月19日","In #China wurde erneut ein #Blogger in Gewahrsam genommen. Zur Empörung vieler Menschen http://on.wsj.com/1aHGXPR via 
@chinarealtime
 (red)
2
2",,,2,2,[],https://twitter.com/derspiegel/status/380378455323336705
DER SPIEGEL,@derspiegel,2013-09-23T06:26:38.000Z,"DER SPIEGEL
@derspiegel
·
2013年9月23日","Der Supertaifun ""#Usagi"" hat im Süden von China schwere Verwüstungen angerichtet, mind. 25 Menschen starben http://spon.de/ad2uT (mh)
2",,,2,,[],https://twitter.com/derspiegel/status/382028213410492416
DER SPIEGEL,@derspiegel,2013-10-11T11:08:52.000Z,"DER SPIEGEL
@derspiegel
·
2013年10月11日","#Foxconn räumt Arbeitsrechtsverletzungen in China ein - Studenten mussten elf Stunden lang Konsolen bauen http://spon.de/ad3o6 (red)
1
7",,1,7,,[],https://twitter.com/derspiegel/status/388622220919980032
DER SPIEGEL,@derspiegel,2013-10-04T14:07:23.000Z,"DER SPIEGEL
@derspiegel
·
2013年10月4日","Kein freies Netz für chinesische #iPhone-User: #Apple blockiert die Anti-#Zensur-#App ""#OpenDoor"" http://spon.de/ad24M #China (red)
4
2",,,4,2,[],https://twitter.com/derspiegel/status/386130431071887360
DER SPIEGEL,@derspiegel,2013-10-08T16:48:09.000Z,"DER SPIEGEL
@derspiegel
·
2013年10月9日","Trotz #Shutdown schonen die Rating-Agenturen den Pleitekandidaten #USA. #Japan u. #China zeigen sich besorgt http://spon.de/ad3fw (red)
1
8",,1,8,,[],https://twitter.com/derspiegel/status/387620440350273536
DER SPIEGEL,@derspiegel,2013-10-12T14:05:54.000Z,"DER SPIEGEL
@derspiegel
·
2013年10月12日","China hat die USA als größten Käufer von #Opec-Öl abgelöst. Das bedeutet mehr Macht, aber auch mehr Pflichten http://spon.de/ad3rP (red)
2
2",,,2,2,[],https://twitter.com/derspiegel/status/389029161320185858
DER SPIEGEL,@derspiegel,2013-10-21T10:42:01.000Z,"DER SPIEGEL
@derspiegel
·
2013年10月21日","China vergrößert seinen Einfluss im globalen #Waffenhandel. Die USA schrecken deswegen auf http://spon.de/ad3PP (red)
1
2",,1,2,,[],https://twitter.com/derspiegel/status/392239342942314497
DER SPIEGEL,@derspiegel,2013-10-21T11:03:01.000Z,"DER SPIEGEL
@derspiegel
·
2013年10月21日","Großbritannien baut sein erstes neues Atomkraftwerk seit Jahrzehnten - in Kooperation mit China http://spon.de/ad3P1 #AKW (red)
3
7
1",,3,7,1,[],https://twitter.com/derspiegel/status/392244628667117570
DER SPIEGEL,@derspiegel,2013-10-16T12:36:51.000Z,"DER SPIEGEL
@derspiegel
·
2013年10月16日","Die #Türkei möchte Flugabwehrraketen aus #China bestellen. #Nato-Offiziere sind entsetzt darüber http://spon.de/ad3Ca (red)
1
8
3",,1,8,3,[],https://twitter.com/derspiegel/status/390456304008822785
DER SPIEGEL,@derspiegel,2013-10-18T05:29:47.000Z,"DER SPIEGEL
@derspiegel
·
2013年10月18日","Ex-#NSA-Mitarbeiter #Snowden: #Russland und #China haben keine US-Geheimdokumente http://spon.de/ad3It (CvD)
3",,,3,,[],https://twitter.com/derspiegel/status/391073604470702081
DER SPIEGEL,@derspiegel,2013-11-08T08:07:23.000Z,"DER SPIEGEL
@derspiegel
·
2013年11月8日","#China grinst bei der #KP-Tagung über die USA - und wirbt um #Deutschland als künftigen Partner http://spon.de/ad4F0 (red)
1
6
2",,1,6,2,[],https://twitter.com/derspiegel/status/398723410055811073
DER SPIEGEL,@derspiegel,2013-11-03T16:18:25.000Z,"DER SPIEGEL
@derspiegel
·
2013年11月4日","Die legendäre Wein-Dynastie Rothschild entdeckt #China für sich. Das Château Lafite haben sie schon nachgebaut http://spon.de/ad3K6 (red)
3
3",,,3,3,[],https://twitter.com/derspiegel/status/397035044167892992
DER SPIEGEL,@derspiegel,2013-11-16T17:48:48.000Z,"DER SPIEGEL
@derspiegel
·
2013年11月17日","#Neuschwanstein in #China: Der Millionär Liu Chonghua sammelt Schlösser, handelt sich damit aber viel Ärger ein http://spon.de/ad47W (red)
1
7
3",,1,7,3,[],https://twitter.com/derspiegel/status/401768831749607424
DER SPIEGEL,@derspiegel,2013-11-24T07:40:09.000Z,"DER SPIEGEL
@derspiegel
·
2013年11月24日","Chinas Flugüberwachungszone: Die #USA sind beunruhigt über die Entwicklungen im Ostchinesischen Meer http://spon.de/ad5t7 #China (red)
6
4",,,6,4,[],https://twitter.com/derspiegel/status/404514760898523136
DER SPIEGEL,@derspiegel,2013-11-23T14:42:46.000Z,"DER SPIEGEL
@derspiegel
·
2013年11月23日","#Google könnte die Internet-Zensur in #China in 10 Tagen beenden. Warum tut es das nicht? http://bit.ly/1aCQ45k via 
@guardian
 (red)
2
9
5",,2,9,5,[],https://twitter.com/derspiegel/status/404258729048035328
DER SPIEGEL,@derspiegel,2013-11-15T11:59:59.000Z,"DER SPIEGEL
@derspiegel
·
2013年11月15日","Reformpolitik in #China - Die chinesische KP hat die Abschaffung von Umerziehungslagern angekündigt http://spon.de/ad45w (red)
3
1",,,3,1,[],https://twitter.com/derspiegel/status/401318660683227136
DER SPIEGEL,@derspiegel,2013-12-03T09:10:19.000Z,"DER SPIEGEL
@derspiegel
·
2013年12月3日","""Xichang, wir haben was verloren"": Nach einem Raketenstart in #China krachte Raumfahrtschrott in ein Dorf http://spon.de/ad5Tl (red)
4
4",,,4,4,[],https://twitter.com/derspiegel/status/407798945331818496
DER SPIEGEL,@derspiegel,2013-12-01T12:48:20.000Z,"DER SPIEGEL
@derspiegel
·
2013年12月1日","Machtkampf um #Kumtor-Mine: Auf 4000 Metern Höhe graben Kanadier an der Grenze zu China nach Gold http://spon.de/ad5EN #Kirgisien (red)
1
3
2",,1,3,2,[],https://twitter.com/derspiegel/status/407129033021718528
DER SPIEGEL,@derspiegel,2013-12-04T12:57:10.000Z,"DER SPIEGEL
@derspiegel
·
2013年12月4日","Der #Yuan hat #Euro und #Yen hinter sich gelassen und ist nun zweitwichtigste Handelswährung der Welt http://spon.de/ad5WN #China (red)
1
7
3",,1,7,3,[],https://twitter.com/derspiegel/status/408218422766358528
DER SPIEGEL,@derspiegel,2013-12-08T08:03:29.000Z,"DER SPIEGEL
@derspiegel
·
2013年12月8日","Nach China erweitert nun auch Südkorea seine Luftverteidigungszone im Ostchinesischen Meer http://spon.de/ad58w (red)
1
6
2",,1,6,2,[],https://twitter.com/derspiegel/status/409594064732815360
DER SPIEGEL,@derspiegel,2013-12-24T09:40:23.000Z,"DER SPIEGEL
@derspiegel
·
2013年12月24日","Skandal in China: Ein Kunde beschuldigt Wal-Mart, ihm Fuchs- als Eselsfleisch verkauft zu haben http://bit.ly/1cOVHLl via 
@qz
 (red)
5
8
15",,5,8,15,[],https://twitter.com/derspiegel/status/415416654085251072
DER SPIEGEL,@derspiegel,2013-12-14T13:27:47.000Z,"DER SPIEGEL
@derspiegel
·
2013年12月14日","+ + + Eilmeldung + + + ""Chang'e-3"": Chinesisches Raumschiff auf dem Mond gelandet #Mondlandung #Change3 #China http://spon.de/ad6sQ (red)
3
19
6",,3,19,6,[],https://twitter.com/derspiegel/status/411850003242426368
DER SPIEGEL,@derspiegel,2013-12-26T08:48:10.000Z,"DER SPIEGEL
@derspiegel
·
2013年12月26日","Japans Premier Abe provoziert #China mit einem Kriegsschrein-Besuch http://spon.de/ad6Vh (red)
10
4",,,10,4,[],https://twitter.com/derspiegel/status/416128291817263104
DER SPIEGEL,@derspiegel,2013-12-23T04:28:14.000Z,"DER SPIEGEL
@derspiegel
·
2013年12月23日","Guten Morgen. Schöne Bescherung für #Apple: Der #iPhone-Konzern erzielt einen Mega-Deal mit China Mobile http://spon.de/ad6Q0 (CvD)
2
3",,,2,3,[],https://twitter.com/derspiegel/status/414975711506489346
