UserScreenName,UserName,Timestamp,Text,Embedded_text,Emojis,Comments,Likes,Retweets,Image link,Tweet URL
DER SPIEGEL,@derspiegel,2017-01-09T07:50:00.000Z,"DER SPIEGEL
@derspiegel
·
2017年1月9日","Das Thema #Taiwan wird zum Problem für die Beziehungen zwischen #China und den #USA.  http://spon.de/aeTTz
4
11
6",,4,11,6,[],https://twitter.com/derspiegel/status/818364185356763140
DER SPIEGEL,@derspiegel,2017-01-05T09:14:01.000Z,"DER SPIEGEL
@derspiegel
·
2017年1月5日","Ein Apple-Sprecher sagte, sie wurden informiert, dass die #NY-Times-App gegen ""lokale Vorschriften"" verstoße. #China http://spon.de/aeTLJ
5
11
11",,5,11,11,[],https://twitter.com/derspiegel/status/816935775250038784
DER SPIEGEL,@derspiegel,2017-01-05T21:55:01.000Z,"DER SPIEGEL
@derspiegel
·
2017年1月6日","Donald #Trump provoziert wiederholt China. Der Leidtragende: Der kleine Inselstaat Taiwan. http://spon.de/aeTLo
3
18
11",,3,18,11,[],https://twitter.com/derspiegel/status/817127287720026112
DER SPIEGEL,@derspiegel,2017-01-14T16:18:31.000Z,"DER SPIEGEL
@derspiegel
·
2017年1月15日","#China will 2017 doppelt so viel Feinstaub akzeptieren wie von der WHO empfohlen. http://spon.de/aeT7X
5
19
12",,5,19,12,[],https://twitter.com/derspiegel/status/820304096129228800
DER SPIEGEL,@derspiegel,2017-01-07T19:30:01.000Z,"DER SPIEGEL
@derspiegel
·
2017年1月8日","Lukas Podolski steht offenbar kurz vor einem Wechsel nach China. Mehr Gerüchte und Transfers gibt es hier: http://spon.de/aeTSb
8
11
23",,8,11,23,[],https://twitter.com/derspiegel/status/817815574617071616
DER SPIEGEL,@derspiegel,2017-01-12T17:15:01.000Z,"DER SPIEGEL
@derspiegel
·
2017年1月13日","China hat den Ausbau seiner Internet-Infrastruktur angekündigt. Kostenpunkt: 164 Milliarden Euro http://spon.de/aeT2G
3
9
15",,3,9,15,[],https://twitter.com/derspiegel/status/819593539789144064
DER SPIEGEL,@derspiegel,2017-01-05T16:25:02.000Z,"DER SPIEGEL
@derspiegel
·
2017年1月6日","Pierre-Emerick #Aubameyang von Borussia Dortmund soll ein unmoralisches Angebot aus China vorliegen. http://spon.de/aeTNe
5
3
4",,5,3,4,[],https://twitter.com/derspiegel/status/817044243067744256
DER SPIEGEL,@derspiegel,2017-01-05T22:25:01.000Z,"DER SPIEGEL
@derspiegel
·
2017年1月6日","Was ist eigentlich die Ein-China-Politik? Ein Überblick: http://spon.de/aeTN8
2
2
6",,2,2,6,[],https://twitter.com/derspiegel/status/817134836523487232
DER SPIEGEL,@derspiegel,2017-01-30T11:10:00.000Z,"DER SPIEGEL
@derspiegel
·
2017年1月30日","China profitiert von der Abschottung Trumps und steigt zum wichtigsten Handelspartner für Deutschland auf: http://spon.de/aeUJg
9
20
30",,9,20,30,[],https://twitter.com/derspiegel/status/826024660747759616
DER SPIEGEL,@derspiegel,2017-01-23T14:00:04.000Z,"DER SPIEGEL
@derspiegel
·
2017年1月23日","China verschärft den Kampf gegen Internet-Dienste, mit deren Hilfe die Webblockade des Landes umgangen werden kann: http://spon.de/aeUst
1
3
7",,1,3,7,[],https://twitter.com/derspiegel/status/823530745259921408
DER SPIEGEL,@derspiegel,2017-01-30T15:59:00.000Z,"DER SPIEGEL
@derspiegel
·
2017年1月30日","Das Bundeswirtschaftsministerium winkt den Verkauf von Osrams Lampensparte nach China durch. http://spon.de/aeUKa
7
9
10",,7,9,10,[],https://twitter.com/derspiegel/status/826097390671126529
DER SPIEGEL,@derspiegel,2017-01-31T13:05:25.000Z,"DER SPIEGEL
@derspiegel
·
2017年1月31日","EU-Ratspräsident #Tusk hat sich scharf von den USA distanziert und stellt sie in eine Reihe mit China und Russland.
spiegel.de
DER SPIEGEL | Online-Nachrichten
Deutschlands führende Nachrichtenseite. Alles Wichtige aus Politik, Wirtschaft, Sport, Kultur, Wissenschaft, Technik und mehr.
7
29
45",,7,29,45,['https://pbs.twimg.com/card_img/1500247344352272390/LsuBuxsK?format=jpg&name=small'],https://twitter.com/derspiegel/status/826416091811475457
DER SPIEGEL,@derspiegel,2017-02-10T07:54:00.000Z,"DER SPIEGEL
@derspiegel
·
2017年2月10日","Erst hat #Trump China mit einem Telefonat mit Taiwans Präsidentin verärgert - nun umgarnt er Staatschef Xi Jinping. http://spon.de/aeU9s
2
5
8",,2,5,8,[],https://twitter.com/derspiegel/status/829961603516739585
DER SPIEGEL,@derspiegel,2017-02-09T12:43:01.000Z,"DER SPIEGEL
@derspiegel
·
2017年2月9日","In einer Fabrik in #China, die unter anderem defekte Akkus von #Samsung aufarbeitet, hat es einen Brand gegeben: http://spon.de/aeU7G
2
6
14",,2,6,14,[],https://twitter.com/derspiegel/status/829671945570570240
DER SPIEGEL,@derspiegel,2017-02-24T11:00:02.000Z,"DER SPIEGEL
@derspiegel
·
2017年2月24日","Die USA sind nicht mehr Deutschlands wichtigster Handelspartner. Den Rang nahm 2016 China ein. Platz 2: Frankreich.
http://spon.de/aeVIv
16
20",,,16,20,[],https://twitter.com/derspiegel/status/835081847558135808
DER SPIEGEL,@derspiegel,2017-02-20T11:20:00.000Z,"DER SPIEGEL
@derspiegel
·
2017年2月20日","Der schnellste Computer der Welt kommt mal wieder aus China. Er soll zehnmal so flink sein wie das bisherige Modell. http://spon.de/aeVwK
3
13
27",,3,13,27,[],https://twitter.com/derspiegel/status/833637322281230336
DER SPIEGEL,@derspiegel,2017-02-23T20:58:00.000Z,"DER SPIEGEL
@derspiegel
·
2017年2月24日","Wayne Rooney hat durch ein Treuebekenntnis zu Manchester United Spekulationen über einen Wechsel nach China beendet. http://spon.de/aeVHD
4
15",,,4,15,[],https://twitter.com/derspiegel/status/834869946219778048
DER SPIEGEL,@derspiegel,2017-02-22T09:30:01.000Z,"DER SPIEGEL
@derspiegel
·
2017年2月22日","In China hat sich der Boom auf dem Immobilienmarkt deutlich abgeschwächt. http://spon.de/aeVCa
2
4",,,2,4,[],https://twitter.com/derspiegel/status/834334420265951232
DER SPIEGEL,@derspiegel,2017-02-24T20:40:00.000Z,"DER SPIEGEL
@derspiegel
·
2017年2月25日","China hat einen neuen Handelsminister und einen neuen Chef der höchsten wirtschaftlichen Planungsbehörden. http://spon.de/aeVKz
2
6
9",,2,6,9,[],https://twitter.com/derspiegel/status/835227803339481088
DER SPIEGEL,@derspiegel,2017-02-17T12:28:00.000Z,"DER SPIEGEL
@derspiegel
·
2017年2月17日","Schweinefüße sind in China eine Delikatesse. Doch nun hat Peking die Lieferungen aus Deutschland verboten. http://spon.de/aeVq8
5
11
8",,5,11,8,[],https://twitter.com/derspiegel/status/832567271704784896
DER SPIEGEL,@derspiegel,2017-02-23T10:15:00.000Z,"DER SPIEGEL
@derspiegel
·
2017年2月23日","Die in Washington geborene Riesenpanda-Dame Bao Bao ist nach fast 17-stündigem Flug in China gelandet. http://spon.de/aeVFn
1
6
21",,1,6,21,[],https://twitter.com/derspiegel/status/834708129044635648
DER SPIEGEL,@derspiegel,2017-03-14T15:10:00.000Z,"DER SPIEGEL
@derspiegel
·
2017年3月14日","China baut um - manchmal werden Häuser um 40 Meter versetzt, manchmal auf einen ganz anderen Kontinent.
http://spon.de/aeWno
1
3
6",,1,3,6,['https://pbs.twimg.com/media/C64fxY7WgAAaBdt?format=jpg&name=900x900'],https://twitter.com/derspiegel/status/841667738003165184
DER SPIEGEL,@derspiegel,2017-03-13T17:38:01.000Z,"DER SPIEGEL
@derspiegel
·
2017年3月14日","Mit der Regulierung ausländischer Kinderbücher will China den Kulturimperialismus stoppen: http://spon.de/aeWmo
2
23
11",,2,23,11,[],https://twitter.com/derspiegel/status/841342597041934337
DER SPIEGEL,@derspiegel,2017-03-04T14:50:01.000Z,"DER SPIEGEL
@derspiegel
·
2017年3月4日","Einen Tag vor Beginn des großen Volkskongresses gibt #China seine Pläne für den Militäretat bekannt. http://spon.de/aeV2i
3
13
4",,3,13,4,[],https://twitter.com/derspiegel/status/838038828312993793
DER SPIEGEL,@derspiegel,2017-03-04T11:20:01.000Z,"DER SPIEGEL
@derspiegel
·
2017年3月4日","Eine Partei, 3000 Abgeordnete und vier große Fragen: In Peking kommt das chinesische Parlament zusammen. #China http://spon.de/aeV11
2
4
6",,2,4,6,[],https://twitter.com/derspiegel/status/837985979914940418
DER SPIEGEL,@derspiegel,2017-03-14T06:30:00.000Z,"DER SPIEGEL
@derspiegel
·
2017年3月14日","China schenkt Trier eine Marx-Statue und Neues von der ""Big Bang Theory"": Alle News in #DerMorgenLive mit 
@Lablass
.
http://spon.de/aeWcR
7
9",,,7,9,[],https://twitter.com/derspiegel/status/841536874078396418
DER SPIEGEL,@derspiegel,2017-03-31T12:41:54.000Z,"DER SPIEGEL
@derspiegel
·
2017年3月31日","Nach dem angekündigten Verbot für den Handel mit Elfenbein schließt China nun die ersten Geschäfte. http://spon.de/aeW4P
6
10
40",,6,10,40,[],https://twitter.com/derspiegel/status/847791058784268292
DER SPIEGEL,@derspiegel,2017-03-27T12:15:01.000Z,"DER SPIEGEL
@derspiegel
·
2017年3月27日","EU-Plan: Firmenübernahmen durch Staaten wie China sollen künftig verhindert werden können. http://spon.de/aeWSl
5
6
13",,5,6,13,[],https://twitter.com/derspiegel/status/846334744585535489
DER SPIEGEL,@derspiegel,2017-03-17T12:35:00.000Z,"DER SPIEGEL
@derspiegel
·
2017年3月17日","Saudi-Arabien und China bauen ihre wirtschaftliche Zusammenarbeit aus. http://spon.de/aeWwJ
2
2
6",,2,2,6,[],https://twitter.com/derspiegel/status/842715895088652289
DER SPIEGEL,@derspiegel,2017-04-14T07:30:01.000Z,"DER SPIEGEL
@derspiegel
·
2017年4月14日","Die Spannungen zwischen den USA und Nordkorea halten an. China mahnte Pjöngjang, den Konflikt nicht zu eskalieren. http://spon.de/aeXBA
10
35
33",,10,35,33,[],https://twitter.com/derspiegel/status/852786001575636992
DER SPIEGEL,@derspiegel,2017-04-15T13:58:12.000Z,"DER SPIEGEL
@derspiegel
·
2017年4月15日","China und Russland wollen sich für eine Entspannung in dem sich zuspitzenden Konflikt mit Nordkorea einsetzen. http://spon.de/aeXCS
4
11
15",,4,11,15,[],https://twitter.com/derspiegel/status/853246077553827840
DER SPIEGEL,@derspiegel,2017-04-06T12:25:01.000Z,"DER SPIEGEL
@derspiegel
·
2017年4月6日","Zum Schutz der Industrie hat die EU-Kommission die Importzölle auf bestimmte Stahlprodukte aus China angehoben. http://spon.de/aeXhX
3
8
10",,3,8,10,[],https://twitter.com/derspiegel/status/849961137038909440
DER SPIEGEL,@derspiegel,2017-04-06T20:50:00.000Z,"DER SPIEGEL
@derspiegel
·
2017年4月7日","Trump verlangt, dass Peking den Druck auf Diktator Kim erhöht. Doch China sträubt sich. Ein Kompromiss? Schwierig. http://spon.de/aeXiH
9
5",,,9,5,[],https://twitter.com/derspiegel/status/850088222432518144
DER SPIEGEL,@derspiegel,2017-04-05T07:50:00.000Z,"DER SPIEGEL
@derspiegel
·
2017年4月5日","Zwischen China und den USA ist es frostig. Trotzdem brauchen beide einander, schreiben 
@vmedick
 und 
@mpitzke
. http://spon.de/aeXa3
2
12
11",,2,12,11,[],https://twitter.com/derspiegel/status/849529540946743296
DER SPIEGEL,@derspiegel,2017-04-11T06:01:00.000Z,"DER SPIEGEL
@derspiegel
·
2017年4月11日","@amnesty
 Jahresbericht: Weniger Hinrichtungen*, mehr Todesurteile http://spon.de/aeXrN *ohne Zahlen aus China
3",,,3,,[],https://twitter.com/derspiegel/status/851676436444270593
DER SPIEGEL,@derspiegel,2017-04-20T15:20:00.000Z,"DER SPIEGEL
@derspiegel
·
2017年4月20日","Mit dem geglückten Start eines Raumfrachters kommt China dem Bau seiner geplanten Raumstation näher. http://spon.de/aeXNg
1
10
13",,1,10,13,['https://pbs.twimg.com/media/C93YagUXcAARiXx?format=jpg&name=900x900'],https://twitter.com/derspiegel/status/855078605033938944
DER SPIEGEL,@derspiegel,2017-04-26T05:55:00.000Z,"DER SPIEGEL
@derspiegel
·
2017年4月26日","China baut ersten eigenen Flugzeugträger - und deutet Anspruch an, auf den Weltmeeren eine Großmacht zu werden. http://spon.de/aeXZs
8
10
10",,8,10,10,[],https://twitter.com/derspiegel/status/857110744902492160
DER SPIEGEL,@derspiegel,2017-04-26T18:59:01.000Z,"DER SPIEGEL
@derspiegel
·
2017年4月27日","China und Russland haben sich besorgt über die zunehmenden Spannungen zwischen den USA und Nordkorea geäußert. http://spon.de/aeX1J
7
13
8",,7,13,8,[],https://twitter.com/derspiegel/status/857308048142082052
DER SPIEGEL,@derspiegel,2017-04-26T05:10:01.000Z,"DER SPIEGEL
@derspiegel
·
2017年4月26日","#DerMorgenLive mit 
@Lablass
: Riesenspinne in Nordmexiko | Raketenabwehrsystem in Südkorea | Flugzeugträger in China http://spon.de/aeXML
6
7",,,6,7,[],https://twitter.com/derspiegel/status/857099425830887425
DER SPIEGEL,@derspiegel,2017-05-08T08:02:00.000Z,"DER SPIEGEL
@derspiegel
·
2017年5月8日","In China sterben 18 Kumpel an Gasvergiftung. Vorgesetzte wurden festgenommen. http://spon.de/aeYq2
1
2",,,1,2,[],https://twitter.com/derspiegel/status/861491359584141312
DER SPIEGEL,@derspiegel,2017-05-14T18:22:45.000Z,"DER SPIEGEL
@derspiegel
·
2017年5月15日","Internetcafés sind in China beliebter als in Deutschland. Jingli Wu hat die Besucher fotografiert: http://spiegel.de/fotostrecke/internetcafe-in-china-jingli-wu-fotografiert-nerds-im-netz-fotostrecke-147353.html…
8
11",,,8,11,['https://pbs.twimg.com/media/C_zpVffW0AADR8t?format=jpg&name=900x900'],https://twitter.com/derspiegel/status/863821901868785664
DER SPIEGEL,@derspiegel,2017-05-07T10:30:02.000Z,"DER SPIEGEL
@derspiegel
·
2017年5月7日","Erneuter Interessenskonflikt?
 Familie Kushner wirbt in China um Investoren für ein 150-Milliarden-Dollar-Projekt. http://spon.de/aeYpI
2
20
7",,2,20,7,[],https://twitter.com/derspiegel/status/861166223932968960
DER SPIEGEL,@derspiegel,2017-05-14T12:49:00.000Z,"DER SPIEGEL
@derspiegel
·
2017年5月14日","In Peking feiert China mit der ""neuen Seidenstraße"" das größte Entwicklungsprogramm seit dem Marshallplan. http://spon.de/aeYHE
1
5
13",,1,5,13,[],https://twitter.com/derspiegel/status/863737913250545664
DER SPIEGEL,@derspiegel,2017-05-15T13:30:03.000Z,"DER SPIEGEL
@derspiegel
·
2017年5月15日","In China verziert ein Tattoo-Künstler die Kaiserschnittnarben von Müttern mit Blumenbildern. Die Fotos:
spiegel.de
China: Tätowierer lässt Kaiserschnitt-Narben verschwinden
Etwa jedes dritte Baby in China kommt per Kaiserschnitt zur Welt. Ein Tätowierer in Shanghai lässt die Narben unter Kronen, Federn, Katzen oder Blumen verschwinden.
2
5
23",,2,5,23,['https://pbs.twimg.com/card_img/1501038386773114881/yBrgUXtK?format=jpg&name=medium'],https://twitter.com/derspiegel/status/864110630491615232
DER SPIEGEL,@derspiegel,2017-05-10T16:43:15.000Z,"DER SPIEGEL
@derspiegel
·
2017年5月11日","Seit Jahren kämpfte der Ökostrom-Konzern Solarworld gegen Billig-Konkurrenz aus China. Nun kündigen sie Insolvenz an http://spon.de/aeYzu
2
11
6",,2,11,6,[],https://twitter.com/derspiegel/status/862347310252130305
DER SPIEGEL,@derspiegel,2017-05-04T13:15:31.000Z,"DER SPIEGEL
@derspiegel
·
2017年5月4日","Audi hat in China im ersten Quartal statt der geplanten 140.000 nur noch 109.000 Autos verkauft. http://spon.de/aeYjF
1
5
7",,1,5,7,[],https://twitter.com/derspiegel/status/860120705916174337
DER SPIEGEL,@derspiegel,2017-05-21T07:46:00.000Z,"DER SPIEGEL
@derspiegel
·
2017年5月21日","Laut einem Bericht der ""New York Times"" hat China bis zu 20 CIA-Informanten getötet oder festgenommen. http://spon.de/aeYY2
4
30
9",,4,30,9,[],https://twitter.com/derspiegel/status/866198375745568768
DER SPIEGEL,@derspiegel,2017-05-24T05:52:00.000Z,"DER SPIEGEL
@derspiegel
·
2017年5月24日","Gabriels Einsatz: China soll bereit sein, die bei deutschen Autobauern gefürchtete E-Auto-Quote zu lockern.
http://spon.de/aeY49
4
11
9",,4,11,9,[],https://twitter.com/derspiegel/status/867256851783589888
DER SPIEGEL,@derspiegel,2017-05-25T13:52:00.000Z,"DER SPIEGEL
@derspiegel
·
2017年5月25日","Ein US-Zerstörer ist durch von China beanspruchtes Gebiete gefahren. Es folgte ein verbaler Schlagabtausch: http://spon.de/aeY8n
5
8
18",,5,8,18,[],https://twitter.com/derspiegel/status/867740035461795840
DER SPIEGEL,@derspiegel,2017-05-24T08:59:00.000Z,"DER SPIEGEL
@derspiegel
·
2017年5月24日","#Microsoft programmiert ein eigenes #Windows für die Regierung in China. Das hat ganz bestimmte Gründe. 
http://spon.de/aeY5g
2
3
5",,2,3,5,[],https://twitter.com/derspiegel/status/867303910737723392
DER SPIEGEL,@derspiegel,2017-05-24T06:01:00.000Z,"DER SPIEGEL
@derspiegel
·
2017年5月24日","Korea-Krise: Außenminister Gabriel erinnert China an seine ""große Verantwortung"" und fordert mehr Engagement.
http://spon.de/aeY44
3
1
5",,3,1,5,[],https://twitter.com/derspiegel/status/867259115302785027
DER SPIEGEL,@derspiegel,2017-06-06T07:38:17.000Z,"DER SPIEGEL
@derspiegel
·
2017年6月6日","Der US-Botschafter in China quittiert früher als geplant seinen Dienst. Der Grund: Trumps Abkehr vom Klimaabkommen.
http://spon.de/aeZwP
4
31
84",,4,31,84,[],https://twitter.com/derspiegel/status/871994639858970624
DER SPIEGEL,@derspiegel,2017-06-02T17:51:06.000Z,"DER SPIEGEL
@derspiegel
·
2017年6月3日","Handelszwist: EU und China scheitern an gemeinsamer Klimaerklärung http://spiegel.de/wirtschaft/soziales/eu-und-china-scheitern-an-gemeinsamer-klimaerklaerung-a-1150568.html?utm_source=dlvr.it&utm_medium=%5Bfacebook%5D&utm_campaign=%5Bspontop%5D#ref=rss…
7
11
10",,7,11,10,['https://pbs.twimg.com/media/DBVYZ7qUQAEVe4f?format=jpg&name=900x900'],https://twitter.com/derspiegel/status/870699307988467712
DER SPIEGEL,@derspiegel,2017-06-07T10:02:00.000Z,"DER SPIEGEL
@derspiegel
·
2017年6月7日","Nach dem angekündigten Ausstieg der USA aus dem Klimaabkommen macht Kalifornien nun gemeinsame Sache mit China. http://spon.de/aeZAg
2
19
60",,2,19,60,[],https://twitter.com/derspiegel/status/872393195564408832
DER SPIEGEL,@derspiegel,2017-06-12T09:07:00.000Z,"DER SPIEGEL
@derspiegel
·
2017年6月12日","In #Sydney musste ein Flugzeug der China Eastern Airlines kurz nach dem Start umkehren und notlanden. http://spon.de/aeZLQ
1
3
10",,1,3,10,[],https://twitter.com/derspiegel/status/874191292359626752
DER SPIEGEL,@derspiegel,2017-06-23T05:32:09.000Z,"DER SPIEGEL
@derspiegel
·
2017年6月23日","Die Pandas aus China sind da! Die Volksrepublik verleiht seine Tiere schon seit Jahrzehnten an Zoos in aller Welt. 
http://spon.de/aeZ7s
6
16
33",,6,16,33,[],https://twitter.com/derspiegel/status/878123488258793472
DER SPIEGEL,@derspiegel,2017-06-22T16:28:00.000Z,"DER SPIEGEL
@derspiegel
·
2017年6月23日","Spielzeug-Armbrüste, die Zahnstocher verschießen können, sind der neuste Hit in China - zur Sorge vieler Eltern. http://spon.de/ae0gE
11
25
27",,11,25,27,[],https://twitter.com/derspiegel/status/877926153218007040
DER SPIEGEL,@derspiegel,2017-06-24T05:40:09.000Z,"DER SPIEGEL
@derspiegel
·
2017年6月24日","Dorf in China verschüttet: Berghang abgerutscht - mehr als hundert Vermisste http://spiegel.de/panorama/china-mehr-als-100-vermisste-nach-erdrutsch-in-provinz-sichuan-a-1153870.html?utm_source=dlvr.it&utm_medium=%5Bfacebook%5D&utm_campaign=%5Bspontop%5D#ref=rss…
2
10
11",,2,10,11,['https://pbs.twimg.com/media/DDEEFJ3UwAA6USa?format=jpg&name=900x900'],https://twitter.com/derspiegel/status/878487891227197440
DER SPIEGEL,@derspiegel,2017-06-26T10:56:00.000Z,"DER SPIEGEL
@derspiegel
·
2017年6月26日","China hat dem inhaftierten Friedensnobelpreisträger Liu Xiaobo ""Bewährung aus medizinischen Gründen"" gewährt: http://spon.de/ae0t6
8
20",,,8,20,[],https://twitter.com/derspiegel/status/879292155067457537
DER SPIEGEL,@derspiegel,2017-06-25T14:17:00.000Z,"DER SPIEGEL
@derspiegel
·
2017年6月25日","Erstmals seit 2006 gab es bei den China Open keinen chinesischen Tischtennis-Sieger - sondern einen deutschen. http://spon.de/ae0oR
1
5
23",,1,5,23,[],https://twitter.com/derspiegel/status/878980350180868096
DER SPIEGEL,@derspiegel,2017-06-23T09:23:01.000Z,"DER SPIEGEL
@derspiegel
·
2017年6月23日","Ein Motorradfahrer in China zeigte bei einer Polizeikontrolle eine CIA-Dienstmarke vor - allerdings keine echte.
http://spon.de/ae0hQ
2
2
5",,2,2,5,[],https://twitter.com/derspiegel/status/878181590198697984
DER SPIEGEL,@derspiegel,2017-07-01T17:14:11.000Z,"DER SPIEGEL
@derspiegel
·
2017年7月2日","Amerika dominiert - China holt auf: Die wertvollsten Konzerne kommen aus den USA http://spiegel.de/wirtschaft/unternehmen/ranking-die-wertvollsten-konzerne-kommen-aus-den-usa-a-1155421.html?utm_source=dlvr.it&utm_medium=%5Bfacebook%5D&utm_campaign=%5Bspontop%5D#ref=rss…
5
8
14",,5,8,14,['https://pbs.twimg.com/media/DDqmDtiVwAEXM1E?format=jpg&name=900x900'],https://twitter.com/derspiegel/status/881199264176644096
DER SPIEGEL,@derspiegel,2017-07-03T07:48:03.000Z,"DER SPIEGEL
@derspiegel
·
2017年7月3日","Manöver im Südchinesischen Meer: China wirft USA Provokation vor http://spiegel.de/politik/ausland/suedchinesisches-meer-china-kritisiert-manoever-von-us-zerstoerer-a-1155649.html?utm_source=dlvr.it&utm_medium=%5Bfacebook%5D&utm_campaign=%5Bspontop%5D#ref=rss…
3
9
9",,3,9,9,['https://pbs.twimg.com/media/DDy3qhJUwAI1rUm?format=jpg&name=900x900'],https://twitter.com/derspiegel/status/881781570641604608
DER SPIEGEL,@derspiegel,2017-07-05T12:33:01.000Z,"DER SPIEGEL
@derspiegel
·
2017年7月5日","Lohnendes Geschäft für #Airbus: Der Konzern soll 140 Flugzeuge im Wert von 20,1 Milliarden Euro nach China liefern. 
http://spon.de/ae0Us
3
5
19",,3,5,19,[],https://twitter.com/derspiegel/status/882578057499820034
DER SPIEGEL,@derspiegel,2017-07-05T14:15:01.000Z,"DER SPIEGEL
@derspiegel
·
2017年7月5日","Daimler baut für 650 Millionen Euro eine Batteriefabrik in China - zusammen mit dem chinesischen Partner BAIC. http://spon.de/ae0UX
3
7
12",,3,7,12,[],https://twitter.com/derspiegel/status/882603728385310720
DER SPIEGEL,@derspiegel,2017-07-27T18:50:06.000Z,"DER SPIEGEL
@derspiegel
·
2017年7月28日","Antwort auf Zuschauerfrage: US-Admiral spricht über Atomangriff auf China http://spiegel.de/politik/ausland/donald-trump-us-admiral-spricht-ueber-atomangriff-auf-china-a-1160054.html?utm_source=dlvr.it&utm_medium=%5Bfacebook%5D&utm_campaign=%5Bspontop%5D#ref=rss…
30
22
11",,30,22,11,['https://pbs.twimg.com/media/DFw1WdRUAAAc2wD?format=jpg&name=900x900'],https://twitter.com/derspiegel/status/890645488831037440
DER SPIEGEL,@derspiegel,2017-08-08T09:06:09.000Z,"DER SPIEGEL
@derspiegel
·
2017年8月8日","Streit über Atomwaffentests: China startet Großmanöver vor Nordkorea http://spiegel.de/politik/ausland/china-startet-grossmanoever-vor-nordkorea-im-gelben-meer-a-1161846.html?utm_source=dlvr.it&utm_medium=%5Bfacebook%5D&utm_campaign=%5Bspontop%5D#ref=rss…
7
4
12",,7,4,12,['https://pbs.twimg.com/media/DGsixcOUMAAZ3ok?format=jpg&name=900x900'],https://twitter.com/derspiegel/status/894847188248829952
DER SPIEGEL,@derspiegel,2017-08-11T02:21:09.000Z,"DER SPIEGEL
@derspiegel
·
2017年8月11日","Südchinesisches Meer: China wirft USA Provokation auf See vor http://spiegel.de/politik/ausland/suedchinesisches-meer-china-wirft-usa-provokation-vor-a-1162391.html?utm_source=dlvr.it&utm_medium=%5Bfacebook%5D&utm_campaign=%5Bspontop%5D#ref=rss…
4
9
8",,4,9,8,['https://pbs.twimg.com/media/DG6i2EaVYAAX6FC?format=jpg&name=small'],https://twitter.com/derspiegel/status/895832428954001409
DER SPIEGEL,@derspiegel,2017-08-09T03:10:07.000Z,"DER SPIEGEL
@derspiegel
·
2017年8月9日","China: Neues Erdbeben - Zahl der Todesopfer steigt http://spiegel.de/panorama/gesellschaft/china-neues-erdbeben-zahl-der-todesopfer-in-sichuan-steigt-a-1161973.html?utm_source=dlvr.it&utm_medium=%5Bfacebook%5D&utm_campaign=%5Bspontop%5D#ref=rss…
6",,,6,,['https://pbs.twimg.com/media/DGwa31LUMAE2uMC?format=jpg&name=small'],https://twitter.com/derspiegel/status/895119975672758274
DER SPIEGEL,@derspiegel,2017-08-01T05:43:00.000Z,"DER SPIEGEL
@derspiegel
·
2017年8月1日","Die Lage am Dienstag: #SPD stellt Strategie für die heiße Wahlkampf-Phase vor. #TimCook knickt vor China ein.
http://spon.de/ae18M
1
1
4",,1,1,4,[],https://twitter.com/derspiegel/status/892259349464141825
DER SPIEGEL,@derspiegel,2017-08-22T23:22:06.000Z,"DER SPIEGEL
@derspiegel
·
2017年8月23日","China: Züge dürfen wieder mit 350 km/h fahren http://spiegel.de/reise/aktuell/china-zuege-sollen-wieder-mit-350-km-h-fahren-a-1164114.html?utm_source=dlvr.it&utm_medium=%5Bfacebook%5D&utm_campaign=%5Bspontop%5D#ref=rss…
3
11
19",,3,11,19,['https://pbs.twimg.com/media/DH3s8MLV0AARTts?format=jpg&name=900x900'],https://twitter.com/derspiegel/status/900136022582808576
DER SPIEGEL,@derspiegel,2017-08-14T09:17:07.000Z,"DER SPIEGEL
@derspiegel
·
2017年8月14日","Uno-Sanktionen: China stoppt Einfuhr von Gütern aus Nordkorea http://spiegel.de/politik/ausland/uno-sanktionen-china-stoppt-einfuhr-von-guetern-aus-nordkorea-a-1162750.html?utm_source=dlvr.it&utm_medium=%5Bfacebook%5D&utm_campaign=%5Bspontop%5D#ref=rss…
6
10
21",,6,10,21,['https://pbs.twimg.com/media/DHLe0hsUAAAJelU?format=jpg&name=900x900'],https://twitter.com/derspiegel/status/897024272337481728
DER SPIEGEL,@derspiegel,2017-08-24T01:09:06.000Z,"DER SPIEGEL
@derspiegel
·
2017年8月24日","Schlauchboote aus China: EU fordert von Peking mehr Einsatz gegen Schleuser http://spiegel.de/politik/ausland/fluechtlinge-eu-innenkommissar-fordert-von-china-mehr-einsatz-gegen-schleuser-a-1164289.html?utm_source=dlvr.it&utm_medium=%5Bfacebook%5D&utm_campaign=%5Bspontop%5D#ref=rss…
10
4
10",,10,4,10,['https://pbs.twimg.com/media/DH9PBbAVYAAQoGq?format=jpg&name=900x900'],https://twitter.com/derspiegel/status/900525338689585152
DER SPIEGEL,@derspiegel,2017-08-16T00:53:08.000Z,"DER SPIEGEL
@derspiegel
·
2017年8月16日","Handelsdefizit: China ist wieder größter US-Gläubiger http://spiegel.de/wirtschaft/soziales/mitten-im-handelsstreit-china-ist-wieder-groesster-us-glaeubiger-a-1163038.html?utm_source=dlvr.it&utm_medium=%5Bfacebook%5D&utm_campaign=%5Bspontop%5D#ref=rss…
2
4
5",,2,4,5,['https://pbs.twimg.com/media/DHT-piKUwAAYiTd?format=jpg&name=small'],https://twitter.com/derspiegel/status/897622217869205504
DER SPIEGEL,@derspiegel,2017-09-18T00:48:05.000Z,"DER SPIEGEL
@derspiegel
·
2017年9月18日","USA, China, Russland: Gabriel für direkte Gespräche mit Nordkorea http://spiegel.de/politik/deutschland/nordkorea-sigmar-gabriel-will-dass-usa-china-und-russland-mit-kim-jong-un-sprechen-a-1168430.html?utm_source=dlvr.it&utm_medium=%5Bfacebook%5D&utm_campaign=%5Bspontop%5D#ref=rss…
3
9
12",,3,9,12,['https://pbs.twimg.com/media/DJ959Z7VYAAqCxx?format=jpg&name=900x900'],https://twitter.com/derspiegel/status/909579748988264448
DER SPIEGEL,@derspiegel,2017-09-15T13:06:13.000Z,"DER SPIEGEL
@derspiegel
·
2017年9月15日","Turbulenzen in China: Neue Börsenschließung - Bitcoin-Kurs bricht ein http://spiegel.de/wirtschaft/unternehmen/bitcoin-kurs-bricht-wegen-erneuter-boersenschliessung-ein-a-1167871.html?utm_source=dlvr.it&utm_medium=%5Bfacebook%5D&utm_campaign=%5Bspontop%5D#ref=rss…
8
4",,,8,4,['https://pbs.twimg.com/media/DJxGIpZU8AAu6sN?format=jpg&name=900x900'],https://twitter.com/derspiegel/status/908678342458486789
DER SPIEGEL,@derspiegel,2017-09-14T12:05:11.000Z,"DER SPIEGEL
@derspiegel
·
2017年9月14日","Zukunftsinvestition: Siemens steuert Robotik-Forschung künftig von China aus http://spiegel.de/wirtschaft/unternehmen/siemens-verlegt-robotik-forschung-nach-china-a-1167643.html?utm_source=dlvr.it&utm_medium=%5Bfacebook%5D&utm_campaign=%5Bspontop%5D#ref=rss…
3
3
3",,3,3,3,['https://pbs.twimg.com/media/DJruk2VUMAEAR98?format=jpg&name=900x900'],https://twitter.com/derspiegel/status/908300594921664512
DER SPIEGEL,@derspiegel,2017-09-28T09:45:06.000Z,"DER SPIEGEL
@derspiegel
·
2017年9月28日","Automobilindustrie: China setzt Quote für E-Autos durch  http://spiegel.de/auto/aktuell/china-setzt-quote-fuer-alternative-antriebe-durch-a-1170281.html?utm_source=dlvr.it&utm_medium=%5Bfacebook%5D&utm_campaign=%5Bspontop%5D#ref=rss…
6
27
36",,6,27,36,['https://pbs.twimg.com/media/DKzUxNJUMAEsRzz?format=jpg&name=900x900'],https://twitter.com/derspiegel/status/913338770715324416
DER SPIEGEL,@derspiegel,2017-09-28T11:12:11.000Z,"DER SPIEGEL
@derspiegel
·
2017年9月28日","Uno-Sanktionen: China lässt alle nordkoreanischen Firmen schließen http://spiegel.de/politik/ausland/uno-sanktionen-china-laesst-firmen-aus-nordkorea-schliessen-a-1170351.html?utm_source=dlvr.it&utm_medium=%5Bfacebook%5D&utm_campaign=%5Bspontop%5D#ref=rss…
4
15
18",,4,15,18,['https://pbs.twimg.com/media/DKzosmQV4AAI2Im?format=jpg&name=900x900'],https://twitter.com/derspiegel/status/913360684670316544
DER SPIEGEL,@derspiegel,2017-10-08T10:09:10.000Z,"DER SPIEGEL
@derspiegel
·
2017年10月8日","Kampagne seit 2013: 1,3 Millionen Beamte und Politiker in China wegen Korruption bestraft http://spiegel.de/wirtschaft/soziales/china-mehr-als-1-3-millionen-amtstraeger-wegen-korruption-bestraft-a-1171825.html?utm_source=dlvr.it&utm_medium=%5Bfacebook%5D&utm_campaign=%5Bspontop%5D#ref=rss…
6
6
10",,6,6,10,['https://pbs.twimg.com/media/DLm6LRVUMAAPBb7?format=jpg&name=900x900'],https://twitter.com/derspiegel/status/916968705308766208
DER SPIEGEL,@derspiegel,2017-10-18T02:32:06.000Z,"DER SPIEGEL
@derspiegel
·
2017年10月18日","Parteikongress in Peking eröffnet: Xi sieht China vor ""ernsten Herausforderungen"" http://spiegel.de/politik/ausland/china-xi-jinping-eroeffnet-parteikongress-der-kommunisten-kp-a-1173403.html?utm_source=dlvr.it&utm_medium=%5Bfacebook%5D&utm_campaign=%5Bspontop%5D#ref=rss…
6
7",,,6,7,['https://pbs.twimg.com/media/DMYxdZaUQAAzZsQ?format=jpg&name=small'],https://twitter.com/derspiegel/status/920477557509648384
DER SPIEGEL,@derspiegel,2017-10-24T09:00:07.000Z,"DER SPIEGEL
@derspiegel
·
2017年10月24日","China und Nordkorea: Sanktionen wirken, Rohstoffhandel bricht ein http://spiegel.de/wirtschaft/nordkorea-rohstoffhandel-mit-china-bricht-nach-uno-sanktionen-ein-a-1174373.html?utm_source=dlvr.it&utm_medium=%5Bfacebook%5D&utm_campaign=%5Bspontop%5D#ref=rss…
3
7",,,3,7,['https://pbs.twimg.com/media/DM5Dz2dVoAArcS5?format=jpg&name=900x900'],https://twitter.com/derspiegel/status/922749534542839809
DER SPIEGEL,@derspiegel,2017-11-09T06:46:04.000Z,"DER SPIEGEL
@derspiegel
·
2017年11月9日","US-Präsident in China: Donald Trumps Harmonie-Milliarden http://spiegel.de/politik/ausland/donald-trump-in-china-trump-macht-bei-nordkorea-druck-auf-peking-a-1177125.html?utm_source=dlvr.it&utm_medium=%5Bfacebook%5D&utm_campaign=%5Bspontop%5D#ref=rss…
4
3
7",,4,3,7,['https://pbs.twimg.com/media/DOK-kE6VQAEQ49n?format=jpg&name=900x900'],https://twitter.com/derspiegel/status/928514003482984448
DER SPIEGEL,@derspiegel,2017-11-18T16:01:03.000Z,"DER SPIEGEL
@derspiegel
·
2017年11月19日","China: Erster Roboter besteht Mediziner-Test http://spiegel.de/video/video-1815051.html?utm_source=dlvr.it&utm_medium=%5Bfacebook%5D&utm_campaign=%5Bspontop%5D#ref=rss…
11
24",,,11,24,['https://pbs.twimg.com/media/DO7T5tzUMAEwdQ3?format=jpg&name=900x900'],https://twitter.com/derspiegel/status/931915163246018561
DER SPIEGEL,@derspiegel,2017-11-26T06:42:39.000Z,"DER SPIEGEL
@derspiegel
·
2017年11月26日","Tote und Verletzte: Explosion in China - mehrere Häuser eingestürzt http://spiegel.de/panorama/justiz/ningbo-explosion-in-china-mehrere-haeuser-eingestuerzt-a-1180332.html?utm_source=dlvr.it&utm_medium=%5Bfacebook%5D&utm_campaign=%5Bspontop%5D#ref=rss…
8
10",,,8,10,['https://pbs.twimg.com/media/DPigz3JUMAE2Pez?format=jpg&name=900x900'],https://twitter.com/derspiegel/status/934673737479098369
DER SPIEGEL,@derspiegel,2017-11-22T17:06:37.000Z,"DER SPIEGEL
@derspiegel
·
2017年11月23日","China: Apple gibt zu, dass Schüler illegal fürs iPhone schufteten http://spiegel.de/lebenundlernen/schule/iphone-x-apple-raeumt-illegale-ueberstunden-chinesischer-schueler-ein-a-1179811.html?utm_source=dlvr.it&utm_medium=%5Bfacebook%5D&utm_campaign=%5Bspontop%5D#ref=rss…
4
11
17",,4,11,17,['https://pbs.twimg.com/media/DPQJQ9mVQAAbjsB?format=jpg&name=900x900'],https://twitter.com/derspiegel/status/933381214949359616
DER SPIEGEL,@derspiegel,2017-11-15T11:55:33.000Z,"DER SPIEGEL
@derspiegel
·
2017年11月15日","EIL: Machtkampf in #Simbabwe -Militärchef war vor wenigen Tagen in China. Hat er sich die Erlaubnis zum Machtwechsel geholt? http://spon.de/ae6Dv
6
21
12",,6,21,12,[],https://twitter.com/derspiegel/status/930766214565126145
DER SPIEGEL,@derspiegel,2017-11-21T09:58:06.000Z,"DER SPIEGEL
@derspiegel
·
2017年11月21日","Nachfrageboom: Deutsche Konzerne verkaufen jedes dritte Auto nach China http://spiegel.de/wirtschaft/unternehmen/autos-in-china-deutsche-verkaufen-jedes-dritte-fahrzeug-nach-china-a-1179505.html?utm_source=dlvr.it&utm_medium=%5Bfacebook%5D&utm_campaign=%5Bspontop%5D#ref=rss…
3
8
9",,3,8,9,['https://pbs.twimg.com/media/DPJdmBqV4AAhnYe?format=jpg&name=900x900'],https://twitter.com/derspiegel/status/932910988310986752
DER SPIEGEL,@derspiegel,2017-11-22T09:24:55.000Z,"DER SPIEGEL
@derspiegel
·
2017年11月22日","""Neue Flugpläne"": Air China setzt Flüge nach Nordkorea aus http://spiegel.de/wirtschaft/unternehmen/nordkorea-air-china-setzt-fluege-nach-pjoengjang-aus-a-1179672.html?utm_source=dlvr.it&utm_medium=%5Bfacebook%5D&utm_campaign=%5Bspontop%5D#ref=rss…
2
5",,,2,5,['https://pbs.twimg.com/media/DPOfl-IUQAAlAZQ?format=jpg&name=900x900'],https://twitter.com/derspiegel/status/933265024704921600
DER SPIEGEL,@derspiegel,2017-11-16T19:57:07.000Z,"DER SPIEGEL
@derspiegel
·
2017年11月17日","Trotz Atomkonflikt: China bekräftigt Position als Nordkoreas Verbündeter http://spiegel.de/politik/ausland/china-bekraeftigt-bindung-zu-nordkorea-a-1178399.html?utm_source=dlvr.it&utm_medium=%5Bfacebook%5D&utm_campaign=%5Bspontop%5D#ref=rss…
4
1
8",,4,1,8,['https://pbs.twimg.com/media/DOx2wFwVQAAdu3t?format=jpg&name=900x900'],https://twitter.com/derspiegel/status/931249794739142656
DER SPIEGEL,@derspiegel,2017-11-16T07:04:05.000Z,"DER SPIEGEL
@derspiegel
·
2017年11月16日","Konzerne in China: Wirtschaft besorgt über Einfluss von KP-Zellen in westlichen Betrieben http://spiegel.de/wirtschaft/unternehmen/china-wirtschaft-beklagt-wachsenden-einfluss-von-kp-zellen-a-1178222.html?utm_source=dlvr.it&utm_medium=%5Bfacebook%5D&utm_campaign=%5Bspontop%5D#ref=rss…
1
5
2",,1,5,2,['https://pbs.twimg.com/media/DOvF0UuVAAAzuTN?format=jpg&name=900x900'],https://twitter.com/derspiegel/status/931055252899430401
DER SPIEGEL,@derspiegel,2017-11-15T11:18:03.000Z,"DER SPIEGEL
@derspiegel
·
2017年11月15日","Machtkampf in Simbabwe: Militärchef war vor wenigen Tagen in China http://spiegel.de/politik/ausland/simbabwe-militaerchef-reiste-vor-wenigen-tagen-nach-china-a-1178083.html?utm_source=dlvr.it&utm_medium=%5Bfacebook%5D&utm_campaign=%5Bspontop%5D#ref=rss…
1
8
2",,1,8,2,['https://pbs.twimg.com/media/DOq2W9AUEAAv0xJ?format=jpg&name=900x900'],https://twitter.com/derspiegel/status/930756781264969728
DER SPIEGEL,@derspiegel,2017-11-23T08:18:07.000Z,"DER SPIEGEL
@derspiegel
·
2017年11月23日","China und Nordkorea: Sanktionen zeigen Wirkung, Importe brechen ein http://spiegel.de/wirtschaft/soziales/nordkorea-exporte-nach-china-brechen-ein-a-1179883.html?utm_source=dlvr.it&utm_medium=%5Bfacebook%5D&utm_campaign=%5Bspontop%5D#ref=rss…
2
2
3",,2,2,3,['https://pbs.twimg.com/media/DPTZ5AbU8AAB1KY?format=jpg&name=900x900'],https://twitter.com/derspiegel/status/933610598645903360
DER SPIEGEL,@derspiegel,2017-12-11T06:12:49.000Z,"DER SPIEGEL
@derspiegel
·
2017年12月11日","Berichte über Einflussnahme aus Peking: China wirft Australien Rassismus und Paranoia vor http://spiegel.de/politik/ausland/china-wirft-australien-rassismus-und-paranoia-vor-a-1182652.html?utm_source=dlvr.it&utm_medium=%5Bfacebook%5D&utm_campaign=%5Bspontop%5D#ref=rss…
2
11
13",,2,11,13,['https://pbs.twimg.com/media/DQvp1EAVoAAS9JL?format=jpg&name=900x900'],https://twitter.com/derspiegel/status/940102047659016194
DER SPIEGEL,@derspiegel,2017-11-30T01:08:43.000Z,"DER SPIEGEL
@derspiegel
·
2017年11月30日","Nordkoreas jüngster Raketentest: USA nehmen China und Deutschland in die Pflicht http://spiegel.de/politik/ausland/nordkorea-usa-nehmen-china-und-deutschland-in-die-pflicht-a-1181000.html?utm_source=dlvr.it&utm_medium=%5Bfacebook%5D&utm_campaign=%5Bspontop%5D#ref=rss…
3
1
7",,3,1,7,['https://pbs.twimg.com/media/DP16vUBUMAAJb9J?format=jpg&name=small'],https://twitter.com/derspiegel/status/936039253712125952
DER SPIEGEL,@derspiegel,2017-12-01T07:19:03.000Z,"DER SPIEGEL
@derspiegel
·
2017年12月1日","China: Mindestens zehn Tote bei Hochhausbrand http://spiegel.de/panorama/hochhausbrand-in-china-mindestens-zehn-tote-a-1181189.html?utm_source=dlvr.it&utm_medium=%5Bfacebook%5D&utm_campaign=%5Bspontop%5D#ref=rss…
1
2",,,1,2,['https://pbs.twimg.com/media/DP8ZF3LUIAAakLa?format=jpg&name=900x900'],https://twitter.com/derspiegel/status/936494838131736577
DER SPIEGEL,@derspiegel,2017-11-27T08:00:04.000Z,"DER SPIEGEL
@derspiegel
·
2017年11月27日","China: Explosion in Ningbo wurde in Klärgrube ausgelöst http://spiegel.de/panorama/china-explosion-in-ningbo-wurde-in-klaergrube-ausgeloest-a-1180420.html?utm_source=dlvr.it&utm_medium=%5Bfacebook%5D&utm_campaign=%5Bspontop%5D#ref=rss…
1
1",,,1,1,['https://pbs.twimg.com/media/DPn8H0GVoAETUr8?format=jpg&name=900x900'],https://twitter.com/derspiegel/status/935055610957008898
DER SPIEGEL,@derspiegel,2017-11-27T06:27:59.000Z,"DER SPIEGEL
@derspiegel
·
2017年11月27日","Die Lage am Montag: 
@MartinSchulz
 und seine desaströse Bilanz | China dockt in Ost- und Mitteleuropa an | eine komplizierte Frage: Gehen wir zum Weihnachtsmarkt oder nicht?
http://spon.de/ae7e2
3
6
12",,3,6,12,[],https://twitter.com/derspiegel/status/935032437364678656
DER SPIEGEL,@derspiegel,2017-12-26T10:13:08.000Z,"DER SPIEGEL
@derspiegel
·
2017年12月26日","Längste Glasbrücke der Welt: Glasklar China http://spiegel.de/fotostrecke/fotostrecke-156432.html?utm_source=dlvr.it&utm_medium=%5Bfacebook%5D&utm_campaign=%5Bspontop%5D#ref=rss…
23
59",,,23,59,['https://pbs.twimg.com/media/DR9wruVVQAAF-jj?format=jpg&name=900x900'],https://twitter.com/derspiegel/status/945598346865000448
DER SPIEGEL,@derspiegel,2017-12-24T12:34:06.000Z,"DER SPIEGEL
@derspiegel
·
2017年12月24日","Erfolgreicher Jungfernflug: China präsentiert weltgrößtes Amphibienflugzeug http://spiegel.de/fotostrecke/fotostrecke-156396.html?utm_source=dlvr.it&utm_medium=%5Bfacebook%5D&utm_campaign=%5Bspontop%5D#ref=rss…
6
13",,,6,13,['https://pbs.twimg.com/media/DRz9xBwVoAA_Fg6?format=jpg&name=900x900'],https://twitter.com/derspiegel/status/944909043017039873
DER SPIEGEL,@derspiegel,2017-12-18T12:59:06.000Z,"DER SPIEGEL
@derspiegel
·
2017年12月18日","Öffentlicher Prozess: Zehn Menschen in China in Sportstadion zum Tode verurteilt http://spiegel.de/panorama/justiz/china-todesurteile-in-sportstadion-verkuendet-a-1183899.html?utm_source=dlvr.it&utm_medium=%5Bfacebook%5D&utm_campaign=%5Bspontop%5D#ref=rss…
2
11
3",,2,11,3,['https://pbs.twimg.com/media/DRVJ8wsUEAEr0Mb?format=jpg&name=900x900'],https://twitter.com/derspiegel/status/942741007816278018
DER SPIEGEL,@derspiegel,2017-12-15T04:11:03.000Z,"DER SPIEGEL
@derspiegel
·
2017年12月15日","Südchinesisches Meer: China baut offenbar Militärstützpunkte aus http://spiegel.de/politik/ausland/suedchinesisches-meer-china-baut-offenbar-militaerstuetzpunkte-aus-a-1183437.html?utm_source=dlvr.it&utm_medium=%5Bfacebook%5D&utm_campaign=%5Bspontop%5D#ref=rss…
1
6
3",,1,6,3,['https://pbs.twimg.com/media/DRD0Um0V4AAy-LT?format=jpg&name=small'],https://twitter.com/derspiegel/status/941520958849933312
DER SPIEGEL,@derspiegel,2017-12-22T17:39:07.000Z,"DER SPIEGEL
@derspiegel
·
2017年12月23日","Maos China: Großes Chaos unter dem Himmel http://spiegel.de/einestages/tv-doku-maos-china-roter-terror-im-reich-der-mitte-a-1183510.html?utm_source=dlvr.it&utm_medium=%5Bfacebook%5D&utm_campaign=%5Bspontop%5D#ref=rss…
1
1
8",,1,1,8,['https://pbs.twimg.com/media/DRqwZtmUEAA66NE?format=jpg&name=900x900'],https://twitter.com/derspiegel/status/944261030724624385
DER SPIEGEL,@derspiegel,2017-12-19T03:05:04.000Z,"DER SPIEGEL
@derspiegel
·
2017年12月19日","Neue US-Strategie: Trump erklärt China und Russland zu Rivalen http://spiegel.de/politik/ausland/neue-us-strategie-donald-trump-erklaert-china-und-russland-zu-rivalen-a-1184010.html?utm_source=dlvr.it&utm_medium=%5Bfacebook%5D&utm_campaign=%5Bspontop%5D#ref=rss…
16
4
1",,16,4,1,['https://pbs.twimg.com/media/DRYLk8vVoAAxaB-?format=jpg&name=900x900'],https://twitter.com/derspiegel/status/942953903313899520
