UserScreenName,UserName,Timestamp,Text,Embedded_text,Emojis,Comments,Likes,Retweets,Image link,Tweet URL
DER SPIEGEL,@derspiegel,2018-01-13T10:51:06.000Z,"DER SPIEGEL
@derspiegel
·
2018年1月13日","China: Rettungskräfte bergen Tote von brennendem Öltanker http://spiegel.de/panorama/china-rettungskraefte-bergen-zwei-tote-von-brennendem-oeltanker-sanchi-a-1187671.html?utm_source=dlvr.it&utm_medium=%5Bfacebook%5D&utm_campaign=%5Bspontop%5D#ref=rss…
1
4",,,1,4,[],https://twitter.com/derspiegel/status/952130880423669760
DER SPIEGEL,@derspiegel,2018-01-02T11:00:08.000Z,"DER SPIEGEL
@derspiegel
·
2018年1月2日","Fahrzeuge schlucken zu viel Sprit: China stoppt Bau von 553 Automodellen - auch VW betroffen http://spiegel.de/auto/aktuell/fahrzeuge-schlucken-zu-viel-sprit-china-stoppt-bau-von-553-automodellen-a-1185838.html?utm_source=dlvr.it&utm_medium=%5Bfacebook%5D&utm_campaign=%5Bspontop%5D#ref=rss…
6
18
48",,6,18,48,[],https://twitter.com/derspiegel/status/948146890008231936
DER SPIEGEL,@derspiegel,2018-01-08T08:24:06.000Z,"DER SPIEGEL
@derspiegel
·
2018年1月8日","Brennender Öltanker vor China: US-Marine sucht vermisste Seeleute http://spiegel.de/panorama/brennender-oeltanker-sanchi-us-marine-sucht-vermisst-seeleute-a-1186684.html?utm_source=dlvr.it&utm_medium=%5Bfacebook%5D&utm_campaign=%5Bspontop%5D#ref=rss…
2
8
7",,2,8,7,[],https://twitter.com/derspiegel/status/950281948018044929
DER SPIEGEL,@derspiegel,2018-01-10T21:35:05.000Z,"DER SPIEGEL
@derspiegel
·
2018年1月11日","Kryptowährung: China ordnet angeblich Sperre für Bitcoin-Schürfer an http://spiegel.de/wirtschaft/soziales/bitcoin-china-solle-sperre-fuer-schuerfer-angeordnet-haben-a-1187218.html?utm_source=dlvr.it&utm_medium=%5Bfacebook%5D&utm_campaign=%5Bspontop%5D#ref=rss…
1
6
7",,1,6,7,[],https://twitter.com/derspiegel/status/951205780685930496
DER SPIEGEL,@derspiegel,2018-05-03T01:24:16.000Z,"DER SPIEGEL
@derspiegel
·
2018年5月3日","Südchinesisches Meer: China stationiert offenbar Raketen auf Spratly-Inseln http://spiegel.de/politik/ausland/china-stationiert-offenbar-raketen-auf-inseln-im-suedchinesischen-meer-a-1205913.html?utm_source=dlvr.it&utm_medium=%5Bfacebook%5D&utm_campaign=%5Bspontop%5D#ref=rss…
5
5",,,5,5,[],https://twitter.com/derspiegel/status/991850896773398529
DER SPIEGEL,@derspiegel,2018-05-11T09:50:07.000Z,"DER SPIEGEL
@derspiegel
·
2018年5月11日","Eurovision Song Contest 2018: China zensiert ESC-Ausstrahlung http://spiegel.de/kultur/tv/eurovision-song-contest-2018-china-zensiert-esc-ausstrahlung-a-1207228.html?utm_source=dlvr.it&utm_medium=%5Bfacebook%5D&utm_campaign=%5Bspontop%5D#ref=rss…
8
8
19",,8,8,19,[],https://twitter.com/derspiegel/status/994877301765664770
DER SPIEGEL,@derspiegel,2018-05-11T05:46:18.000Z,"DER SPIEGEL
@derspiegel
·
2018年5月11日","Nach US-Ausstieg aus Atomabkommen: China startet neue Handelsroute mit Iran http://spiegel.de/wirtschaft/soziales/iran-china-startet-neue-handelsroute-nach-us-ausstieg-aus-atomabkommen-a-1207197.html?utm_source=dlvr.it&utm_medium=%5Bfacebook%5D&utm_campaign=%5Bspontop%5D#ref=rss…
3
10
16",,3,10,16,[],https://twitter.com/derspiegel/status/994815942868766720
DER SPIEGEL,@derspiegel,2018-05-03T15:14:07.000Z,"DER SPIEGEL
@derspiegel
·
2018年5月3日","Mexiko, Österreich, Iran, China, Pakistan, Montenegro, USA, Türkei.... zum #TagderPressefreiheit erzählen unsere Auslandskorrespondenten, was sie vor Ort erleben.
spiegel.de
Pressefreiheit 2018: ""Unsere Recherche endet mit einer Verfolgungsjagd""
Zensur, Hetze, Überwachung - Journalisten arbeiten oft unter härtesten, teils lebensgefährlichen Bedingungen. Hier berichten Korrespondenten und Mitarbeiter des SPIEGEL, was sie vor Ort erleben.
3
14
13",,3,14,13,[],https://twitter.com/derspiegel/status/992059736282599424
DER SPIEGEL,@derspiegel,2018-06-08T10:25:19.000Z,"DER SPIEGEL
@derspiegel
·
2018年6月8日"," Huckepack-Hilfe: Dieser Polizist in China trägt einen alten Mann über eine dicht befahrene Straße.
14
160
742",😍,14,160,742,['https://pbs.twimg.com/media/DfKYA2uX4AAK3id.jpg'],https://twitter.com/derspiegel/status/1005033019923681280
DER SPIEGEL,@derspiegel,2018-06-06T08:45:53.000Z,"DER SPIEGEL
@derspiegel
·
2018年6月6日","Trump will das Handelsdefizit der USA senken. China hat jetzt einen Großeinkauf angeboten.
spiegel.de
Angebot im Handelsstreit: China will offenbar US-Waren für 70 Milliarden Dollar kaufen
Gelingt es Donald Trump und seinem Wirtschaftsminister, das US-Handelsdefizit tatsächlich zu senken? US-Medien berichten über ein neues Milliarden-Angebot der Chinesen.
1
1",,,1,1,[],https://twitter.com/derspiegel/status/1004283220697985025
DER SPIEGEL,@derspiegel,2018-06-12T05:13:42.000Z,"DER SPIEGEL
@derspiegel
·
2018年6月12日","""Sie muss das in einem Glückskeks gelesen haben."" Ivanka Trump sorgt mit einem Tweet eines angeblich chinesischen Sprichwortes für Verwirrung in China. http://spon.de/affyW
6
2
5",,6,2,5,[],https://twitter.com/derspiegel/status/1006404150714929152
DER SPIEGEL,@derspiegel,2018-06-15T12:25:36.000Z,"DER SPIEGEL
@derspiegel
·
2018年6月15日","Donald Trump macht ernst: Die USA erheben Zölle auf Produkte aus China. Gleich mehr: http://spon.de/affL5
6
5
6",,6,5,6,[],https://twitter.com/derspiegel/status/1007600008068202496
DER SPIEGEL,@derspiegel,2018-06-20T19:45:04.000Z,"DER SPIEGEL
@derspiegel
·
2018年6月21日","Plastikabfall: So verändert China die weltweiten Müllströme http://spiegel.de/wissenschaft/mensch/plastik-muell-china-leitet-weltweite-abfallstroeme-um-a-1214074.html?utm_source=dlvr.it&utm_medium=%5Bfacebook%5D&utm_campaign=%5Bspontop%5D#ref=rss…
3
10
13",,3,10,13,[],https://twitter.com/derspiegel/status/1009522542774665216
DER SPIEGEL,@derspiegel,2018-06-25T05:42:04.000Z,"DER SPIEGEL
@derspiegel
·
2018年6月25日","Firmenkäufe in USA: Trump will Tech-Investoren aus China draußen halten http://spiegel.de/wirtschaft/unternehmen/donald-trump-will-tech-investoren-aus-china-draussen-halten-a-1214738.html?utm_source=dlvr.it&utm_medium=%5Bfacebook%5D&utm_campaign=%5Bspontop%5D#ref=rss…
4
5
17",,4,5,17,[],https://twitter.com/derspiegel/status/1011122331622576128
DER SPIEGEL,@derspiegel,2018-06-19T00:54:02.000Z,"DER SPIEGEL
@derspiegel
·
2018年6月19日","Handelsstreit: Trump droht China mit neuen Strafzöllen http://spiegel.de/wirtschaft/soziales/donald-trump-droht-china-mit-neuen-strafzoellen-a-1213697.html?utm_source=dlvr.it&utm_medium=%5Bfacebook%5D&utm_campaign=%5Bspontop%5D#ref=rss…
5
6",,,5,6,[],https://twitter.com/derspiegel/status/1008875520497369088
DER SPIEGEL,@derspiegel,2018-07-13T06:18:05.000Z,"DER SPIEGEL
@derspiegel
·
2018年7月13日","Trotz Spannungen: Handel zwischen China und USA stark gestiegen http://spiegel.de/wirtschaft/unternehmen/handelsstreit-waren-austausch-zwischen-china-und-usa-waechst-a-1218205.html?utm_source=dlvr.it&utm_medium=%5Bfacebook%5D&utm_campaign=%5Bspontop%5D#ref=rss…
4
7",,,4,7,[],https://twitter.com/derspiegel/status/1017654376309985285
DER SPIEGEL,@derspiegel,2018-07-01T16:54:07.000Z,"DER SPIEGEL
@derspiegel
·
2018年7月2日","Trump zum Handelsstreit: ""Die EU ist so schlimm wie China"" http://spiegel.de/politik/ausland/donald-trump-kritisiert-handelspraktiken-der-europaeischen-union-a-1216052.html?utm_source=dlvr.it&utm_medium=%5Bfacebook%5D&utm_campaign=%5Bspontop%5D#ref=rss…
31
18
29",,31,18,29,[],https://twitter.com/derspiegel/status/1013465787288334336
DER SPIEGEL,@derspiegel,2018-07-10T12:35:05.000Z,"DER SPIEGEL
@derspiegel
·
2018年7月10日","Ozonkiller: Illegale FCKW-Quelle liegt offenbar in China http://spiegel.de/wissenschaft/natur/ozon-killer-fckw-illegale-schadstoffquelle-liegt-offenbar-in-china-a-1217638.html?utm_source=dlvr.it&utm_medium=%5Bfacebook%5D&utm_campaign=%5Bspontop%5D#ref=rss…
8
17
23",,8,17,23,[],https://twitter.com/derspiegel/status/1016662088620523522
DER SPIEGEL,@derspiegel,2018-07-10T05:09:06.000Z,"DER SPIEGEL
@derspiegel
·
2018年7月10日","China: Witwe von Friedensnobelpreisträger Liu Xiaobo darf ausreisen http://spiegel.de/politik/ausland/china-witwe-von-friedensnobelpreistraeger-liu-xiaobo-darf-ausreisen-a-1217560.html?utm_source=dlvr.it&utm_medium=%5Bfacebook%5D&utm_campaign=%5Bspontop%5D#ref=rss…
2
5
13",,2,5,13,[],https://twitter.com/derspiegel/status/1016549853214543872
DER SPIEGEL,@derspiegel,2018-08-01T20:54:10.000Z,"DER SPIEGEL
@derspiegel
·
2018年8月2日","Handelsstreit: Trump droht China mit höheren Strafzöllen http://spiegel.de/wirtschaft/soziales/handelsstreit-donald-trumps-regierung-droht-china-mit-hoeheren-strafzoellen-a-1221286.html?utm_source=dlvr.it&utm_medium=%5Bfacebook%5D&utm_campaign=%5Bspontop%5D#ref=rss…
10
7
10",,10,7,10,[],https://twitter.com/derspiegel/status/1024760221044887552
DER SPIEGEL,@derspiegel,2018-07-30T20:39:08.000Z,"DER SPIEGEL
@derspiegel
·
2018年7月31日","Jeremy Hunt: Britischer Außenminister blamiert sich in China http://spiegel.de/politik/ausland/jeremy-hunt-grossbritanniens-aussenminister-blamiert-sich-in-china-a-1220905.html?utm_source=dlvr.it&utm_medium=%5Bfacebook%5D&utm_campaign=%5Bspontop%5D#ref=rss…
7
9
18",,7,9,18,[],https://twitter.com/derspiegel/status/1024031661799890945
DER SPIEGEL,@derspiegel,2018-08-06T10:55:03.000Z,"DER SPIEGEL
@derspiegel
·
2018年8月6日","Panne in Bayern: Mann offenbar illegal nach China abgeschoben http://spiegel.de/politik/deutschland/bayern-uigure-soll-illegal-nach-china-abgeschoben-worden-sein-a-1221832.html?utm_source=dlvr.it&utm_medium=%5Bfacebook%5D&utm_campaign=%5Bspontop%5D#ref=rss…
8
15
12",,8,15,12,[],https://twitter.com/derspiegel/status/1026421387034939392
DER SPIEGEL,@derspiegel,2018-08-02T14:00:12.000Z,"DER SPIEGEL
@derspiegel
·
2018年8月2日","Handelsstreit: China droht den USA mit Vergeltung http://spiegel.de/wirtschaft/soziales/china-wirft-usa-im-handelskrieg-erpressung-vor-a-1221373.html?utm_source=dlvr.it&utm_medium=%5Bfacebook%5D&utm_campaign=%5Bspontop%5D#ref=rss…
1
1
9",,1,1,9,[],https://twitter.com/derspiegel/status/1025018430708047873
DER SPIEGEL,@derspiegel,2018-08-22T23:47:04.000Z,"DER SPIEGEL
@derspiegel
·
2018年8月23日","Deutsche Asylpolitik: Uiguren dürfen offenbar nicht mehr nach China abgeschoben werden http://spiegel.de/politik/deutschland/deutschland-stoppt-offenbar-abschiebungen-von-uiguren-nach-china-a-1224487.html?utm_source=dlvr.it&utm_medium=%5Bfacebook%5D&utm_campaign=%5Bspontop%5D#ref=rss…
4
8
18",,4,8,18,[],https://twitter.com/derspiegel/status/1032413880016822272
DER SPIEGEL,@derspiegel,2018-08-20T17:54:07.000Z,"DER SPIEGEL
@derspiegel
·
2018年8月21日","Allianz im Handelsstreit: China setzt auf iranische Öltanker http://spiegel.de/wirtschaft/soziales/handelsstreit-china-setzt-auf-iranische-oeltanker-a-1224097.html?utm_source=dlvr.it&utm_medium=%5Bfacebook%5D&utm_campaign=%5Bspontop%5D#ref=rss…
1
1
11",,1,1,11,[],https://twitter.com/derspiegel/status/1031600278921916416
DER SPIEGEL,@derspiegel,2018-09-12T10:52:09.000Z,"DER SPIEGEL
@derspiegel
·
2018年9月12日","Theater-Zensur: Berliner Schaubühne bricht China-Tournee ab http://spiegel.de/kultur/gesellschaft/berliner-schaubuehne-china-gastspiel-muss-abgebrochen-werden-a-1227738.html?utm_source=dlvr.it&utm_medium=%5Bfacebook%5D&utm_campaign=%5Bspontop%5D#ref=rss…
2
11
5",,2,11,5,[],https://twitter.com/derspiegel/status/1039829009910005762
DER SPIEGEL,@derspiegel,2018-09-03T10:36:06.000Z,"DER SPIEGEL
@derspiegel
·
2018年9月3日","Hilfe und Geschäfte: China will 60 Milliarden Dollar in Afrika investieren http://spiegel.de/wirtschaft/soziales/china-verspricht-afrika-60-milliarden-dollar-hilfe-und-investitionen-a-1226258.html?utm_source=dlvr.it&utm_medium=%5Bfacebook%5D&utm_campaign=%5Bspontop%5D#ref=rss…
9
9
16",,9,9,16,[],https://twitter.com/derspiegel/status/1036563478666854400
DER SPIEGEL,@derspiegel,2018-09-14T12:37:06.000Z,"DER SPIEGEL
@derspiegel
·
2018年9月14日","China: Der irre Hype um ein kaum genießbares Getränk http://spiegel.de/plus/wirtschaft-in-china-kaese-im-tee-bei-heytea-a-97a934cd-7183-4973-87db-eb3ca2a527cd?utm_source=dlvr.it&utm_medium=%5Bfacebook%5D&utm_campaign=%5Bspontop%5D#ref=rss…
6
8
9",,6,8,9,[],https://twitter.com/derspiegel/status/1040580194698850304
DER SPIEGEL,@derspiegel,2018-09-22T19:02:07.000Z,"DER SPIEGEL
@derspiegel
·
2018年9月23日","Nach jahrzehntelangem Streit: Vatikan und China schließen historisches Abkommen http://spiegel.de/panorama/gesellschaft/vatikan-und-china-schliessen-historisches-abkommen-zur-ernennung-von-bischoefen-a-1229548.html?utm_source=dlvr.it&utm_medium=%5Bfacebook%5D&utm_campaign=%5Bspontop%5D#ref=rss…
3
11",,,3,11,[],https://twitter.com/derspiegel/status/1043576193683877888
DER SPIEGEL,@derspiegel,2018-09-24T06:37:06.000Z,"DER SPIEGEL
@derspiegel
·
2018年9月24日","Neue Schutzzölle: China wirft den USA ""Handels-Tyrannei"" vor http://spiegel.de/wirtschaft/soziales/schutzzoelle-china-wirft-den-usa-handels-tyrannei-vor-a-1229657.html?utm_source=dlvr.it&utm_medium=%5Bfacebook%5D&utm_campaign=%5Bspontop%5D#ref=rss…
2
4
6",,2,4,6,[],https://twitter.com/derspiegel/status/1044113477411852288
DER SPIEGEL,@derspiegel,2018-09-16T07:19:06.000Z,"DER SPIEGEL
@derspiegel
·
2018年9月16日","""Mangkhut"": Taifun versetzt China und Hongkong in Alarmbereitschaft http://spiegel.de/panorama/stuerme-in-asien-und-usa-mangkhut-und-florence-sorgen-fuer-verwuestung-a-1228329.html?utm_source=dlvr.it&utm_medium=%5Bfacebook%5D&utm_campaign=%5Bspontop%5D#ref=rss…
5
4",,,5,4,[],https://twitter.com/derspiegel/status/1041224945362034688
DER SPIEGEL,@derspiegel,2018-10-16T12:01:02.000Z,"DER SPIEGEL
@derspiegel
·
2018年10月16日","Provinz Xinjiang: China nennt Internierungslager für Uiguren ""freie Berufsausbildung"" http://spiegel.de/politik/ausland/uiguren-china-nennt-internierungslager-als-freie-berufsausbildung-a-1233509.html?utm_source=dlvr.it&utm_medium=%5Bfacebook%5D&utm_campaign=%5Bspontop%5D#ref=rss…
17
7
13",,17,7,13,[],https://twitter.com/derspiegel/status/1052167529521508352
DER SPIEGEL,@derspiegel,2018-10-19T14:49:06.000Z,"DER SPIEGEL
@derspiegel
·
2018年10月19日","Hongkong-Festland: China eröffnet neue Superbrücke http://spiegel.de/wirtschaft/hongkong-laengste-seeueberquerung-schafft-verbindung-mit-chinas-festland-a-1234165.html?utm_source=dlvr.it&utm_medium=%5Bfacebook%5D&utm_campaign=%5Bspontop%5D#ref=rss…
4
8
15",,4,8,15,[],https://twitter.com/derspiegel/status/1053296990493331457
DER SPIEGEL,@derspiegel,2018-11-17T07:35:05.000Z,"DER SPIEGEL
@derspiegel
·
2018年11月17日","Handelsstreit: USA und China überziehen sich bei Apec-Gipfel mit Vorwürfen http://spiegel.de/wirtschaft/apec-gipfel-usa-und-china-ueberziehen-sich-gegenseitig-mit-vorwuerfen-a-1238985.html?utm_source=dlvr.it&utm_medium=%5Bfacebook%5D&utm_campaign=%5Bspontop%5D#ref=rss…
5
2
4",,5,2,4,[],https://twitter.com/derspiegel/status/1063697014989369345
DER SPIEGEL,@derspiegel,2018-12-13T06:49:04.000Z,"DER SPIEGEL
@derspiegel
·
2018年12月13日","Vergeltungsakt in Huawei-Affäre: Kanada meldet zweiten Staatsbürger in China als vermisst http://spiegel.de/wirtschaft/unternehmen/huawei-affaere-china-nimmt-zweiten-kanadier-fest-a-1243456.html?utm_source=dlvr.it&utm_medium=%5Bfacebook%5D&utm_campaign=%5Bspontop%5D#ref=rss…
5
4
6",,5,4,6,[],https://twitter.com/derspiegel/status/1073107519965282308
DER SPIEGEL,@derspiegel,2018-12-14T10:47:06.000Z,"DER SPIEGEL
@derspiegel
·
2018年12月14日","Handelsstreit: China setzt Strafzölle auf US-Autos für drei Monate aus http://spiegel.de/wirtschaft/soziales/china-setzt-strafzoelle-auf-us-autos-fuer-drei-monate-aus-a-1243731.html?utm_source=dlvr.it&utm_medium=%5Bfacebook%5D&utm_campaign=%5Bspontop%5D#ref=rss…
2
2
4",,2,2,4,[],https://twitter.com/derspiegel/status/1073529808569528320
