UserScreenName,UserName,Timestamp,Text,Embedded_text,Emojis,Comments,Likes,Retweets,Image link,Tweet URL
DER SPIEGEL,@derspiegel,2015-01-08T07:49:09.000Z,"DER SPIEGEL
@derspiegel
·
2015年1月8日","China und die USA waren die abgasstärksten Nationen 2013 http://spon.de/aepmZ
3
14
11",,3,14,11,[],https://twitter.com/derspiegel/status/553096053314969600
DER SPIEGEL,@derspiegel,2015-01-26T15:37:11.000Z,"DER SPIEGEL
@derspiegel
·
2015年1月26日","China weitet die #Zensur im Netz aus: Peking geht nun auch gegen die #VPN-Dienste vor. http://spon.de/aeqdn
3
20
10",,3,20,10,[],https://twitter.com/derspiegel/status/559736817310629888
DER SPIEGEL,@derspiegel,2015-01-27T12:22:08.000Z,"DER SPIEGEL
@derspiegel
·
2015年1月27日","China weiter die Zensur aus - mit der Begründung: ""Das Land braucht neue Methoden, um neue Probleme zu bewältigen."" http://spon.de/aeqgE
3
6
5",,3,6,5,[],https://twitter.com/derspiegel/status/560050119702110210
DER SPIEGEL,@derspiegel,2015-01-26T10:13:36.000Z,"DER SPIEGEL
@derspiegel
·
2015年1月26日","@SpickUwe
 Hallo, das Umkippen von Reissäcken in China schränkt allerdings das Leben von Menschen nicht massiv ein - oder gefährdet es sogar.",,,,,[],https://twitter.com/derspiegel/status/559655384731107329
DER SPIEGEL,@derspiegel,2015-02-03T17:55:08.000Z,"DER SPIEGEL
@derspiegel
·
2015年2月4日","Knapp 90 Prozent der wichtigen Städte in #China sind durch Smog belastet. http://spon.de/aeqBh
3
16
9",,3,16,9,[],https://twitter.com/derspiegel/status/562670636489646080
DER SPIEGEL,@derspiegel,2015-02-10T14:18:43.000Z,"DER SPIEGEL
@derspiegel
·
2015年2月10日","Hauptsache von A nach B - Die skurrilsten fahrbaren Untersätze (Marke Eigenbau) aus China: http://spiegel.de/fotostrecke/skurriles-hobby-in-china-panzer-und-u-boote-der-marke-eigenbau-fotostrecke-123692.html…
6
12",,,6,12,[],https://twitter.com/derspiegel/status/565152890655080448
DER SPIEGEL,@derspiegel,2015-02-05T07:23:26.000Z,"DER SPIEGEL
@derspiegel
·
2015年2月5日","Diplomatischer Fauxpas auf Twitter: Argentiniens Präsidentin veralbert ihren Kollegen aus China http://spon.de/aeqF1
2
4
9",,2,4,9,[],https://twitter.com/derspiegel/status/563236440298250240
DER SPIEGEL,@derspiegel,2015-02-10T07:30:18.000Z,"DER SPIEGEL
@derspiegel
·
2015年2月10日","Die Inflation in #China ist überraschend auf den niedrigsten Stand seit fünf Jahren gesunken http://spon.de/aeqTf
1
6
2",,1,6,2,[],https://twitter.com/derspiegel/status/565050108903841795
DER SPIEGEL,@derspiegel,2015-02-19T07:34:14.000Z,"DER SPIEGEL
@derspiegel
·
2015年2月19日","In China beginnt heute das neue Jahr. Warum viele Chinesen das Jahr des Schafes fürchten http://spon.de/aerjd
2
18
24",,2,18,24,[],https://twitter.com/derspiegel/status/568312588519362561
DER SPIEGEL,@derspiegel,2015-02-19T18:41:09.000Z,"DER SPIEGEL
@derspiegel
·
2015年2月20日","RT 
@SPIEGEL_Video
: Die Nachrichtenbilder des Tages - unsere Kurznews: http://spon.de/vgHjW. #China #Grexit
3
2",,,3,2,[],https://twitter.com/derspiegel/status/568480423187058688
DER SPIEGEL,@derspiegel,2015-03-04T08:37:05.000Z,"DER SPIEGEL
@derspiegel
·
2015年3月4日","China rüstet auf: http://spon.de/aerWe
3
9
6",,3,9,6,[],https://twitter.com/derspiegel/status/573039449233207296
DER SPIEGEL,@derspiegel,2015-03-14T14:54:16.000Z,"DER SPIEGEL
@derspiegel
·
2015年3月14日","Wo alles gleich und nur eine Meinung erlaubt ist: Bilder vom Nationalen Volkskongress in China http://spiegel.de/fotostrecke/volkskongress-in-china-das-groesste-parlament-der-welt-fotostrecke-124727.html…
10
21
6",,10,21,6,[],https://twitter.com/derspiegel/status/576758246486077441
DER SPIEGEL,@derspiegel,2015-03-15T09:41:15.000Z,"DER SPIEGEL
@derspiegel
·
2015年3月15日","China hat harte Zeiten vor sich. Regierungschef Li stimmt das Volk schon mal ein http://spon.de/aesrO
6
5",,,6,5,[],https://twitter.com/derspiegel/status/577041860096438272
DER SPIEGEL,@derspiegel,2015-03-11T08:13:02.000Z,"DER SPIEGEL
@derspiegel
·
2015年3月11日","Pünktlich zum vierten Jahrestag von Fukushima genehmigt China ein neues Kernkraftwerk http://spon.de/aesgb
2
7
5",,2,7,5,[],https://twitter.com/derspiegel/status/575570110439538688
DER SPIEGEL,@derspiegel,2015-03-31T11:18:16.000Z,"DER SPIEGEL
@derspiegel
·
2015年3月31日","Golf ist in China verpönt - auf Druck der Regierung müssen 66 illegale Plätze schließen http://spon.de/aetbc
3
7
5",,3,7,5,[],https://twitter.com/derspiegel/status/582864481430024192
DER SPIEGEL,@derspiegel,2015-03-29T12:56:14.000Z,"DER SPIEGEL
@derspiegel
·
2015年3月29日","#China plant den Bau einer modernen Seidenstraße und stellt dafür 40 Milliarden Dollar bereit. http://spon.de/aes6D
2
7
9",,2,7,9,[],https://twitter.com/derspiegel/status/582164359427719168
DER SPIEGEL,@derspiegel,2015-03-30T16:08:12.000Z,"DER SPIEGEL
@derspiegel
·
2015年3月31日","Seehofer-Rivale Markus Söder ist auf PR-Tour in China und inszeniert sich in Strauß-Manier http://spon.de/aes8F
4
3
7",,4,3,7,[],https://twitter.com/derspiegel/status/582575057282543616
DER SPIEGEL,@derspiegel,2015-03-17T06:31:24.000Z,"DER SPIEGEL
@derspiegel
·
2015年3月17日","Guten Morgen! Heute wichtig: Merkel trifft #EZB-Präsident Draghi | Parlamentswahl in #Israel | #EU-Parlamentspräsident Schulz in #China
1
2
3",,1,2,3,[],https://twitter.com/derspiegel/status/577718858682880000
DER SPIEGEL,@derspiegel,2015-04-03T12:42:10.000Z,"DER SPIEGEL
@derspiegel
·
2015年4月3日","Beispielloser Prozess in #China: Der Ex-Sicherheitschef muss wegen Korruption und Geheimnisverrat vor Gericht. http://spon.de/aetkQ
3
3",,,3,3,[],https://twitter.com/derspiegel/status/583972760851881984
DER SPIEGEL,@derspiegel,2015-04-13T14:48:04.000Z,"DER SPIEGEL
@derspiegel
·
2015年4月13日","Diese Haus steht mitten auf einer Straße und es ist nicht das einzige kuriose Bauwerk in China http://spon.de/aetFn
3
14
24",,3,14,24,[],https://twitter.com/derspiegel/status/587628322588246017
DER SPIEGEL,@derspiegel,2015-04-10T14:21:05.000Z,"DER SPIEGEL
@derspiegel
·
2015年4月10日","Im Inselstreit im Südchinesischen Meer spricht #Obama eine Warnung an China aus http://spon.de/aetzT
3
16
6",,3,16,6,[],https://twitter.com/derspiegel/status/586534368190971905
DER SPIEGEL,@derspiegel,2015-04-14T08:40:02.000Z,"DER SPIEGEL
@derspiegel
·
2015年4月14日","China lässt die ""Sticker-Feministinnen"" nach einem Monat aus der Untersuchungshaft wieder frei http://spon.de/aetHz
2
5",,,2,5,[],https://twitter.com/derspiegel/status/587898092915011584
DER SPIEGEL,@derspiegel,2015-04-16T09:33:10.000Z,"DER SPIEGEL
@derspiegel
·
2015年4月16日","#Japan sieht seinen Luftraum durch #Russland und #China zunehmend bedroht. http://spon.de/aetO1
1
3
6",,1,3,6,[],https://twitter.com/derspiegel/status/588636238371950592
DER SPIEGEL,@derspiegel,2015-04-17T18:36:03.000Z,"DER SPIEGEL
@derspiegel
·
2015年4月18日","China baut eine Landebahn auf einer künstlichen Insel im Südchinesischen Meer http://spon.de/aetVq
1
16
10",,1,16,10,[],https://twitter.com/derspiegel/status/589135248664895489
DER SPIEGEL,@derspiegel,2015-04-30T07:22:02.000Z,"DER SPIEGEL
@derspiegel
·
2015年4月30日","#Vietnam feiert das Kriegsende vor 40 Jahren und rüstet sich gleichzeitig für einen Konflikt mit #China http://spon.de/aeutQ
1
9
4",,1,9,4,[],https://twitter.com/derspiegel/status/593676669161836544
DER SPIEGEL,@derspiegel,2015-04-30T14:32:03.000Z,"DER SPIEGEL
@derspiegel
·
2015年4月30日","#China und #Russland demonstrieren ihre Macht. Für Mitte Mai ist eine gemeinsame Militärübung geplant. http://spon.de/aeuvX
1
9
9",,1,9,9,[],https://twitter.com/derspiegel/status/593784884209942529
DER SPIEGEL,@derspiegel,2015-05-09T11:55:04.000Z,"DER SPIEGEL
@derspiegel
·
2015年5月9日","#China richtet sich auf den #Spratly-Inseln im Südchinesischen Meer häuslich ein http://spon.de/aeuS2
9
8",,,9,8,[],https://twitter.com/derspiegel/status/597006871904456704
DER SPIEGEL,@derspiegel,2015-05-15T10:47:04.000Z,"DER SPIEGEL
@derspiegel
·
2015年5月15日","China und Indien wollen künftig wirtschaftlich enger zusammenarbeiten. In politischen Fragen sind sie jedoch uneins. http://spon.de/aeu7G
4
2",,,4,2,[],https://twitter.com/derspiegel/status/599164084655755265
DER SPIEGEL,@derspiegel,2015-05-30T09:29:05.000Z,"DER SPIEGEL
@derspiegel
·
2015年5月30日","#USA warnt #China vor einer weiteren Eskalation des Territorialstreits im Südchinesischen Meer http://spon.de/aevLk
8
12
5",,8,12,5,[],https://twitter.com/derspiegel/status/604580280045731840
DER SPIEGEL,@derspiegel,2015-05-26T10:47:04.000Z,"DER SPIEGEL
@derspiegel
·
2015年5月26日","Eine ungewöhnliche Anti-Korruptions-Maßnahme: China schickt Politiker vorsorglich in den Knast http://spon.de/aevxO
2
11
11",,2,11,11,[],https://twitter.com/derspiegel/status/603150351525523456
DER SPIEGEL,@derspiegel,2015-06-02T08:45:06.000Z,"DER SPIEGEL
@derspiegel
·
2015年6月2日","Auf dem Huashan in China, dem wohl tödlichsten Klettersteig der Welt, kann man lebensgefährliche Selfies machen http://spon.de/aeu4H
2
4",,,2,4,[],https://twitter.com/derspiegel/status/605656372093403137
DER SPIEGEL,@derspiegel,2015-05-31T08:21:01.000Z,"DER SPIEGEL
@derspiegel
·
2015年5月31日","#China verteidigt den Inselbau im Südchinesischen Meer als Umweltschutzmaßnahme http://spon.de/aevMg
3
11
16",,3,11,16,[],https://twitter.com/derspiegel/status/604925538440904704
DER SPIEGEL,@derspiegel,2015-06-06T14:02:05.000Z,"DER SPIEGEL
@derspiegel
·
2015年6月6日","Andreas Ladach handelt mit ausgemusterten Orgeln und verschifft sie bis nach China. http://spon.de/aevCD
8
5",,,8,5,[],https://twitter.com/derspiegel/status/607185695644348416
DER SPIEGEL,@derspiegel,2015-06-02T06:44:32.000Z,"DER SPIEGEL
@derspiegel
·
2015年6月2日","In China ist ein Schiff mit mehr als 450 Menschen an Bord gesunken http://spon.de/aevQn
1
6
9",,1,6,9,[],https://twitter.com/derspiegel/status/605626031911739392
DER SPIEGEL,@derspiegel,2015-06-24T13:35:06.000Z,"DER SPIEGEL
@derspiegel
·
2015年6月24日","In #China haben Behörden tonnenweise Gammelfleisch entdeckt. Die Ware war teileweise 40 Jahre alt. http://spon.de/aewO3
4
12
11",,4,12,11,[],https://twitter.com/derspiegel/status/613701886483431424
DER SPIEGEL,@derspiegel,2015-06-21T12:17:02.000Z,"DER SPIEGEL
@derspiegel
·
2015年6月21日","Geldwäsche von 4,5 Milliarden Euro: Italienische Staatsanwälte ermitteln gegen 297 Verdächtige und die Bank of China http://spon.de/aewHk
1
10
12",,1,10,12,[],https://twitter.com/derspiegel/status/612595075978125316
DER SPIEGEL,@derspiegel,2015-07-10T16:51:03.000Z,"DER SPIEGEL
@derspiegel
·
2015年7月11日","Die Finanzmarktkrise wirkt sich auch auf den Automarkt in China aus: Schlechte Nachrichten für deutsche Autobauer.  http://spon.de/aexvH
1
3
1",,1,3,1,[],https://twitter.com/derspiegel/status/619549403766874112
DER SPIEGEL,@derspiegel,2015-07-05T09:45:04.000Z,"DER SPIEGEL
@derspiegel
·
2015年7月5日","Ottmar Hitzfeld lehnte eine 25-Millionen-Offerte aus China ab, um für seinen Enkel da zu sein http://spon.de/aexgO
11
15
43",,11,15,43,[],https://twitter.com/derspiegel/status/617630262248128513
DER SPIEGEL,@derspiegel,2015-07-12T11:20:15.000Z,"DER SPIEGEL
@derspiegel
·
2015年7月12日","Menschenrechte: China lässt Dutzende Anwälte festsetzen: http://spiegel.de/politik/ausland/china-vorfolgungswelle-gegen-anwaelte-beunruhigt-menschenrechtler-a-1043268.html…
2
12
7",,2,12,7,[],https://twitter.com/derspiegel/status/620190930658828289
DER SPIEGEL,@derspiegel,2015-07-07T16:28:05.000Z,"DER SPIEGEL
@derspiegel
·
2015年7月8日","Diese gefälschten Kondome aus China wünscht man nicht mal seinem ärgsten Feind: http://spon.de/aexni
7
16
10",,7,16,10,[],https://twitter.com/derspiegel/status/618456462860247041
DER SPIEGEL,@derspiegel,2015-07-23T10:35:06.000Z,"DER SPIEGEL
@derspiegel
·
2015年7月23日","Willkommen zur neuen Folge ""China baut"". Heute: Ein raumsparender Autobahnring um ein Haus http://spon.de/aex0I
4
24
40",,4,24,40,[],https://twitter.com/derspiegel/status/624165835507044352
DER SPIEGEL,@derspiegel,2015-07-23T15:16:01.000Z,"DER SPIEGEL
@derspiegel
·
2015年7月23日","#China plant offenbar eine Lockerung der Familienpolitik: Bald sollen Paare auch zwei Kinder haben dürfen. http://spon.de/aex1e
1
6
6",,1,6,6,[],https://twitter.com/derspiegel/status/624236531968913409
DER SPIEGEL,@derspiegel,2015-08-12T21:04:14.000Z,"DER SPIEGEL
@derspiegel
·
2015年8月13日","Der niedrige Kurs des #Yuan spiegelt die Schwäche der Wirtschaft in #China wider. http://spon.de/aeyLc
1
3
6",,1,3,6,[],https://twitter.com/derspiegel/status/631571921608536064
DER SPIEGEL,@derspiegel,2015-08-11T16:35:05.000Z,"DER SPIEGEL
@derspiegel
·
2015年8月12日","Die Internetseite des neuen #Google-Dachkonzerns #Alphabet ist in #China bereits gesperrt worden. http://spon.de/aeyH7
2
9
10",,2,9,10,[],https://twitter.com/derspiegel/status/631141800632135681
DER SPIEGEL,@derspiegel,2015-08-06T17:52:07.000Z,"DER SPIEGEL
@derspiegel
·
2015年8月7日","Sicherheitsforscher haben eine Hackergruppe entdeckt, die massenhaft Daten ausspioniert, vermutlich von China aus: http://spon.de/aeywC
1
9
13",,1,9,13,[],https://twitter.com/derspiegel/status/629349245217189889
DER SPIEGEL,@derspiegel,2015-07-31T13:39:02.000Z,"DER SPIEGEL
@derspiegel
·
2015年7月31日","Menschenrechtler kritisieren die Vergabe der Winterspiele 2022 an China: ""Bärendienst an der olympischen Idee"". http://spon.de/aeyk
3
5
7",,3,5,7,[],https://twitter.com/derspiegel/status/627111228901462016
DER SPIEGEL,@derspiegel,2015-08-16T07:17:13.000Z,"DER SPIEGEL
@derspiegel
·
2015年8月16日","Guten Morgen! Heute wichtig: Proteste gegen Brasiliens Präsidentin | Entwicklungen in #Griechenland | China nach der Explosion in #Tianjin
1
2
7",,1,2,7,[],https://twitter.com/derspiegel/status/632813344265781248
DER SPIEGEL,@derspiegel,2015-08-24T20:19:04.000Z,"DER SPIEGEL
@derspiegel
·
2015年8月25日","Wie schlimm ist der Crash in China wirklich? Finanzexperten beschwichtigen und warnen vor Panik. http://spon.de/aezdF
4
10
9",,4,10,9,[],https://twitter.com/derspiegel/status/635909209830240257
DER SPIEGEL,@derspiegel,2015-08-27T13:22:02.000Z,"DER SPIEGEL
@derspiegel
·
2015年8月27日","In China gibt es eine Bank, die Goldman Sachs heißt. Die Namensgleichheit mit der US-Bank  sei aber ganz zufällig http://spon.de/aezlW
1
4
11",,1,4,11,[],https://twitter.com/derspiegel/status/636891421098831872
DER SPIEGEL,@derspiegel,2015-08-24T07:13:58.000Z,"DER SPIEGEL
@derspiegel
·
2015年8月24日","Krise in China: #DAX fällt unter 10.000 Punkte http://spon.de/aezbH
1
3
2",,1,3,2,[],https://twitter.com/derspiegel/status/635711632543510528
DER SPIEGEL,@derspiegel,2015-08-29T20:30:10.000Z,"DER SPIEGEL
@derspiegel
·
2015年8月30日","In China ist ein Ferkel mit zwei Köpfen gefunden worden - und inzwischen eine Berühmtheit http://spon.de/aezsi
6
17
24",,6,17,24,[],https://twitter.com/derspiegel/status/637723942631796736
DER SPIEGEL,@derspiegel,2015-09-02T06:34:03.000Z,"DER SPIEGEL
@derspiegel
·
2015年9月2日","China feiert den Sieg im Zweiten Weltkrieg - mit Panzern und Putin. Russische Soldaten marschieren bei der Parade mit http://spon.de/aezyK
4
9
8",,4,9,8,[],https://twitter.com/derspiegel/status/638963076776067072
DER SPIEGEL,@derspiegel,2015-09-03T09:51:05.000Z,"DER SPIEGEL
@derspiegel
·
2015年9月3日","Mit einer riesigen Militärparade feiert #China den Jahrestag des Weltkriegsendes. In #Japan zeigen sich viele nervös. http://spon.de/aezCm
2
7
10",,2,7,10,[],https://twitter.com/derspiegel/status/639375049565192192
DER SPIEGEL,@derspiegel,2015-08-30T19:48:02.000Z,"DER SPIEGEL
@derspiegel
·
2015年8月31日","Zu lange haben deutsche Firmen auf China, Brasilien oder Russland gesetzt. Was fehlt, ist eine solide Basis in Europa http://spon.de/aezsz
8
14
15",,8,14,15,[],https://twitter.com/derspiegel/status/638075725287788548
DER SPIEGEL,@derspiegel,2015-09-18T08:36:07.000Z,"DER SPIEGEL
@derspiegel
·
2015年9月18日","Die Finanzaufsichten in #China und anderen Ländern nehmen offenbar Tech-Firmen wie Alibaba und #Apple ins Visier. http://spon.de/aeAeP
3
5",,,3,5,[],https://twitter.com/derspiegel/status/644792003524321281
DER SPIEGEL,@derspiegel,2015-09-27T06:49:02.000Z,"DER SPIEGEL
@derspiegel
·
2015年9月27日","""Ey USA, wir hacken euch, aber nicht mehr ganz so doll."" - so oder so ähnlich hat sich China geäußert.  http://spon.de/aeAAG
2
56
17",,2,56,17,[],https://twitter.com/derspiegel/status/648026542522499072
DER SPIEGEL,@derspiegel,2015-09-27T14:27:05.000Z,"DER SPIEGEL
@derspiegel
·
2015年9月27日","China hat beim Uno-Nachhaltigkeitsgipfel zwei Milliarden Dollar für einen neuen Entwicklungsfonds versprochen. http://spon.de/aeABO
1
3
12",,1,3,12,[],https://twitter.com/derspiegel/status/648141814969430017
DER SPIEGEL,@derspiegel,2015-09-20T10:21:05.000Z,"DER SPIEGEL
@derspiegel
·
2015年9月20日","Die USA und China verhandeln über einen Vertrag zum Schutz vor gegenseitigen Cyberangriffen http://spon.de/aeAjh
7
5
15",,7,5,15,[],https://twitter.com/derspiegel/status/645543191458902017
DER SPIEGEL,@derspiegel,2015-10-05T16:25:08.000Z,"DER SPIEGEL
@derspiegel
·
2015年10月6日","Die USA und zehn Pazifikanrainerstaaten haben ein Freihandelsabkommen geschlossen – ohne China. http://spon.de/aeAW5
9
15",,,9,15,[],https://twitter.com/derspiegel/status/651070628104048640
DER SPIEGEL,@derspiegel,2015-10-09T18:39:25.000Z,"DER SPIEGEL
@derspiegel
·
2015年10月10日","In China könnten 2030 doppelt so viele Menschen an den Folgen des Rauchens sterben wie 2010 http://spon.de/aeA8f
4
5
4",,4,5,4,[],https://twitter.com/derspiegel/status/652553972302090240
DER SPIEGEL,@derspiegel,2015-10-12T08:03:02.000Z,"DER SPIEGEL
@derspiegel
·
2015年10月12日","#Abgasaffäre: VW ruft Autos in China 2000 Autos zurück. Pekings Umweltministerium kündigt Untersuchung an. http://spon.de/aeBdt
1
2
5",,1,2,5,[],https://twitter.com/derspiegel/status/653480986445910016
DER SPIEGEL,@derspiegel,2015-09-30T07:46:02.000Z,"DER SPIEGEL
@derspiegel
·
2015年9月30日","Mit staatlichen Eingriffen stemmt sich China gegen die Konjunkturschwäche http://spon.de/aeAID
1
2",,1,,2,[],https://twitter.com/derspiegel/status/649128054053208064
DER SPIEGEL,@derspiegel,2015-10-15T08:24:04.000Z,"DER SPIEGEL
@derspiegel
·
2015年10月15日","Archäologie: Der moderne Mensch war mindestens 40.000 Jahre vor der Besiedlung des europäischen Kontinents in China: http://spon.de/aeBmN
1
9
11",,1,9,11,[],https://twitter.com/derspiegel/status/654573439823429632
DER SPIEGEL,@derspiegel,2015-10-13T10:57:40.000Z,"DER SPIEGEL
@derspiegel
·
2015年10月13日","300 Meter hoch, 430 Meter lang: In China wird gerade die größte Glasbodenbrücke der Welt gebaut.
1
25
27",,1,25,27,[],https://twitter.com/derspiegel/status/653887322040070144
DER SPIEGEL,@derspiegel,2015-10-30T14:24:05.000Z,"DER SPIEGEL
@derspiegel
·
2015年10月30日","Kanzlerin in China: Seehofer stänkert - #Merkel guckt Laterne. http://spon.de/aeB09
4
4
4",,4,4,4,[],https://twitter.com/derspiegel/status/660099861602111488
DER SPIEGEL,@derspiegel,2015-10-29T06:51:03.000Z,"DER SPIEGEL
@derspiegel
·
2015年10月29日","China bestellt Airbusse im Wert von 17 Milliarden US-Dollar. http://spon.de/aeBWd
1
10
6",,1,10,6,[],https://twitter.com/derspiegel/status/659623461996773376
DER SPIEGEL,@derspiegel,2015-11-07T09:13:47.000Z,"DER SPIEGEL
@derspiegel
·
2015年11月7日","Erstmals seit 60 Jahren sind die Spitzen von China und Taiwan zu Gesprächen zusammengekommen.
http://spon.de/aeClf
10
14",,,10,14,[],https://twitter.com/derspiegel/status/662920873892950017
DER SPIEGEL,@derspiegel,2015-10-29T11:21:07.000Z,"DER SPIEGEL
@derspiegel
·
2015年10月29日","Merkel braucht in der Flüchtlingskrise Verbündete. Die sucht die Kanzlerin gerade in China.  http://spon.de/aeBWz
10
4
11",,10,4,11,[],https://twitter.com/derspiegel/status/659691428163878912
DER SPIEGEL,@derspiegel,2015-11-19T07:45:04.000Z,"DER SPIEGEL
@derspiegel
·
2015年11月19日","Jetzt will auch China gegen die Terrormiliz ""Islamischer Staat"" vorgehen
spiegel.de
China will sich am Kampf gegen Islamischer Staat IS beteiligen
Die Terrormiliz IS hat eine weitere Großmacht gegen sich aufgebracht - durch die Ermordung einer chinesischen Geisel. Die Regierung in Peking kündigt an, die Verantwortlichen zur Rechenschaft zu...
7
26
29",,7,26,29,[],https://twitter.com/derspiegel/status/667247203396620288
DER SPIEGEL,@derspiegel,2015-11-24T19:27:05.000Z,"DER SPIEGEL
@derspiegel
·
2015年11月25日","Die weltgrößte Fabrik zum industriellen Klonen von Haus- und Nutztieren wird derzeit in China gebaut.
spiegel.de
Gentechnik: China baut weltgrößte Klon-Fabrik
100.000 Rinder, Hunde, sogar Rennpferde - das alles will China in einer riesigen Fabrik in Tianjin in Serie klonen. Hinter dem Großprojekt steckt ein zweifelhafter Gentechniker und überführter...
4
20
11",,4,20,11,[],https://twitter.com/derspiegel/status/669235809397006336
DER SPIEGEL,@derspiegel,2015-11-30T10:35:08.000Z,"DER SPIEGEL
@derspiegel
·
2015年11月30日","Video: Wie durch Zauberhand erheben sich Autos an einer Kreuzung in China. http://spon.de/vg0qK
1
9
17",,1,9,17,[],https://twitter.com/derspiegel/status/671276265899343873
DER SPIEGEL,@derspiegel,2015-12-03T09:46:00.000Z,"DER SPIEGEL
@derspiegel
·
2015年12月3日","China baut seinen Einfluss auf dem afrikanischen Kontinent weiter aus. http://spon.de/aeDqX
4
5
6",,4,5,6,[],https://twitter.com/derspiegel/status/672351067712131072
DER SPIEGEL,@derspiegel,2015-12-19T09:15:08.000Z,"DER SPIEGEL
@derspiegel
·
2015年12月19日","China fühlt sich durch den Überflug eines US-amerikanischen B-52-Bombers im Südchinesischen Meer provoziert. http://spon.de/aeEa8
6
5
18",,6,5,18,[],https://twitter.com/derspiegel/status/678141504422973440
DER SPIEGEL,@derspiegel,2015-12-14T08:31:05.000Z,"DER SPIEGEL
@derspiegel
·
2015年12月14日","Der chinesische Internetkonzern Alibaba kauft die Hongkonger Traditionszeitung ""South China Morning Post"" http://spon.de/aeDTT
6
3",,,6,3,[],https://twitter.com/derspiegel/status/676318479990001666
DER SPIEGEL,@derspiegel,2015-12-12T14:15:08.000Z,"DER SPIEGEL
@derspiegel
·
2015年12月12日","Die nordkoreanische Frauen-Popband #Moranbong hat ihre Auftritte in #China überraschend abgesagt. http://spon.de/aeDRM
3
6",,,3,6,[],https://twitter.com/derspiegel/status/675680286827397121
DER SPIEGEL,@derspiegel,2015-12-14T14:10:10.000Z,"DER SPIEGEL
@derspiegel
·
2015年12月14日","Berlin sollte ein Zeichen gegen die Missachtung von Menschenrechten in China setzen, meint Bernhard Zand http://spon.de/aeDT5
6
6
6",,6,6,6,[],https://twitter.com/derspiegel/status/676403810483503104
