UserScreenName,UserName,Timestamp,Text,Embedded_text,Emojis,Comments,Likes,Retweets,Image link,Tweet URL
DER SPIEGEL,@derspiegel,2020-01-02T21:20:02.000Z,"DER SPIEGEL
@derspiegel
·
2020年1月3日","Zweifelhaftes Projekt in China: Ex-Manager wirft Google mangelnden Schutz von Menschenrechten vor https://spiegel.de/wirtschaft/unternehmen/ex-manager-ross-lajeunesse-google-sind-gewinne-wichtiger-als-menschenrechte-a-1303427.html?utm_source=dlvr.it&utm_medium=%5Bfacebook%5D&utm_campaign=%5Bspontop%5D#ref=rss…
3
4
12",,3,4,12,[],https://twitter.com/derspiegel/status/1212846033589288961
DER SPIEGEL,@derspiegel,2020-01-09T10:01:03.000Z,"DER SPIEGEL
@derspiegel
·
2020年1月9日","Eine rätselhafte Lungenkrankheit beunruhigt China: Der Erreger könnte von einer Virusfamilie abstammen, die Erkältungen auslöst – aber auch die Lungenkrankheiten Sars und Mers. https://spiegel.de/wissenschaft/medizin/mysterioese-lungenkrankheit-in-china-who-vermutet-neuartigen-erreger-a-ab4cae26-2927-4735-97eb-5fbf8984332d?utm_source=dlvr.it&utm_medium=%5Bfacebook%5D&utm_campaign=%5Bspontop%5D#ref=rss…
5
9",,,5,9,[],https://twitter.com/derspiegel/status/1215211875148808195
DER SPIEGEL,@derspiegel,2020-01-15T12:52:33.000Z,"DER SPIEGEL
@derspiegel
·
2020年1月15日","Die Elektromobilität ist in den weltgrößten Automärkten China und USA laut einer aktuellen Studie deutlich ins Stocken geraten. Die Neuzulassungen von Elektroautos in Deutschland hingegen steigen deutlich. https://spiegel.de/auto/elektroautos-deutschland-steigert-zulassungen-deutlich-a-6eccee32-c9ad-47c0-905b-65db4563198f?utm_source=dlvr.it&utm_medium=%5Bfacebook%5D&utm_campaign=%5Bspontop%5D#ref=rss…
10
3
9",,10,3,9,[],https://twitter.com/derspiegel/status/1217429360786825216
DER SPIEGEL,@derspiegel,2020-01-17T11:42:03.000Z,"DER SPIEGEL
@derspiegel
·
2020年1月17日","Mehr als 40 Menschen leiden in China an einer neuartigen Lungenkrankheit. Nun haben die Behörden einen zweiten Todesfall bestätigt. Das Coronavirus hat sich inzwischen auch ins asiatische Ausland ausgebreitet. https://spiegel.de/wissenschaft/medizin/china-zweiter-patient-stirbt-an-von-coronavirus-verursachter-lungenkrankheit-a-d493faf0-eaa9-4a29-8192-9575dee708ee?utm_source=dlvr.it&utm_medium=%5Bfacebook%5D&utm_campaign=%5Bspontop%5D#ref=rss…
3
7
8",,3,7,8,[],https://twitter.com/derspiegel/status/1218136396226916352
DER SPIEGEL,@derspiegel,2020-01-15T18:47:06.000Z,"DER SPIEGEL
@derspiegel
·
2020年1月16日","Die USA und China haben einen Waffenstillstand im Handelskrieg besiegelt. Für Donald Trump ist das ein politischer Erfolg - doch der Konflikt wird weitergehen. https://spiegel.de/wirtschaft/trumps-handelskrieg-mit-china-ein-bisschen-frieden-a-16f76f56-5b3c-40c6-96a2-6a40f0a5fda1?utm_source=dlvr.it&utm_medium=%5Bfacebook%5D&utm_campaign=%5Bspontop%5D#ref=rss…
9
4
17",,9,4,17,[],https://twitter.com/derspiegel/status/1217518588216496128
DER SPIEGEL,@derspiegel,2020-01-28T20:41:43.000Z,"DER SPIEGEL
@derspiegel
·
2020年1月29日","Sie stehen offenbar mit dem ersten Fall der neuartigen Krankheit aus China in Verbindung: In Bayern haben sich drei weitere Menschen mit dem Coronavirus angesteckt.
spiegel.de
Gesundheitsministerium bestätigt: Drei weitere Coronavirus-Fälle in Bayern bestätigt
Vier Menschen sind mittlerweile in Bayern am Coronavirus erkrankt, alle arbeiten für dasselbe Unternehmen. 40 weitere Kollegen sollen getestet werden - ihr Arbeitgeber hat seinen Stammsitz vorerst...
8
35
50",,8,35,50,[],https://twitter.com/derspiegel/status/1222258472990932993
DER SPIEGEL,@derspiegel,2020-01-22T20:04:33.000Z,"DER SPIEGEL
@derspiegel
·
2020年1月23日","Wuhan in China gilt als Ursprungsort des neuartigen Coronavirus. Ab Donnerstag sollen alle Transportwege der Stadt geschlossen werden. Die Regierung will verhindern, dass Einwohner verreisen. https://spiegel.de/wissenschaft/medizin/coronavirus-wuhan-schliesst-flughafen-und-bahnhoefe-a-3bf1fca7-dcec-4460-9b07-2b4c645406c3?utm_source=dlvr.it&utm_medium=%5Bfacebook%5D&utm_campaign=%5Bspontop%5D#ref=rss…
4
6
16",,4,6,16,[],https://twitter.com/derspiegel/status/1220074792776130560
DER SPIEGEL,@derspiegel,2020-01-25T06:59:34.000Z,"DER SPIEGEL
@derspiegel
·
2020年1月25日","In China infizieren sich immer mehr Menschen mit dem Erreger, der die rätselhafte Lungenkrankheit auslöst. Auch in Europa ist das Virus inzwischen angekommen - in Frankreich befinden sich drei Patienten unter Quarantäne. https://spiegel.de/wissenschaft/medizin/china-coronavirus-breitet-sich-weiter-aus-a-a257c199-9c37-4c20-b29f-2202cacd65c9?utm_source=dlvr.it&utm_medium=%5Bfacebook%5D&utm_campaign=%5Bspontop%5D#ref=rss…
11
13
19",,11,13,19,[],https://twitter.com/derspiegel/status/1220964409255723014
DER SPIEGEL,@derspiegel,2020-01-29T15:21:06.000Z,"DER SPIEGEL
@derspiegel
·
2020年1月29日","Lufthansa, SWISS und Austrian Airlines stoppen ihre Flüge von und nach China (Festland) bis zum 09.02. Das teilte die #LH mit. #Coronavirus
spiegel.de
Lufthansa streicht wegen Coronavirus alle Flüge nach China
Die Lufthansa hat sämtliche Flugverbindungen aufs chinesische Festland bis zum 9. Februar ausgesetzt. Damit reagiert die Airline auf die Verbreitung des Coronavirus.
3
45
59",,3,45,59,[],https://twitter.com/derspiegel/status/1222540175991099392
DER SPIEGEL,@derspiegel,2020-03-01T12:47:03.000Z,"DER SPIEGEL
@derspiegel
·
2020年3月1日","Erst Internierungslager, dann Zwangsarbeit: Die Recherchen eines australischen Thinktanks legen nahe, dass China Zehntausende Muslime aus Xinjiang landesweit in Fabriken arbeiten lässt, die auch deutsche Firmen beliefern. https://spiegel.de/wirtschaft/unternehmen/china-schickt-uiguren-offenbar-zur-zwangsarbeit-durchs-land-a-a980b430-eca6-46e3-855c-570dcc2c3870?utm_source=dlvr.it&utm_medium=%5Bfacebook%5D&utm_campaign=%5Bspontop%5D#ref=rss…
39
888
855",,39,888,855,[],https://twitter.com/derspiegel/status/1234097822355443712
DER SPIEGEL,@derspiegel,2020-03-10T04:29:33.000Z,"DER SPIEGEL
@derspiegel
·
2020年3月10日","Zum ersten Mal seit Ausbruch der Coronavirus-Krise in China ist Staatschef Xi Jinping in die besonders betroffene Stadt Wuhan gereist - ein symbolischer Besuch. Alle wichtigen Entwicklungen zu Sars-CoV-2 im Überblick. https://spiegel.de/wissenschaft/medizin/coronavirus-covid-19-und-sars-cov-2-die-wichtigsten-entwicklungen-am-dienstag-a-aa67e0a9-fc62-4f22-b203-9931377d1dc0?utm_source=dlvr.it&utm_medium=%5Bfacebook%5D&utm_campaign=%5Bspontop%5D#ref=rss…
29
729
772",,29,729,772,[],https://twitter.com/derspiegel/status/1237234111787331585
DER SPIEGEL,@derspiegel,2020-04-08T05:15:12.000Z,"DER SPIEGEL
@derspiegel
·
2020年4月8日","Die WHO sei zu sehr auf China fokussiert und habe schlechte Ratschläge erteilt, so Trump.
spiegel.de
Coronakrise: Trump droht WHO mit Stopp von Beitragszahlungen
US-Präsident Trump hat das Coronavirus bereits zum ""unsichtbaren Feind"" erklärt - nun hat er in der Krise einen neuen Gegner ausgemacht: die Weltgesundheitsorganisation.
106
740
818",,106,740,818,[],https://twitter.com/derspiegel/status/1247754847362748422
DER SPIEGEL,@derspiegel,2020-03-31T13:19:06.000Z,"DER SPIEGEL
@derspiegel
·
2020年3月31日","Ob China, Spanien oder Deutschland: Die Corona-Statistiken weisen darauf hin, dass mehr Männer als Frauen beatmet werden müssen oder sogar sterben. Ein Immunologe erklärt, woran das liegen könnte. https://spiegel.de/wissenschaft/medizin/coronavirus-trifft-covid-19-maenner-haerter-a-402a2377-23fb-4e48-851c-7ff6995f2bb2?utm_source=dlvr.it&utm_medium=%5Bfacebook%5D&utm_campaign=%5Bspontop%5D#ref=rss…
12
41
75",,12,41,75,[],https://twitter.com/derspiegel/status/1244977523152130049
DER SPIEGEL,@derspiegel,2020-04-17T11:50:22.000Z,"DER SPIEGEL
@derspiegel
·
2020年4月17日","Die Zahl der Corona-Todesfälle im Zentrum der Pandemie in China ist deutlich höher als bislang bekannt. Außenminister Heiko Maas fordert Transparenz - und ein Überdenken kultureller Gepflogenheiten.
spiegel.de
Wuhan: Maas nennt korrigierte Zahl der Corona-Toten ""besorgniserregend""
Die Zahl der Corona-Todesfälle im Zentrum der Pandemie in China ist deutlich höher als bislang bekannt. Außenminister Heiko Maas fordert Transparenz - und ein Überdenken kultureller Gepflogenheiten.
37
555
589",,37,555,589,[],https://twitter.com/derspiegel/status/1251115784572751877
DER SPIEGEL,@derspiegel,2020-04-13T06:15:12.000Z,"DER SPIEGEL
@derspiegel
·
2020年4月13日","In China steigt wieder die Zahl der Neuinfektionen, in Nicaragua feiern Tausende trotz #Coronavirus zusammen und die Mehrheit der Deutschen ist gegen eine Lockerung des Kontaktverbots. Die Corona-News am Montag.
spiegel.de
Die News am Ostermontag: Die wichtigsten Entwicklungen zum Coronavirus
Im Jahr 2009 löste der unter dem Namen ""Schweinegrippe"" bekannte Erreger H1N1 eine Pandemie aus. Laut der Weltgesundheitsorganisation (WHO) ist der Coronavirus zehnmal tödlicher. Der Überblick.
13
27
63",,13,27,63,[],https://twitter.com/derspiegel/status/1249581885409427456
DER SPIEGEL,@derspiegel,2020-04-22T05:48:48.000Z,"DER SPIEGEL
@derspiegel
·
2020年4月22日","China habe ""die Öffentlichkeit getäuscht"" und ""wichtige Informationen unterdrückt"", heißt es in der Anklageschrift des Bundesstaates #Missouri.
spiegel.de
Missouri: Erster US-Bundesstaat klagt wegen Coronavirus-Pandemie gegen China
China habe ""die Öffentlichkeit getäuscht"" und ""wichtige Informationen unterdrückt"", heißt es in der Anklageschrift des Bundesstaates Missouri. Die Erfolgsaussichten des Verfahrens sind aber gering.
34
621
662",,34,621,662,[],https://twitter.com/derspiegel/status/1252836731423875083
DER SPIEGEL,@derspiegel,2020-04-28T13:39:07.000Z,"DER SPIEGEL
@derspiegel
·
2020年4月28日","Woher kommt das Coronavirus? China weist den Verdacht eines Laborunfalls zurück. In der deutschen Politik mehren sich Stimmen, die mehr Aufklärung von Peking erwarten. https://spiegel.de/politik/deutschland/coronavirus-deutsche-aussenpolitiker-fordern-unabhaengige-untersuchung-in-wuhan-a-6b2d6869-35bc-4d27-85e2-f4b3c111b6a7?utm_source=dlvr.it&utm_medium=%5Bfacebook%5D&utm_campaign=%5Bspontop%5D#ref=rss…
17
15
53",,17,15,53,[],https://twitter.com/derspiegel/status/1255129420819427330
DER SPIEGEL,@derspiegel,2020-05-01T08:13:29.000Z,"DER SPIEGEL
@derspiegel
·
2020年5月1日","Taiwan hat in der Corona-Pandemie eine der niedrigsten Infektionsraten. Nun hofft das Land im Konflikt mit China auf Unterstützung, auch aus Deutschland. Ein Mann soll helfen: der Diplomat Jhy-Wey Shieh.
spiegel.de
Taiwan buhlt um deutsche Unterstützung: Der Mann mit den Masken
Taiwan hat in der Pandemie eine der niedrigsten Infektionsraten. Nun hofft das Land im Konflikt mit China auf Unterstützung, auch aus Deutschland. Ein Mann soll helfen: der Diplomat Jhy-Wey Shieh.
2
9
44",,2,9,44,[],https://twitter.com/derspiegel/status/1256134636540964865
DER SPIEGEL,@derspiegel,2020-05-01T08:12:21.000Z,"DER SPIEGEL
@derspiegel
·
2020年5月1日","Donald Trump befeuert weiter die These, das Coronavirus könne aus einem Labor in China stammen. Der US-Präsident droht dem Land mit Strafzöllen und kritisiert die WHO als ""PR-Agentur für China"".
spiegel.de
Donald Trump spricht erneut von Hinweisen auf Coronavirus-Ursprung in chinesischem Labor
Donald Trump befeuert weiter die These, das Coronavirus könne aus einem Labor in China stammen. Der US-Präsident droht dem Land mit Strafzöllen und kritisiert die WHO als ""PR-Agentur für China"".
19
9
16",,19,9,16,[],https://twitter.com/derspiegel/status/1256134349688393728
DER SPIEGEL,@derspiegel,2020-05-31T07:37:29.000Z,"DER SPIEGEL
@derspiegel
·
2020年5月31日","+++ News-Update +++: Infektionsfall unter deutschen Passagieren bei Rückflug nach China
spiegel.de
Coronavirus: Ansturm von Pfingst-Ausflüglern bleibt vielerorts aus
Trotz Lockerungen und Sonnenschein zieht es die Deutschen nur zögerlich raus. Spanien will den Notstand ein sechstes Mal verlängern. Der Schiefe Turm von Pisa ist wieder geöffnet. Der Überblick.
30
32
54",,30,32,54,[],https://twitter.com/derspiegel/status/1266997213072367616
DER SPIEGEL,@derspiegel,2020-05-30T12:12:57.000Z,"DER SPIEGEL
@derspiegel
·
2020年5月30日","Thüringen hebt die landesweiten Kontaktverbote ab Juni auf. Ein erster Flug mit 200 Deutschen geht nach China. Und Italiener dürfen im eigenen Land reisen. Der Überblick.
spiegel.de
Coronavirus-News am Samstag: Kontaktverbot in Thüringen soll Mitte Juni fallen
Nach Berechnungen der Johns-Hopkins-Universität entwickelt sich Lateinamerika zum Zentrum der Pandemie. Brasiliens Präsident Bolsonaro ignoriert Schutzmaßnahmen, obwohl sein Land immer schwerer...
9
13",,,9,13,[],https://twitter.com/derspiegel/status/1266704147853828096
DER SPIEGEL,@derspiegel,2020-05-30T08:16:39.000Z,"DER SPIEGEL
@derspiegel
·
2020年5月30日","Schulen, Kitas, Besuche, Urlaub: Jedes Bundesland geht seinen eigenen Weg - nur wie? Und: Ein erster Flug mit 200 Deutschen nach China ist gestartet. Der Überblick.
spiegel.de
Coronavirus-News am Samstag: Kontaktverbot in Thüringen soll Mitte Juni fallen
Nach Berechnungen der Johns-Hopkins-Universität entwickelt sich Lateinamerika zum Zentrum der Pandemie. Brasiliens Präsident Bolsonaro ignoriert Schutzmaßnahmen, obwohl sein Land immer schwerer...
1
8
8",,1,8,8,[],https://twitter.com/derspiegel/status/1266644680160227328
DER SPIEGEL,@derspiegel,2020-06-15T10:15:05.000Z,"DER SPIEGEL
@derspiegel
·
2020年6月15日","EU-Wettbewerbschefin Vestager will von der Krise geschwächte Unternehmen vor Übernahmen aus dem Ausland schützen. Denn manche Käufer haben unfaire Wettbewerbsvorteile. Wie die aus China. https://spiegel.de/politik/ausland/corona-krise-so-will-die-eu-chinesische-uebernahmen-abwehren-a-bacb86ae-239b-4b8c-a030-0cf840c305fc?utm_source=dlvr.it&utm_medium=%5Bfacebook%5D&utm_campaign=%5Bspontop%5D#ref=rss…
14
767
766",,14,767,766,[],https://twitter.com/derspiegel/status/1272472691564412928
DER SPIEGEL,@derspiegel,2020-06-12T08:05:19.000Z,"DER SPIEGEL
@derspiegel
·
2020年6月12日","Der Videochatdienst Zoom will Nutzer in China auch künftig aussperren, wenn ihre Aktivitäten dort als ""illegal"" betrachtet werden. Das US-Unternehmen hat sich zuletzt mehrfach dem Druck Pekings gebeugt.
spiegel.de
Zoom will auch künftig Chinas Anweisungen folgen
Der Videochatdienst Zoom will Nutzer in China auch künftig aussperren, wenn ihre Aktivitäten dort als ""illegal"" betrachtet werden. Das US-Unternehmen hat sich zuletzt mehrfach dem Druck Pekings...
13
782
762",,13,782,762,[],https://twitter.com/derspiegel/status/1271352870688960513
DER SPIEGEL,@derspiegel,2020-06-17T20:40:03.000Z,"DER SPIEGEL
@derspiegel
·
2020年6月18日","Trumps Ex-Berater Bolton erhebt in einem Buch schwere Vorwürfe gegen den US-Präsidenten. Trumps Außenpolitik sei von Bauchentscheidungen und Wissenslücken geprägt - und er habe China um Unterstützung bei der Wiederwahl gebeten. https://spiegel.de/politik/ausland/usa-donald-trump-wollte-john-bolton-zufolge-offenbar-chinas-hilfe-fuer-wiederwahl-a-574b8c6b-db08-41a0-b53a-631517d6f195?utm_source=dlvr.it&utm_medium=%5Bfacebook%5D&utm_campaign=%5Bspontop%5D#ref=rss…
29
42
123",,29,42,123,[],https://twitter.com/derspiegel/status/1273354744635916288
DER SPIEGEL,@derspiegel,2020-06-18T05:40:07.000Z,"DER SPIEGEL
@derspiegel
·
2020年6月18日","Ignorant, unberechenbar und korrupt - so wird #DonaldTrump von seinem früheren Sicherheitsberater John #Bolton beschrieben. Noch empfindlicher dürfte den US-Präsidenten jedoch der #China-Vorwurf treffen.
spiegel.de
Memoiren des Sicherheitsberaters von Donald Trump: Die Rache des John Bolton
Ignorant, unberechenbar und korrupt - so wird Donald Trump von seinem früheren Sicherheitsberater John Bolton beschrieben. Noch empfindlicher dürfte den US-Präsidenten jedoch der China-Vorwurf...
75
74
279",,75,74,279,[],https://twitter.com/derspiegel/status/1273490655403220993
DER SPIEGEL,@derspiegel,2020-07-09T06:28:54.000Z,"DER SPIEGEL
@derspiegel
·
2020年7月9日","Nach Kanada und den USA überdenken auch Neuseeland und Australien ihre Beziehungen zu China. Grund ist das sogenannte Sicherheitsgesetz für Hongkong. Demokratie-Aktivist Law bittet indes Kanzlerin Merkel um Hilfe.
spiegel.de
Australien setzt Auslieferungsabkommen mit Hongkong aus
Nach Kanada und den USA überdenken auch Neuseeland und Australien ihre Beziehungen zu China. Grund ist das sogenannte Sicherheitsgesetz für Hongkong. Demokratie-Aktivist Law bittet indes Kanzlerin...
21
479
529",,21,479,529,[],https://twitter.com/derspiegel/status/1281113080328577025
DER SPIEGEL,@derspiegel,2020-07-11T15:15:32.000Z,"DER SPIEGEL
@derspiegel
·
2020年7月11日","Russlands Geheimdienst hat den Gouverneur von Chabarowsk verhaftet - und so in der Grenzregion zu China einen kleinen Volksaufstand ausgelöst. Was steckt dahinter? https://spiegel.de/politik/ausland/russland-sergej-furgal-in-chabarowsk-festgenommen-vom-fsb-a-aa84526c-be95-483b-8b98-4a83db491027?utm_source=dlvr.it&utm_medium=%5Bfacebook%5D&utm_campaign=%5Bspontop%5D#ref=rss…
5
10
22",,5,10,22,[],https://twitter.com/derspiegel/status/1281970387245400066
DER SPIEGEL,@derspiegel,2020-07-21T11:29:05.000Z,"DER SPIEGEL
@derspiegel
·
2020年7月21日","Großbritannien hat im Streit über das neue ""Sicherheitsgesetz"" ein Auslieferungsabkommen mit Hongkong gestoppt. China fordert die Regierung in London nun auf, ""ihre Fehler sofort zu korrigieren"".
spiegel.de
Hongkong: China droht Großbritannien mit ""scharfen Gegenmaßnahmen""
Großbritannien hat im Streit über das sogenannte Sicherheitsgesetz ein Auslieferungsabkommen mit Hongkong gestoppt. China fordert die Regierung in London nun auf, ""ihre Fehler sofort zu korrigieren"".
12
546
549",,12,546,549,[],https://twitter.com/derspiegel/status/1285537277985333249
DER SPIEGEL,@derspiegel,2020-07-19T11:17:03.000Z,"DER SPIEGEL
@derspiegel
·
2020年7月19日","Straßen enden im Wasser, Felder werden zu Seen, Häuser zu Inseln: Die anhaltenden starken Regenfälle haben in China zu extremen Überschwemmungen geführt. Die Bilder. https://spiegel.de/panorama/china-steht-unter-wasser-ueberschwemmungen-nach-rekordregen-a-a9528011-e551-47cf-b5bf-1da0430034ce?utm_source=dlvr.it&utm_medium=%5Bfacebook%5D&utm_campaign=%5Bspontop%5D#ref=rss…
5
12
24",,5,12,24,[],https://twitter.com/derspiegel/status/1284809472418787329
DER SPIEGEL,@derspiegel,2020-07-24T04:42:55.000Z,"DER SPIEGEL
@derspiegel
·
2020年7月24日","China ist empört: Die Volksrepublik muss ihr Konsulat in Houston schließen. Die Entscheidung von US-Präsident Trump markiert einen neuen Tiefpunkt der Beziehungen. Es könnte aber noch viel schlimmer werden.
spiegel.de
Houston: China und Donald Trump - der diplomatische Streit eskaliert
China ist empört: Die Volksrepublik muss ihr Konsulat in Houston schließen. Die Entscheidung von US-Präsident Trump markiert einen neuen Tiefpunkt der Beziehungen. Es könnte aber noch viel schlimmer...
16
12
33",,16,12,33,[],https://twitter.com/derspiegel/status/1286522226351779841
DER SPIEGEL,@derspiegel,2020-07-25T10:18:44.000Z,"DER SPIEGEL
@derspiegel
·
2020年7月25日","Nachdem die #USA und #China Konsulate des jeweils anderen Landes geschlossen haben, verschärft sich die Krise zwischen den beiden Staaten weiter. Es steht viel auf dem Spiel - für eine Entspannung spricht wenig. Eine Videoanalyse von 
@bzand
 und 
@katschca
.
spiegel.de
China-USA-Krise: ""Keiner kann zurückstecken""
Nachdem die USA und China Konsulate des jeweils anderen Landes geschlossen haben, verschärft sich die Krise zwischen den beiden Staaten weiter. Es steht viel auf dem Spiel - für eine Entspannung...
8
420
423",,8,420,423,[],https://twitter.com/derspiegel/status/1286969124619522049
DER SPIEGEL,@derspiegel,2020-08-02T08:59:34.000Z,"DER SPIEGEL
@derspiegel
·
2020年8月2日","Die Spannungen zwischen den USA und China bringen Japan in eine heikle Lage. Der nationalistische Premier Abe sieht sich gezwungen, seine China-Strategie zu überdenken - militärisch wie wirtschaftlich.
spiegel.de
Japan zwischen den Fronten
Die Spannungen zwischen den USA und China bringen Japan in eine heikle Lage. Der nationalistische Premier Abe sieht sich gezwungen, seine China-Strategie zu überdenken - militärisch wie wirtschaftl...
6
478
489",,6,478,489,[],https://twitter.com/derspiegel/status/1289848303903891460
DER SPIEGEL,@derspiegel,2020-07-30T19:30:33.000Z,"DER SPIEGEL
@derspiegel
·
2020年7月31日","Erstmals greift die EU gegen ausländische Hacker durch. Neben sechs Einzelpersonen treffen die Strafmaßnahmen zwei Unternehmen aus China und Nordkorea sowie ein russisches Geheimdienstzentrum. https://spiegel.de/politik/ausland/eu-beschliesst-sanktionen-gegen-hacker-aus-russland-und-china-a-77111293-2651-4bb8-a2e3-fb6c3a04eea5?utm_source=dlvr.it&utm_medium=%5Bfacebook%5D&utm_campaign=%5Bspontop%5D#ref=rss…
1
12
40",,1,12,40,[],https://twitter.com/derspiegel/status/1288919931136827392
DER SPIEGEL,@derspiegel,2020-08-02T11:59:14.000Z,"DER SPIEGEL
@derspiegel
·
2020年8月2日","75 Jahre nach den ersten und bisher einzigen Atombombenangriffen rüsten die USA, Russland und China erneut auf. Der Einsatz von Nuklearwaffen wird wahrscheinlicher. (SPIEGEL+)
spiegel.de
(S+) USA, Russland und China rüsten nuklear auf: Das neue Spiel mit der Bombe
75 Jahre nach Hiroshima und Nagasaki wird ein Abrüstungsvertrag nach dem anderen beseitigt. Der Einsatz von Atomwaffen wird wieder wahrscheinlicher.
13
12
22",,13,12,22,[],https://twitter.com/derspiegel/status/1289893518865915905
DER SPIEGEL,@derspiegel,2020-07-29T16:30:20.000Z,"DER SPIEGEL
@derspiegel
·
2020年7月30日","China, Spanien, Australien: Nicht nur in Deutschland steigen die Corona-Fallzahlen. Doch bedeutet das in jedem Fall eine zweite Welle? Der Überblick.
spiegel.de
Steigende Corona-Zahlen: Wo sich das Virus ausbreitet
China, Spanien, Australien: Nicht nur in Deutschland steigen die Corona-Fallzahlen. Doch bedeutet das in jedem Fall eine zweite Welle? Der Überblick.
23
11
41",,23,11,41,[],https://twitter.com/derspiegel/status/1288512192539693063
DER SPIEGEL,@derspiegel,2020-08-17T22:26:33.000Z,"DER SPIEGEL
@derspiegel
·
2020年8月18日","Die USA werfen einem früheren CIA- und FBI-Mitarbeiter jahrelange Spionage für China vor. Der Mann wurde bereits festgenommen, die Vorwürfe liegen aber schon einige Zeit zurück. https://spiegel.de/politik/ausland/usa-ehemaliger-cia-mitarbeiter-soll-fuer-china-spioniert-haben-a-9409622e-1280-465b-9538-3b6b5ea9d188?utm_source=dlvr.it&utm_medium=%5Bfacebook%5D&utm_campaign=%5Bspontop%5D#ref=rss…
10
522
518",,10,522,518,[],https://twitter.com/derspiegel/status/1295487205197021185
DER SPIEGEL,@derspiegel,2020-08-13T14:56:06.000Z,"DER SPIEGEL
@derspiegel
·
2020年8月13日","Behörden in China haben eigenen Angaben zufolge Spuren des Coronavirus auf importierten Chicken-Wings aus Brasilien entdeckt.
spiegel.de
Lebensmittelprüfung: China findet Coronavirus auf Chickenwings
Seit einiger Zeit untersucht China importierte Waren auf das Coronavirus Sars-CoV-2 und wurde nun zum wiederholten Male fündig. Das Risiko, sich an Fleisch anzustecken, ist allerdings gering.
21
34
52",,21,34,52,[],https://twitter.com/derspiegel/status/1293924294058225665
DER SPIEGEL,@derspiegel,2020-08-19T09:51:04.000Z,"DER SPIEGEL
@derspiegel
·
2020年8月19日","Verheimlicht Saudi-Arabien seine atomaren Ziele? Ja, warnt Atomwaffenexperte Robert Kelley. Ohne Kontrolle könne das Land in 20 Jahren die Bombe bauen - mit Hilfe aus China und ehemaligen Mitgliedern der Trump-Regierung. https://spiegel.de/politik/atomprogramm-in-saudi-arabien-die-chinesen-helfen-und-wissen-wie-man-anreichert-a-0fb15942-3bbe-491a-8c9a-2dc4769e52b2?utm_source=dlvr.it&utm_medium=%5Bfacebook%5D&utm_campaign=%5Bspontop%5D#ref=rss…
19
523
512",,19,523,512,[],https://twitter.com/derspiegel/status/1296021857880039424
DER SPIEGEL,@derspiegel,2020-08-19T05:07:05.000Z,"DER SPIEGEL
@derspiegel
·
2020年8月19日","In Deutschland steigen die Corona-Neuinfektionen weiter an. Auch der Anteil der infizierten Urlauber steigt. Und: Donald Trump macht China für die Coronakrise verantwortlich. Der Überblick. https://spiegel.de/wissenschaft/coronavirus-news-am-mittwoch-anteil-der-corona-nachweise-mit-infektion-im-ausland-gestiegen-a-36d2eae0-6221-4f5c-b882-fe853b3daeed?utm_source=dlvr.it&utm_medium=%5Bfacebook%5D&utm_campaign=%5Bspontop%5D#ref=rss…
20
7
18",,20,7,18,[],https://twitter.com/derspiegel/status/1295950389838139394
DER SPIEGEL,@derspiegel,2020-09-19T06:25:02.000Z,"DER SPIEGEL
@derspiegel
·
2020年9月19日","Ab Sonntag sind die chinesischen Apps TikTok und WeChat in den USA nur noch eingeschränkt nutzbar. China wirft den Vereinigten Staaten deshalb Rechtsbruch vor und droht mit Vergeltungsmaßnahmen. https://spiegel.de/wirtschaft/streit-ueber-tiktok-und-wechat-china-wirft-den-usa-schikane-vor-a-4e0feb49-1e75-4d50-9856-4092b741247a?utm_source=dlvr.it&utm_medium=%5Bfacebook%5D&utm_campaign=%5Bspontop%5D#ref=rss…
18
469
476",,18,469,476,[],https://twitter.com/derspiegel/status/1307204033388584960
DER SPIEGEL,@derspiegel,2020-09-21T06:06:33.000Z,"DER SPIEGEL
@derspiegel
·
2020年9月21日","13.000 Soldaten, 250 Panzer: Russland beginnt ein Manöver der Superlative - mit Einheiten aus China, Pakistan, Belarus, Armenien und Myanmar. Aus Moskau heißt es: Man reagiere damit auf Übungen der Nato. https://spiegel.de/politik/ausland/kaukasus-2020-russland-startet-groesstes-militaermanoever-des-jahres-a-82780d76-19b5-42e0-87d4-7e045b64b24d?utm_source=dlvr.it&utm_medium=%5Bfacebook%5D&utm_campaign=%5Bspontop%5D#ref=rss…
32
463
464",,32,463,464,[],https://twitter.com/derspiegel/status/1307924157154304002
DER SPIEGEL,@derspiegel,2020-09-17T05:07:59.000Z,"DER SPIEGEL
@derspiegel
·
2020年9月17日","Ärzte in China haben beobachtet, dass relativ wenige ihrer Covid-Patienten Brillenträger waren. Sie vermuten deshalb, dass Brillen vor Ansteckungen schützen könnten.
spiegel.de
Brillen könnten das Corona-Infektionsrisiko senken
Ärzte in China haben beobachtet, dass relativ wenige ihrer Covid-Patienten Brillenträger waren. Sie vermuten deshalb, dass Brillen vor Ansteckungen schützen könnten.
244
264
391",,244,264,391,[],https://twitter.com/derspiegel/status/1306459867352313857
DER SPIEGEL,@derspiegel,2020-09-25T15:18:26.000Z,"DER SPIEGEL
@derspiegel
·
2020年9月25日","Recherchen eines australischen Thinktanks kommen zu einem erschütternden Ergebnis: Tausende Gotteshäuser der Uiguren in China wurden zerstört. Zudem soll es deutlich mehr Lager geben als bisher bekannt.
spiegel.de
Uiguren in China: Moscheen werden zerstört, Camps gebaut
Recherchen eines australischen Thinktanks kommen zu einem erschütternden Ergebnis: Tausende Gotteshäuser der Uiguren in China wurden zerstört. Zudem soll es deutlich mehr Lager geben als bisher...
27
84
123",,27,84,123,[],https://twitter.com/derspiegel/status/1309512593518792704
DER SPIEGEL,@derspiegel,2020-11-15T06:08:03.000Z,"DER SPIEGEL
@derspiegel
·
2020年11月15日","China und andere Staaten haben eine ""Regionale, umfassende Partnerschaft"" geschlossen. Sie umfasst 2,2 Milliarden Menschen und rund ein Drittel der weltweiten Wirtschaftsleistung: Eine Kampfansage an Europa und die USA. https://spiegel.de/wirtschaft/soziales/china-schmiedet-weltgroesste-freihandelszone-a-4c58ac56-1342-4947-828b-8e74d7b51566?utm_source=dlvr.it&utm_medium=%5Bfacebook%5D&utm_campaign=%5Bspontop%5D#ref=rss…
10
12
32",,10,12,32,[],https://twitter.com/derspiegel/status/1327855865508970496
DER SPIEGEL,@derspiegel,2020-12-01T20:39:03.000Z,"DER SPIEGEL
@derspiegel
·
2020年12月2日","In China gab es offenbar bereits Ende 2019 viel mehr Corona-Verdachtsfälle, als die Behörden der WHO meldeten. Das geht aus internen Dokumenten hervor, über die CNN berichtet. Auch in den Folgemonaten war auf die Zahlen kaum Verlass. https://spiegel.de/wissenschaft/medizin/coronavirus-china-meldete-deutlich-weniger-faelle-als-offiziell-erfasst-a-8b1e517f-11c9-41e1-8f1a-46718e465754?utm_source=dlvr.it&utm_medium=%5Bfacebook%5D&utm_campaign=%5Bspontop%5D#ref=rss…
18
16
60",,18,16,60,[],https://twitter.com/derspiegel/status/1333873266398695424
DER SPIEGEL,@derspiegel,2020-11-27T15:36:16.000Z,"DER SPIEGEL
@derspiegel
·
2020年11月27日","Mit dem Biosprit SAF betankt, wird eine Frachtmaschine des Typs Boeing 777 am 29. November von Frankfurt in Richtung China starten. Der CO₂-neutrale Transport soll ab April 2021 regelmäßig wiederholt werden.
spiegel.de
Klima: Erster CO2-neutraler Frachtflug startet in Frankfurt
Mit dem Biosprit SAF betankt, wird eine Frachtmaschine des Typs Boeing 777 am 29. November von Frankfurt in Richtung China starten. Der CO₂-neutrale Transport soll ab April 2021 regelmäßig wiederholt...
5
6
30",,5,6,30,[],https://twitter.com/derspiegel/status/1332347517468631043
DER SPIEGEL,@derspiegel,2020-11-26T10:56:33.000Z,"DER SPIEGEL
@derspiegel
·
2020年11月26日","Tundu Lissu hat es gewagt, bei der Wahl in Tansania anzutreten. Hier erzählt er, wie er vor den Schergen der Regierungspartei fliehen musste – und warnt Europa vor China. https://spiegel.de/politik/ausland/tansania-oppositionspolitiker-tundu-lissu-spricht-ueber-sein-leben-im-exil-in-belgien-a-8c469c97-c4ce-49bf-8cdc-b31a315bfd5a?utm_source=dlvr.it&utm_medium=%5Bfacebook%5D&utm_campaign=%5Bspontop%5D#ref=rss…
4
10",,,4,10,[],https://twitter.com/derspiegel/status/1331914737764843521
DER SPIEGEL,@derspiegel,2020-12-05T14:30:05.000Z,"DER SPIEGEL
@derspiegel
·
2020年12月5日","Kampfansage an China, Durchhalteparolen für die Redaktion: Eine Serie auf Amazon Prime Video zeigt, wie »Bild«-Chef Julian Reichelt mit seinem Boulevardblatt Politik macht. (S+)
spiegel.de
(S+) Amazon-Prime-Doku über »Bild«-Chef Julian Reichelt: 350 Minuten Säbelrasseln
Kampfansage an China, Durchhalteparolen für die Redaktion: Eine Serie auf Amazon Prime Video zeigt, wie »Bild«-Chef Julian Reichelt mit seinem Boulevardblatt Politik macht.
9
3
10",,9,3,10,[],https://twitter.com/derspiegel/status/1335229965059690499
DER SPIEGEL,@derspiegel,2020-12-11T12:34:03.000Z,"DER SPIEGEL
@derspiegel
·
2020年12月11日","Vertrauliche Dokumente belegen: Die Bundesregierung engagierte sich stärker als bekannt für die Wirecard-Expansion nach China. Vor allem Finanzministerium und Kanzleramt hielten Kontakt zum Zahlungsabwickler. https://spiegel.de/wirtschaft/unternehmen/wirecard-skandal-wie-die-bundesregierung-den-zahlungsabwickler-umgarnte-a-00000000-0002-0001-0000-000174419284?utm_source=dlvr.it&utm_medium=%5Bfacebook%5D&utm_campaign=%5Bspontop%5D#ref=rss…
8
25
26",,8,25,26,[],https://twitter.com/derspiegel/status/1337375092456624129
DER SPIEGEL,@derspiegel,2020-12-08T10:50:17.000Z,"DER SPIEGEL
@derspiegel
·
2020年12月8日","China und Nepal haben den Mount Everest neu vermessen und kommen auf eine andere Höhe als zuvor offiziell dokumentiert. Möglicherweise ist der Berg aber auch tatsächlich um 86 Zentimeter gewachsen.
spiegel.de
Höchster Berg der Erde: Mount Everest ist offiziell 86 Zentimeter höher
China und Nepal haben den Mount Everest neu vermessen und kommen auf eine andere Höhe als zuvor offiziell dokumentiert. Möglicherweise ist der Berg aber auch tatsächlich gewachsen.
7
5
27",,7,5,27,[],https://twitter.com/derspiegel/status/1336261814762475520
