UserScreenName,UserName,Timestamp,Text,Embedded_text,Emojis,Comments,Likes,Retweets,Image link,Tweet URL
DER SPIEGEL,@derspiegel,2021-01-07T18:29:44.000Z,"DER SPIEGEL
@derspiegel
·
2021年1月8日","Die Ereignisse in Washington zeigen, wie schwach der Westen ist: So lauten viele Kommentare in China, Russland und anderen autoritären Staaten. Unsere Korrespondenten haben sich die Berichterstattungen genau angeguckt. Jetzt bei SPIEGEL+.
spiegel.de
(S+) US-Kapitol: Autoritäre Herrscher frohlocken - hämische Reaktionen aus China und Russland
Die Ereignisse in Washington zeigen, wie schwach der Westen ist: So lauten viele Kommentare in China, Russland und anderen autoritären Staaten.
23
22
51",,23,22,51,[],https://twitter.com/derspiegel/status/1347249073519276038
DER SPIEGEL,@derspiegel,2021-01-06T11:57:59.000Z,"DER SPIEGEL
@derspiegel
·
2021年1月6日","Ein Team von WHO-Experten sollte eigentlich in China die Ursprünge des Coronavirus erkunden, doch Peking erteilt weiterhin nicht die nötigen Visa. Und: Die Pandemie sorgt in Deutschland für Milliarden-Defizit. Der Überblick.
spiegel.de
Corona-News: Curevac und Bayer planen Impfstoff-Allianz
Das Tübinger Unternehmen Curevac und der Chemiekonzern Bayer wollen laut einem Medienbericht zusammenarbeiten und versprechen: Bis zum Sommer werden alle geimpft, die es wollen. Außerdem: Eine...
6
9
24",,6,9,24,[],https://twitter.com/derspiegel/status/1346788100022947840
DER SPIEGEL,@derspiegel,2021-01-19T20:33:33.000Z,"DER SPIEGEL
@derspiegel
·
2021年1月20日","Wegen der Unterdrückung und Ausbeutung der Uiguren steht China seit Jahren in der Kritik. Kurz vor dem Ende der Regierung Trump verschärft US-Außenminister Mike Pompeo den Ton. https://spiegel.de/politik/ausland/uiguren-usa-werfen-china-voelkermord-an-muslimischer-minderheit-vor-a-3e31a4bb-4506-4f89-adf0-a1b05247e265?utm_source=dlvr.it&utm_medium=%5Bfacebook%5D&utm_campaign=%5Bspontop%5D#ref=rss…
12
9
43",,12,9,43,[],https://twitter.com/derspiegel/status/1351628886925168640
DER SPIEGEL,@derspiegel,2021-01-11T17:42:03.000Z,"DER SPIEGEL
@derspiegel
·
2021年1月12日","Das Coronavirus hat sich seit Dezember 2019 von China aus in der Welt verbreitet. Doch nun zeigt eine Analyse: Bereits im November 2019 ist ein Fall in Italien aufgetreten. https://spiegel.de/wissenschaft/corona-erster-fall-koennte-aus-italien-stammen-aus-dem-november-2019-a-8757a6d9-48be-4f20-836e-de4ba14db2ba?utm_source=dlvr.it&utm_medium=%5Bfacebook%5D&utm_campaign=%5Bspontop%5D#ref=rss…
24
25
63",,24,25,63,[],https://twitter.com/derspiegel/status/1348686626982035456
DER SPIEGEL,@derspiegel,2021-01-25T11:34:03.000Z,"DER SPIEGEL
@derspiegel
·
2021年1月25日","Mehr als hundert Experten fordern nach SPIEGEL-Informationen, das #Investitionsabkommen der EU mit China zu beenden. Sie verweisen auf Menschenrechtsverletzungen und die Unterdrückung von Demokratiebewegungen.
spiegel.de
EU und China: Experten fordern Stopp des Investitionsabkommens
Mehr als hundert Experten fordern nach SPIEGEL-Informationen, das Investitionsabkommen der EU mit China zu beenden. Sie verweisen auf Menschenrechtsverletzungen und die Unterdrückung von Demokratie...
14
271
345",,14,271,345,[],https://twitter.com/derspiegel/status/1353667444439732229
DER SPIEGEL,@derspiegel,2021-01-22T13:48:35.000Z,"DER SPIEGEL
@derspiegel
·
2021年1月22日","Vor gut einem Jahr brach in Wuhan die Pandemie aus, China stürzte in eine tiefe Krise. Inzwischen geht es dem Land besser als den meisten anderen. Lässt sich Pekings Durchmarsch noch aufhalten? Der neue SPIEGEL, morgen am Kiosk, jetzt online. https://magazin.spiegel.de/SP/2021/4/index.html…
60
46
48",,60,46,48,[],https://twitter.com/derspiegel/status/1352614137453543424
DER SPIEGEL,@derspiegel,2021-01-24T08:12:03.000Z,"DER SPIEGEL
@derspiegel
·
2021年1月24日","Die Wirtschaft wächst trotz Pandemie: China steht jetzt besser da als die meisten anderen Länder und weiß diesen Vorsprung zu nutzen. Unser Korrespondent beschreibt die Folgen für die Zukunft. Hören Sie hier die SPIEGEL-Titelstory. (35:28 Minuten) https://spiegel.de/politik/ausland/china-wie-ueberlegen-ist-uns-das-land-a-3aa13b0e-e3e8-4dd5-b453-5c1aa8840fdc?utm_source=dlvr.it&utm_medium=%5Bfacebook%5D&utm_campaign=%5Bspontop%5D#ref=rss…
14
17
39",,14,17,39,[],https://twitter.com/derspiegel/status/1353254220573495296
DER SPIEGEL,@derspiegel,2021-01-21T07:10:33.000Z,"DER SPIEGEL
@derspiegel
·
2021年1月21日","China ordnet Sanktionen gegen Ex-Außenminister Mike Pompeo und andere Trump-Vertraute an.
spiegel.de
Trumps Außenminister: China verhängt Sanktionen gegen Pompeo und andere US-Bürger
Die Nachricht aus Peking kam fast zeitgleich mit der Vereidigung von Joe Biden als US-Präsident: China ordnete Sanktionen gegen Donald Trumps Außenminister Mike Pompeo und 27 andere US-Bürger an.
17
8
63",,17,8,63,[],https://twitter.com/derspiegel/status/1352151579856666625
DER SPIEGEL,@derspiegel,2021-02-04T21:04:33.000Z,"DER SPIEGEL
@derspiegel
·
2021年2月5日","In einer ersten Rede zur US-Außenpolitik hat Präsident Biden den Bruch mit der Linie seines Vorgängers Trump angekündigt. Er sucht den Schulterschluss mit alten Verbündeten – China und Russland will er hart anfassen. https://spiegel.de/politik/ausland/usa-praesident-joe-biden-will-nicht-mehr-vor-russland-kuschen-a-e0c21153-1fd1-4a98-82e1-5f2066d808c7?utm_source=dlvr.it&utm_medium=%5Bfacebook%5D&utm_campaign=%5Bspontop%5D#ref=rss…
19
10
54",,19,10,54,[],https://twitter.com/derspiegel/status/1357434894008295424
DER SPIEGEL,@derspiegel,2021-02-01T08:34:32.000Z,"DER SPIEGEL
@derspiegel
·
2021年2月1日","China zeigt im Kampf gegen eine neue Corona-Welle im Land große Entschlossenheit. Innerhalb von ein paar Tagen entstand ein ganzes Quarantäne-Dorf, belegen Satellitenbilder. https://spiegel.de/wissenschaft/weltall/quarantaene-blitzcamp-in-shijiazhuang-a-1578aaf1-4226-4345-94fc-0c64ad9962c1?utm_source=dlvr.it&utm_medium=%5Bfacebook%5D&utm_campaign=%5Bspontop%5D#ref=rss…
9
3
18",,9,3,18,[],https://twitter.com/derspiegel/status/1356158984655237164
DER SPIEGEL,@derspiegel,2021-02-08T15:37:33.000Z,"DER SPIEGEL
@derspiegel
·
2021年2月8日","Die Audio-Chat-App hatte in den vergangenen Tagen auch in China schnell viele Fans gefunden. Jetzt ist Clubhouse dort gesperrt, berichten Expertinnen – schneller als erwartet. https://spiegel.de/netzwelt/apps/clubhouse-ist-in-china-offenbar-schon-gesperrt-a-dde0e4ee-acb7-46e8-b080-60240ccec2a2?utm_source=dlvr.it&utm_medium=%5Bfacebook%5D&utm_campaign=%5Bspontop%5D#ref=rss…
5
8
14",,5,8,14,[],https://twitter.com/derspiegel/status/1358802152748027904
DER SPIEGEL,@derspiegel,2021-02-01T12:20:25.000Z,"DER SPIEGEL
@derspiegel
·
2021年2月1日","In China hat eine Bande Kochsalzlösung als Corona-Impfstoff verkauft. Die Polizei nahm 80 Personen fest und beschlagnahmte 3000 Impfdosen. Und: Nächste Bund-Länder-Runde wohl am 10. Februar. Der Überblick.
spiegel.de
Corona-News am 1.2.: England stockt Testkapazität massiv auf
Weil Infektionsketten mit der Südafrika-Mutante nicht mehr nachvollziehbar sind, will England mehr als 80.000 Menschen testen. Und: EU startet Datenbank zur Impf-Nachverfolgung. Der Überblick am 1....
5
10
20",,5,10,20,[],https://twitter.com/derspiegel/status/1356215827993866242
DER SPIEGEL,@derspiegel,2021-02-11T14:48:58.000Z,"DER SPIEGEL
@derspiegel
·
2021年2月11日","Das neue Jahr ohne die Familie feiern – in China ist das fast undenkbar. Doch die Corona-Pandemie durchkreuzt auch in diesem Jahr die Reisepläne von Hunderten Millionen Menschen. Korrespondent 
@schorselysees
 beschreibt im Video seine Eindrücke aus Peking.
spiegel.de
Neujahrsfest in China: Deutlich weniger Reisen zur Hauptreisezeit
Das neue Jahr ohne die Familie feiern – in China ist das fast undenkbar. Doch die Corona-Pandemie durchkreuzt auch in diesem Jahr die Reisepläne von Hunderten Millionen Menschen.
1
10",,1,,10,[],https://twitter.com/derspiegel/status/1359877089193820160
DER SPIEGEL,@derspiegel,2021-02-16T18:34:18.000Z,"DER SPIEGEL
@derspiegel
·
2021年2月17日","Die BBC verboten, Korrespondenten drangsaliert: China führt einen Pressekrieg gegen den Westen. Geht die Strategie auf? Jetzt bei SPIEGEL+.
spiegel.de
(S+) China gegen den Westen: Wie China die freie Presse mundtot macht
Die BBC verboten, Korrespondenten drangsaliert: Die Volksrepublik führt einen Pressekrieg gegen den Westen. Geht die Strategie auf?
8
272
269",,8,272,269,[],https://twitter.com/derspiegel/status/1361745738854768640
DER SPIEGEL,@derspiegel,2021-02-17T08:20:48.000Z,"DER SPIEGEL
@derspiegel
·
2021年2月17日","Europa und die USA streiten darüber, wie sie mit China umgehen sollen: entkoppeln oder einbinden? Es gibt einen dritten, besseren Weg. Jetzt bei SPIEGEL+.
spiegel.de
(S+) Der Westen hat zwei Chinastrategien - beide sind falsch - Kolumne
Europa und die USA streiten darüber, wie sie mit der Volksrepublik umgehen sollen: entkoppeln oder einbinden? Es gibt einen dritten, besseren Weg.
7
4
14",,7,4,14,[],https://twitter.com/derspiegel/status/1361953734775947265
DER SPIEGEL,@derspiegel,2021-02-10T09:16:08.000Z,"DER SPIEGEL
@derspiegel
·
2021年2月10日","In China wurden 2020 deutlich weniger Kinder geboren als im Vorjahr. Wegen der sinkenden Geburtenraten warnen Experten im bevölkerungsreichsten Land der Erde vor Überalterung – und fürchten um das Wirtschaftswachstum.
spiegel.de
China: Sinkende Geburtenraten – »Niemand will noch Kinder haben«
In China wurden 2020 deutlich weniger Kinder geboren als im Vorjahr. Wegen der sinkenden Geburtenraten warnen Experten im bevölkerungsreichsten Land der Erde vor Überalterung – und fürchten um das...
9
2
14",,9,2,14,[],https://twitter.com/derspiegel/status/1359430942578905088
DER SPIEGEL,@derspiegel,2021-02-20T18:20:33.000Z,"DER SPIEGEL
@derspiegel
·
2021年2月21日","Sie war mit dem WHO-Team in China, um den Ursprung der Pandemie zu erforschen. Nun sagt die niederländische Virologin Marion Koopmans: Das Virus war im Dezember in Wuhan wohl schon weiter verbreitet, als bisher angenommen. https://spiegel.de/politik/ausland/who-expertin-ueber-ausbruch-der-pandemie-wir-muessen-kuenftig-viel-frueher-reagieren-a-623b4b28-500b-48f9-b034-457433d8aad7?utm_source=dlvr.it&utm_medium=%5Bfacebook%5D&utm_campaign=%5Bspontop%5D#ref=rss…
17
13
36",,17,13,36,[],https://twitter.com/derspiegel/status/1363191827663257600
DER SPIEGEL,@derspiegel,2021-02-22T02:53:33.000Z,"DER SPIEGEL
@derspiegel
·
2021年2月22日","Unter Donald Trump war das US-Verhältnis zu China am Tiefpunkt. Nun ist Joe Biden am Ruder – und Peking wünscht sich offenere Kommunikation. Der Appell war jedoch mit einer kaum zu erfüllenden Forderung verknüpft. https://spiegel.de/politik/ausland/china-spricht-von-neustart-in-beziehung-zu-den-usa-a-3739b434-b935-49bf-9393-c033989e7a16?utm_source=dlvr.it&utm_medium=%5Bfacebook%5D&utm_campaign=%5Bspontop%5D#ref=rss…
10
6
11",,10,6,11,[],https://twitter.com/derspiegel/status/1363683316034019333
DER SPIEGEL,@derspiegel,2021-03-03T06:27:12.000Z,"DER SPIEGEL
@derspiegel
·
2021年3月3日","Ist das Coronavirus durch einen Laborunfall in China in die Welt gekommen? Ein Hamburger Physikprofessor löste mit dieser These großen Wirbel aus. Jetzt springt ihm der Präsident der Uni zur Seite.
spiegel.de
Corona-Laborunfall-These: Hamburger Unipräsident verteidigt Vorgehen bei umstrittener Corona-Studie
Ist das Coronavirus durch einen Laborunfall in China in die Welt gekommen? Ein Hamburger Physikprofessor löste mit dieser These großen Wirbel aus. Jetzt springt ihm der Präsident der Uni zur Seite.
24
6
34",,24,6,34,[],https://twitter.com/derspiegel/status/1366998575771770880
DER SPIEGEL,@derspiegel,2021-03-02T21:12:03.000Z,"DER SPIEGEL
@derspiegel
·
2021年3月3日","Ein wichtiges Beratergremium des Pentagon fordert die US-Regierung zu massiven Investitionen in autonome Waffensysteme auf, sonst übernehme China den Spitzenplatz. Droht ein neuer Rüstungswettlauf? https://spiegel.de/wissenschaft/technik/wettlauf-der-kampfroboter-a-3e1db4c9-8b1d-425c-b5f7-3996e44a7f83?utm_source=dlvr.it&utm_medium=%5Bfacebook%5D&utm_campaign=%5Bspontop%5D#ref=rss…
16
5
14",,16,5,14,[],https://twitter.com/derspiegel/status/1366858867376721921
DER SPIEGEL,@derspiegel,2021-03-11T17:15:54.000Z,"DER SPIEGEL
@derspiegel
·
2021年3月12日","IOC-Präsident Thomas Bach bietet an, Impfdosen aus China für alle Olympiateilnehmer zu liefern. In der EU sind die Impfstoffe allerdings noch nicht zugelassen – und damit auch kein Thema für den DOSB.
spiegel.de
Olympia: DOSB lehnt Impfstoff aus China für deutsche Athleten ab
IOC-Präsident Thomas Bach bietet an, Impfdosen aus China für alle Olympiateilnehmer zu liefern. In der EU sind die Impfstoffe allerdings noch nicht zugelassen – und damit auch kein Thema für den DOSB.
7
6
11",,7,6,11,[],https://twitter.com/derspiegel/status/1370060929170350085
DER SPIEGEL,@derspiegel,2021-03-05T18:05:56.000Z,"DER SPIEGEL
@derspiegel
·
2021年3月6日","Fragwürdige Maskendeals, der Volkskongress in China, die Preisverkündigung der Berlinale – das ist die »Lage am Abend«:
spiegel.de
News des Tages: Masken-Deals, Volkskongress in China, Berlinale
Deutsche Politiker hielten bei Geschäften in der Pandemie in mehreren Fällen die Hand auf. Chinas Politiker feiern sich beim Volkskongress als Corona-Besieger. Und die Berlinale zeichnet starke Filme...
2
1
7",,2,1,7,[],https://twitter.com/derspiegel/status/1367899192715341831
DER SPIEGEL,@derspiegel,2021-03-21T18:27:33.000Z,"DER SPIEGEL
@derspiegel
·
2021年3月22日","220 Fischerboote, aufgereiht am Horizont: Im Südchinesischen Meer soll China in ein Seegebiet eingedrungen sein, das die Philippinen für sich beanspruchen. https://spiegel.de/politik/ausland/suedchinesisches-meer-philippinen-werfen-china-feindliches-eindringen-in-umstrittenes-seegebiet-vor-a-692b4ec6-c9b5-4cb0-a8f2-3ff891ec54d1?utm_source=dlvr.it&utm_medium=%5Bfacebook%5D&utm_campaign=%5Bspontop%5D#ref=rss…
17
225
248",,17,225,248,[],https://twitter.com/derspiegel/status/1373702837897621509
DER SPIEGEL,@derspiegel,2021-03-12T06:50:34.000Z,"DER SPIEGEL
@derspiegel
·
2021年3月12日","China weitet seinen Einfluss auf die Sonderverwaltungszone Hongkong weiter aus. Künftig sollen dort nur noch Peking-treue Kandidaten zur Wahl antreten dürfen. Jetzt reagiert die EU – und schließt Sanktionen nicht aus. https://spiegel.de/politik/ausland/eu-droht-china-wegen-geplanter-wahlrechtsaenderung-fuer-hongkong-a-49cb733a-a8f5-4fea-a764-eca95ee6f36b?utm_source=dlvr.it&utm_medium=%5Bfacebook%5D&utm_campaign=%5Bspontop%5D#ref=rss…
16
200
213",,16,200,213,[],https://twitter.com/derspiegel/status/1370265945936031745
DER SPIEGEL,@derspiegel,2021-03-16T15:08:34.000Z,"DER SPIEGEL
@derspiegel
·
2021年3月16日","Im Unterhaus hat der britische Premier Boris Johnson einen neuen Kurs in der Außenpolitik angekündigt. China sei eine Herausforderung, Russland eine Bedrohung. https://spiegel.de/politik/ausland/boris-johnson-sieht-china-als-groesste-herausforderung-a-5d88a6dc-bca5-4a94-9286-a34ac32942d5?utm_source=dlvr.it&utm_medium=%5Bfacebook%5D&utm_campaign=%5Bspontop%5D#ref=rss…
10
7
18",,10,7,18,[],https://twitter.com/derspiegel/status/1371840821268525064
DER SPIEGEL,@derspiegel,2021-03-19T15:53:33.000Z,"DER SPIEGEL
@derspiegel
·
2021年3月19日","Vorwürfe, Zurechtweisungen, klare Ansagen: Das erste Treffen zwischen China und der neuen US-Regierung hatte es in sich. Die Vertreter lieferten sich vor laufenden Kameras einen heftigen Schlagabtausch. https://spiegel.de/politik/ausland/usa-china-treffen-schlagabtausch-in-alaska-a-e6ddc912-2adc-4ed8-a9be-a96d531be31e?utm_source=dlvr.it&utm_medium=%5Bfacebook%5D&utm_campaign=%5Bspontop%5D#ref=rss…
4
1
15",,4,1,15,[],https://twitter.com/derspiegel/status/1372939307296518148
DER SPIEGEL,@derspiegel,2021-03-24T22:39:33.000Z,"DER SPIEGEL
@derspiegel
·
2021年3月25日","Der erste Besuch des US-Außen­ministers Blinken in Brüssel markierte eine Abkehr von der nationalistischen Trump-Politik. Eine gemeinsame Position mit der EU herrschte vor allem über das Vorgehen gegenüber China und Russland. https://spiegel.de/politik/ausland/us-aussenminister-anthony-blinken-stellt-eu-bei-bruessel-besuch-enge-zusammenarbeit-in-aussicht-a-d45a5488-2342-4674-baf0-98b5c3dc96ee?utm_source=dlvr.it&utm_medium=%5Bfacebook%5D&utm_campaign=%5Bspontop%5D#ref=rss…
11
8
26",,11,8,26,[],https://twitter.com/derspiegel/status/1374853421057011714
DER SPIEGEL,@derspiegel,2021-03-22T10:51:03.000Z,"DER SPIEGEL
@derspiegel
·
2021年3月22日","Wegen der Unterdrückung der Uiguren steht China schon länger in der Kritik. Jetzt hat die EU erstmals seit 30 Jahren Sanktionen gegen die Volksrepublik verhängt. https://spiegel.de/politik/ausland/uiguren-eu-beschliesst-sanktionen-gegen-china-a-5f508aae-7be2-4c39-94c9-4fd301b89002?utm_source=dlvr.it&utm_medium=%5Bfacebook%5D&utm_campaign=%5Bspontop%5D#ref=rss…
18
26
85",,18,26,85,[],https://twitter.com/derspiegel/status/1373950343155838980
DER SPIEGEL,@derspiegel,2021-03-22T13:53:33.000Z,"DER SPIEGEL
@derspiegel
·
2021年3月22日","In China stehen zwei Kanadier vor Gericht, die internationale Unterstützung brauchen. Chinas Geiseldiplomatie darf sich nicht durchsetzen. https://spiegel.de/politik/ausland/china-zwei-kanadier-vor-gericht-brauchen-die-unterstuetzung-der-internationalen-diplomatie-kommentar-a-0189fa2a-fe30-47c3-af59-3a16e7c993b1?utm_source=dlvr.it&utm_medium=%5Bfacebook%5D&utm_campaign=%5Bspontop%5D#ref=rss…
2
5
15",,2,5,15,[],https://twitter.com/derspiegel/status/1373996273225764865
DER SPIEGEL,@derspiegel,2021-03-26T06:43:33.000Z,"DER SPIEGEL
@derspiegel
·
2021年3月26日","Neun Briten dürfen künftig nicht mehr nach China einreisen: Die Volksrepublik wehrt sich mit Strafmaßnahmen gegen das Vorgehen Großbritanniens, der EU und der USA. Auch Organisationen sind betroffen. https://spiegel.de/politik/ausland/china-verhaengt-sanktionen-gegen-briten-a-c1b3c003-bcf2-4f80-b48d-9a95913f03b5?utm_source=dlvr.it&utm_medium=%5Bfacebook%5D&utm_campaign=%5Bspontop%5D#ref=rss…
6
8
17",,6,8,17,[],https://twitter.com/derspiegel/status/1375337608771891204
DER SPIEGEL,@derspiegel,2021-04-18T09:51:04.000Z,"DER SPIEGEL
@derspiegel
·
2021年4月18日","Volkswagen hält weiter an der Fabrik in der Region Xinjiang fest – trotz Berichten über Menschenrechtsverstöße. China-Chef Wöllenstein beruft sich auf den Verhaltenskodex des Unternehmens. https://spiegel.de/wirtschaft/unternehmen/volkswagen-verteidigt-fabrik-in-xinjiang-a-8bbc5bf9-20b2-4886-b520-b8ff050912ae?utm_source=dlvr.it&utm_medium=%5Bfacebook%5D&utm_campaign=%5Bspontop%5D#ref=rss…
46
39
92",,46,39,92,[],https://twitter.com/derspiegel/status/1383719721338433542
DER SPIEGEL,@derspiegel,2021-04-14T14:51:00.000Z,"DER SPIEGEL
@derspiegel
·
2021年4月14日","Admiral James Stavridis hat US-Kriegsschiffe im Südchinesischen Meer kommandiert. In seinem neuen Roman schreibt er über einen Krieg zwischen #China und #Amerika. Lesen Sie mit SPIEGEL+, warum er ihn für äußerst realistisch hält.
spiegel.de
(S+) China gegen die USA: »Wir müssen verhindern, dass wir in einen großen Krieg hineinschlittern«
Admiral James Stavridis hat US-Kriegsschiffe im Südchinesischen Meer kommandiert. In seinem neuen Roman schreibt er über einen Krieg zwischen China und Amerika. Er hält ihn für äußerst realistisch.
1
2
8",,1,2,8,[],https://twitter.com/derspiegel/status/1382345649530703872
DER SPIEGEL,@derspiegel,2021-04-20T18:45:00.000Z,"DER SPIEGEL
@derspiegel
·
2021年4月21日","Weltweit lähmt Corona das Autogeschäft, doch in China feiert die PS-Branche steile Zuwächse – und die erste bedeutende Automesse der Saison. Dort fahren auch die Deutschen groß auf. Die wichtigsten Neuheiten jetzt bei SPIEGEL+.
spiegel.de
Autoshow Shanghai: China ist die Rettung für deutsche Autobauer – und die größte Gefahr
Weltweit lähmt Corona das Autogeschäft, doch in China feiert die PS-Branche steile Zuwächse – und die erste bedeutende Automesse der Saison. Dort fahren auch die Deutschen groß auf. Die wichtigsten...
4
4
10",,4,4,10,[],https://twitter.com/derspiegel/status/1384578865037811713
DER SPIEGEL,@derspiegel,2021-04-23T11:18:05.000Z,"DER SPIEGEL
@derspiegel
·
2021年4月23日","SpaceX hat Astronauten in einer gebrauchten Rakete und Raumkapsel auf den Weg zur Internationalen Raumstation ISS geschickt. China startet derweil mit dem Bau eines eigenen Außenpostens im All. https://spiegel.de/wissenschaft/weltall/spacex-vier-astronauten-mit-crew-dragon-zur-iss-gestartet-a-3751614b-1e32-45df-9124-59468559f685?utm_source=dlvr.it&utm_medium=%5Bfacebook%5D&utm_campaign=%5Bspontop%5D#ref=rss…
1
9",,1,,9,[],https://twitter.com/derspiegel/status/1385553559500967943
DER SPIEGEL,@derspiegel,2021-04-26T13:50:05.000Z,"DER SPIEGEL
@derspiegel
·
2021年4月26日","Während Europa mitten in dritten Welle steckt, treibt China die Weltwirtschaft mit hohen Wachstumsraten wieder an. Der Regierung in Peking ist das noch nicht genug: Die Bürger sollen noch mehr einkaufen. https://spiegel.de/wirtschaft/unternehmen/aufschwung-nach-corona-china-verkuendet-konsumoffensive-a-5631d320-f7b7-4846-8ef1-a36b41b893ac?utm_source=dlvr.it&utm_medium=%5Bfacebook%5D&utm_campaign=%5Bspontop%5D#ref=rss…
7
9
19",,7,9,19,[],https://twitter.com/derspiegel/status/1386678976098172931
DER SPIEGEL,@derspiegel,2021-04-28T06:19:06.000Z,"DER SPIEGEL
@derspiegel
·
2021年4月28日","Seit Jahren erhöht China seinen Einfluss auf Länder in Afrika und Asien. Vor einem Treffen der Pekinger Regierung mit Kanzlerin Merkel fordert nun Außenexperte Röttgen mehr Achtsamkeit vor der »subtilen« Politik Chinas. https://spiegel.de/politik/ausland/china-norbert-roettgen-warnt-vor-naivitaet-im-umgang-mit-chinesischer-regierung-a-e65a622a-8560-4067-8abc-7e157d769b63?utm_source=dlvr.it&utm_medium=%5Bfacebook%5D&utm_campaign=%5Bspontop%5D#ref=rss…
9
7
46",,9,7,46,[],https://twitter.com/derspiegel/status/1387290258169995264
DER SPIEGEL,@derspiegel,2021-04-28T11:47:04.000Z,"DER SPIEGEL
@derspiegel
·
2021年4月28日","China und Deutschland kommen zu einer Regierungskonsultation zusammen. Zum Auftakt sprach Kanzlerin Merkel vom Kampf gegen Corona – sparte aber auch nicht mit Kritik an der Menschenrechtslage in der Volksrepublik. https://spiegel.de/politik/ausland/china-angela-merkel-will-mit-china-ueber-gegenseitige-impfstoff-anerkennung-verhandeln-a-1cfff5b9-c978-4bae-a09e-4375b0f5a1bb?utm_source=dlvr.it&utm_medium=%5Bfacebook%5D&utm_campaign=%5Bspontop%5D#ref=rss…
8
4
38",,8,4,38,[],https://twitter.com/derspiegel/status/1387372793650503688
DER SPIEGEL,@derspiegel,2021-05-10T20:44:07.000Z,"DER SPIEGEL
@derspiegel
·
2021年5月11日","Panzerfäuste aus Russland, Sturmgewehre aus China: Die US-Marine hat bei einer Kontrolle im Arabischen Meer tausende geschmuggelte Waffen sichergestellt. Die Menge brachte selbst ein US-Kriegsschiff an seine Grenzen. https://spiegel.de/ausland/arabisches-meer-us-marine-beschlagnahmt-tausende-waffen-bei-routinekontrolle-a-af676950-5957-4934-b108-becb94374e16?utm_source=dlvr.it&utm_medium=%5Bfacebook%5D&utm_campaign=%5Bspontop%5D#ref=rss…
17
25
69",,17,25,69,[],https://twitter.com/derspiegel/status/1391856601057824768
DER SPIEGEL,@derspiegel,2021-05-07T05:47:35.000Z,"DER SPIEGEL
@derspiegel
·
2021年5月7日","Die Volksrepublik übertrifft beim jährlichen Ausstoß von Treibhausgasen nach einer neuen Studie erstmals die Emissionen aller entwickelten Länder zusammen. 2019 kamen mehr als ein Viertel der weltweiten Emissionen allein aus China. https://spiegel.de/wirtschaft/studie-zu-treibhausgasen-china-stoesst-erstmals-mehr-dreck-aus-als-alle-industrielaender-zusammen-a-a02b584b-5c2d-46a9-be8c-d513a4605be7?utm_source=dlvr.it&utm_medium=%5Bfacebook%5D&utm_campaign=%5Bspontop%5D#ref=rss…
33
37
60",,33,37,60,[],https://twitter.com/derspiegel/status/1390543816441008130
DER SPIEGEL,@derspiegel,2021-05-07T08:02:04.000Z,"DER SPIEGEL
@derspiegel
·
2021年5月7日","Die deutsche Exportwirtschaft hat im März doppelt so stark zugelegt wie erwartet. Hauptgrund für den plötzlichen Aufschwung: die große Nachfrage aus China. https://spiegel.de/wirtschaft/kleines-konjunkturwunder-rekord-anstieg-der-ausfuhren-im-maerz-a-2a29348f-ea2d-4c26-bc0b-2806f348c6a8?utm_source=dlvr.it&utm_medium=%5Bfacebook%5D&utm_campaign=%5Bspontop%5D#ref=rss…
1
4
9",,1,4,9,[],https://twitter.com/derspiegel/status/1390577661722779649
DER SPIEGEL,@derspiegel,2021-05-07T07:40:04.000Z,"DER SPIEGEL
@derspiegel
·
2021年5月7日","Tausend Dosen des Impfstoffs der Firma Sinopharm hat China an die Philippinen gespendet. Staatschef Duterte hat sich bereits damit impfen lassen. Doch nach Kritik an dem Impfstoff will er ihn nun zurückgeben. https://spiegel.de/ausland/philippinen-rodrigo-duterte-schickt-impfstoff-nach-china-zurueck-a-f0510ff3-966d-4214-b939-6311bce6e5f8?utm_source=dlvr.it&utm_medium=%5Bfacebook%5D&utm_campaign=%5Bspontop%5D#ref=rss…
2
3
8",,2,3,8,[],https://twitter.com/derspiegel/status/1390572125652537345
DER SPIEGEL,@derspiegel,2021-05-26T12:01:04.000Z,"DER SPIEGEL
@derspiegel
·
2021年5月26日","»Fast & Furious 9« gilt als einer der Blockbuster, die den Kino-Neustart tragen sollen. In China müht sich Filmstar John Cena nach einem Interview um Schadensbegrenzung – und wird dafür von anderer Seite kritisiert. https://spiegel.de/kultur/kino/fast-und-furious-9-john-cena-nennt-taiwan-ein-land-sagt-sorry-zu-china-a-724543c0-1449-472a-b51b-145c3ddf0790?utm_source=dlvr.it&utm_medium=%5Bfacebook%5D&utm_campaign=%5Bspontop%5D#ref=rss…
2
174
177",,2,174,177,[],https://twitter.com/derspiegel/status/1397523177304072196
DER SPIEGEL,@derspiegel,2021-05-24T08:30:46.000Z,"DER SPIEGEL
@derspiegel
·
2021年5月24日","Donald Trump ist von einer chinesisch-amerikanischen Bürgerorganisation wegen Anstiftung zu Hass und Hetze verklagt worden. Grund ist seine Sprache im Umgang mit dem Coronavirus. Es geht insbesondere um den Begriff »China-Virus«.
spiegel.de
Donald Trump wegen »China-Virus« auf 23 Millionen Dollar verklagt
Der ehemalige US-Präsident ist von einer chinesisch-amerikanischen Bürgerorganisation wegen Anstiftung zu Hass und Hetze verklagt worden. Grund ist seine Sprache im Umgang mit dem Coronavirus.
53
38
234",,53,38,234,[],https://twitter.com/derspiegel/status/1396745474430877697
DER SPIEGEL,@derspiegel,2021-05-25T22:55:34.000Z,"DER SPIEGEL
@derspiegel
·
2021年5月26日","21 Menschen starben bei einem Langstreckenrennen in China nach einem Wetterumschwung. Dass es nicht noch mehr Opfer wurden, lag auch an der Rettungsaktion eines Schäfers. https://spiegel.de/panorama/china-schaefer-rettet-sechs-laeufer-bei-marathon-tragoedie-in-seiner-berghoehle-a-5e997705-b34e-47d8-a6b8-5aaf6e7183d9?utm_source=dlvr.it&utm_medium=%5Bfacebook%5D&utm_campaign=%5Bspontop%5D#ref=rss…
2
3
40",,2,3,40,[],https://twitter.com/derspiegel/status/1397325497378373640
DER SPIEGEL,@derspiegel,2021-05-25T14:32:59.000Z,"DER SPIEGEL
@derspiegel
·
2021年5月25日","Westliche Staaten werfen China Völkermord an den Uiguren in Xinjiang vor. Peking behauptet, in der Heimatregion der muslimischen Minderheit sei alles in bester Ordnung. Reise durch ein Land der Täuschungen. (S+)
spiegel.de
(S+) Chinas brutale Unterdrückung der Uiguren: Im unheimlichen Disneyland von Xinjiang
Westliche Staaten werfen China Völkermord an den Uiguren in Xinjiang vor. Peking behauptet, in der Heimatregion der muslimischen Minderheit sei alles in bester Ordnung. Reise durch ein Land der...
11
5
19",,11,5,19,[],https://twitter.com/derspiegel/status/1397199017390510090
DER SPIEGEL,@derspiegel,2021-06-05T21:15:04.000Z,"DER SPIEGEL
@derspiegel
·
2021年6月6日","In Ungarns Hauptstadt soll ein chinesischer Campus entstehen – so der Plan des Ministerpräsidenten Viktor Orbán. Jetzt gingen Tausende Menschen auf die Straße. Sie werfen Orbán zu viel Nähe zu China vor. https://spiegel.de/ausland/budapest-tausende-menschen-protestieren-gegen-geplante-chinesische-fudan-universitaet-a-cf71e04a-2128-4fca-8229-01ff4571e796?utm_source=dlvr.it&utm_medium=%5Bfacebook%5D&utm_campaign=%5Bspontop%5D#ref=rss…
20
227
294",,20,227,294,[],https://twitter.com/derspiegel/status/1401286472699760641
DER SPIEGEL,@derspiegel,2021-06-01T11:12:05.000Z,"DER SPIEGEL
@derspiegel
·
2021年6月1日","In China ist ein Mann am Vogelgrippevirus H10N3 erkrankt. Es ist der erste bekannte Fall einer Infektion mit dem Erreger im Menschen. Mit einem größeren Ausbruch rechnen Fachleute aber nicht. https://spiegel.de/wissenschaft/medizin/china-vogelgrippevirus-h10n3-erstmals-im-menschen-nachgewiesen-a-7dbbbd2d-beec-462b-8727-fda47e6f0f10?utm_source=dlvr.it&utm_medium=%5Bfacebook%5D&utm_campaign=%5Bspontop%5D#ref=rss…
89
171
375",,89,171,375,[],https://twitter.com/derspiegel/status/1399685173990412290
DER SPIEGEL,@derspiegel,2021-06-06T07:17:33.000Z,"DER SPIEGEL
@derspiegel
·
2021年6月6日","Donald Trump ist zurück auf der Bühne und lieferte das, was seine Anhänger von ihm erwarten: Schmähungen und scharfe Attacken. Beim Parteitag der Republikaner in Greenville wetterte er gegen China und den US-Chefvirologen Fauci. https://spiegel.de/ausland/donald-trump-fordert-corona-reparationen-von-china-a-d9a8f8f5-3b34-456e-bd2b-f51f5baa8629?utm_source=dlvr.it&utm_medium=%5Bfacebook%5D&utm_campaign=%5Bspontop%5D#ref=rss…
30
15
45",,30,15,45,[],https://twitter.com/derspiegel/status/1401438093077475328
DER SPIEGEL,@derspiegel,2021-06-03T17:30:00.000Z,"DER SPIEGEL
@derspiegel
·
2021年6月4日","Bereits im vergangenen Jahr unterband #China Gedenkveranstaltungen zum Massaker von 1989 – angeblich wegen Corona. In #HongKong versammelten sich dennoch Tausende Menschen. Nun erhöht Peking den Druck weiter.
spiegel.de
Hongkong: Wie China die Pandemie nutzt, um das Tiananmen-Massaker vergessen zu machen
Bereits im vergangenen Jahr unterband China Gedenkveranstaltungen zum Massaker von 1989 – angeblich wegen Corona. In Hongkong versammelten sich dennoch Tausende Menschen. Nun erhöht Peking den Druck...
2
13
34",,2,13,34,[],https://twitter.com/derspiegel/status/1400505058878386176
DER SPIEGEL,@derspiegel,2021-06-14T13:02:34.000Z,"DER SPIEGEL
@derspiegel
·
2021年6月14日","Nach jahrelanger Zurückhaltung will sich die Nato stärker gegen China positionieren. Eine entsprechende Erklärung ist von den Staats- und Regierungschefs offenbar bereits verabschiedet worden. https://spiegel.de/ausland/nato-stuft-chinas-verhalten-als-systemische-herausforderung-ein-a-f8a77b56-d298-4f3f-aa1c-d2e1fdee1a06?utm_source=dlvr.it&utm_medium=%5Bfacebook%5D&utm_campaign=%5Bspontop%5D#ref=rss…
30
142
160",,30,142,160,[],https://twitter.com/derspiegel/status/1404424020632555520
DER SPIEGEL,@derspiegel,2021-06-12T05:49:34.000Z,"DER SPIEGEL
@derspiegel
·
2021年6月12日","Auf dem G7-Gipfel will US-Präsident Joe Biden Europa in eine Allianz gegen China treiben. Dagegen muss vor allem Deutschland sich wehren, um seine wirtschaftlichen Interessen zu wahren. https://spiegel.de/wirtschaft/us-allianz-gegen-china-wo-deutschland-sich-von-joe-biden-abgrenzen-muss-a-976f8d2e-3090-4a28-9eb4-8a87f8a7599b?utm_source=dlvr.it&utm_medium=%5Bfacebook%5D&utm_campaign=%5Bspontop%5D#ref=rss…
60
13
41",,60,13,41,[],https://twitter.com/derspiegel/status/1403590279379050507
DER SPIEGEL,@derspiegel,2021-06-20T11:46:03.000Z,"DER SPIEGEL
@derspiegel
·
2021年6月20日","Nach der Präsidentenwahl in Iran ringen Diplomaten aus der EU, China und Russland wieder mit Vertretern aus Teheran am Verhandlungstisch. Die USA nehmen »indirekt« teil. https://spiegel.de/ausland/iran-verhandlungen-um-atomabkommen-gehen-weiter-a-cf2a3529-cec9-4539-9f7b-1dc701df30f4?utm_source=dlvr.it&utm_medium=%5Bfacebook%5D&utm_campaign=%5Bspontop%5D#ref=rss…
10
6
9",,10,6,9,[],https://twitter.com/derspiegel/status/1406579092472971269
DER SPIEGEL,@derspiegel,2021-06-24T11:02:38.000Z,"DER SPIEGEL
@derspiegel
·
2021年6月24日","China weiter sanktionieren? Nord Stream 2 zu Ende bauen? Was denken die Deutschen über Außenpolitik und welchem Kanzlerkandidaten vertrauen sie? 
Eine Umfrage liefert Antworten (S+): 
@mathieuvonrohr
spiegel.de
(S+) Annalena Baerbock, Armin Laschet oder Olaf Scholz: Wem vertrauen die Deutschen außenpolitisch?
Wie schätzen die Deutschen das internationale Profil von Annalena Baerbock, Armin Laschet und Olaf Scholz ein? Der SPIEGEL konnte exklusiv vorab eine Umfrage der Körber-Stiftung auswerten.
6
1
5",,6,1,5,[],https://twitter.com/derspiegel/status/1408017719375675400
DER SPIEGEL,@derspiegel,2021-07-01T06:39:04.000Z,"DER SPIEGEL
@derspiegel
·
2021年7月1日","Das Schnäppchen im Internet entpuppt sich mitunter als ziemlich teuer – wenn beim Versand aus China oder den USA noch zusätzliche Gebühren anfallen. Dem schiebt die EU nun einen Riegel vor. https://spiegel.de/wirtschaft/service/eu-vereinfacht-online-shopping-in-uebersee-a-76f530d7-fe45-4f1c-86b0-7fd7f172cf73?utm_source=dlvr.it&utm_medium=%5Bfacebook%5D&utm_campaign=%5Bspontop%5D#ref=rss…
6
5
25",,6,5,25,[],https://twitter.com/derspiegel/status/1410488105711267841
DER SPIEGEL,@derspiegel,2021-07-08T15:19:35.000Z,"DER SPIEGEL
@derspiegel
·
2021年7月8日","Asteroideneinschläge würden auf der Erde heftige Schäden anrichten. Weltraumorganisationen suchen deshalb nach Techniken, um die Bahn solcher Brocken zu verändern. Nun hat China einen Plan für die Welt. https://spiegel.de/wissenschaft/weltall/asteroid-kollisionen-chinas-idee-zur-rettung-der-erde-a-37f87846-eac8-4fa1-bf96-17df3d27a3d2?utm_source=dlvr.it&utm_medium=%5Bfacebook%5D&utm_campaign=%5Bspontop%5D#ref=rss…
12
4
23",,12,4,23,[],https://twitter.com/derspiegel/status/1413155811543584779
DER SPIEGEL,@derspiegel,2021-07-01T08:42:00.000Z,"DER SPIEGEL
@derspiegel
·
2021年7月1日","Am 1. Juli wird der Jahrestag der Kommunistischen Partei bejubelt, dieses Jahr zum 100. Mal. Welche innenpolitische Bedeutung haben die Feierlichkeiten? Und was bedeutet das Jubiläum für China und die Welt? (S+)
spiegel.de
China: So feiert das Land den 100. Jahrestag der Kommunistischen Partei
Am 1. Juli bejubelt China den Jahrestag der Kommunistischen Partei, dieses Jahr zum 100. Mal. Welche innenpolitische Bedeutung haben die Feierlichkeiten? Und was bedeutet das Jubiläum für das Land...
8
7
9",,8,7,9,[],https://twitter.com/derspiegel/status/1410519041039638528
DER SPIEGEL,@derspiegel,2021-07-15T06:25:06.000Z,"DER SPIEGEL
@derspiegel
·
2021年7月15日","Die USA verstärken den Druck auf China wegen der Unterdrückung der Uiguren. Der US-Senat brachte ein Importverbot aller Produkte aus der Provinz Xinjiang auf den Weg. Das setzt auch Firmen unter Druck. https://spiegel.de/wirtschaft/unternehmen/uiguren-in-china-usa-wollen-importe-aus-provinz-xinjiang-verbieten-a-1e013e45-6d2e-410a-9f54-14dd8df8fc19?utm_source=dlvr.it&utm_medium=%5Bfacebook%5D&utm_campaign=%5Bspontop%5D#ref=rss…
8
10
35",,8,10,35,[],https://twitter.com/derspiegel/status/1415558020788985858
DER SPIEGEL,@derspiegel,2021-07-13T06:52:04.000Z,"DER SPIEGEL
@derspiegel
·
2021年7月13日","China hat die Coronapandemie offenbar im Griff, Import und Export boomen wieder – stärker als von Experten erwartet. Für die zweite Jahreshälfte geht die Zollbehörde aber von einer Normalisierung aus. https://spiegel.de/wirtschaft/china-aussenhandel-waechst-im-juni-um-mehr-als-30-prozent-a-89e6aa50-d2dd-4784-9feb-48497c25612f?utm_source=dlvr.it&utm_medium=%5Bfacebook%5D&utm_campaign=%5Bspontop%5D#ref=rss…
4
3
10",,4,3,10,[],https://twitter.com/derspiegel/status/1414840031714316296
DER SPIEGEL,@derspiegel,2021-07-27T10:22:03.000Z,"DER SPIEGEL
@derspiegel
·
2021年7月27日","Tong Ying-Kit war der erste Angeklagte nach dem von China eingeführten »Sicherheitsgesetz« in Hongkong – nun ist er auch der erste Verurteilte. Wie lange er in Haft muss, ist noch unklar.
spiegel.de
Hongkong: Gericht verurteilt ersten Aktivisten nach umstrittenem »Sicherheitsgesetz«
Tong Ying-Kit war der erste Angeklagte nach dem von China eingeführten »Sicherheitsgesetz« in Hongkong – nun ist er auch der erste Verurteilte. Wie lange er in Haft muss, ist noch unklar.
7
77
71",,7,77,71,[],https://twitter.com/derspiegel/status/1419966305168363524
DER SPIEGEL,@derspiegel,2021-07-20T11:57:03.000Z,"DER SPIEGEL
@derspiegel
·
2021年7月20日","Wegen des Drucks von China hat Taiwan in Europa keine Botschaften. Stattdessen gibt es nicht offizielle Vertretungen – ohne das Wort »Taiwan«. Das ändert sich jetzt. https://spiegel.de/ausland/litauen-taiwan-eroeffnet-erstmals-eine-diplomatische-vertretung-unter-eigenem-namen-in-europa-a-7f7dca94-59e8-4713-8b9e-2942b0917ad5?utm_source=dlvr.it&utm_medium=%5Bfacebook%5D&utm_campaign=%5Bspontop%5D#ref=rss…
6
8
45",,6,8,45,[],https://twitter.com/derspiegel/status/1417453496094236678
DER SPIEGEL,@derspiegel,2021-07-28T00:00:05.000Z,"DER SPIEGEL
@derspiegel
·
2021年7月28日","»Mehr als wahrscheinlich, dass wir in einem Krieg enden«: Joe Biden hat eine mögliche militärische Eskalation nach einer Cyberattacke umrissen. Konkret nannte der amerikanische Präsident Russland und China.
spiegel.de
Joe Biden warnt nach Cyberangriff vor »echtem Krieg«
Falls es zu einem Krieg mit einer anderen Großmacht komme, werde dieser wahrscheinlich aus einem Cyberangriff resultieren: Joe Biden hat eine mögliche militärische Eskalation mit China oder Russland...
61
60
56",,61,60,56,[],https://twitter.com/derspiegel/status/1420172169930182659
DER SPIEGEL,@derspiegel,2021-07-20T01:48:03.000Z,"DER SPIEGEL
@derspiegel
·
2021年7月20日","Im Streit soll es um die Aufnahme in eine schwedische Akademie gegangen sein – dann wurde es handgreiflich: In China ist ein Topmanager des nationalen Raumfahrtprogramms festgenommen worden. https://spiegel.de/panorama/justiz/china-haftbefehl-gegen-manager-von-raumfahrtprogramm-nach-pruegelattacke-a-41c284df-f555-423e-bdb5-aee528fb01da?utm_source=dlvr.it&utm_medium=%5Bfacebook%5D&utm_campaign=%5Bspontop%5D#ref=rss…
6",,,,6,[],https://twitter.com/derspiegel/status/1417300238625243137
DER SPIEGEL,@derspiegel,2021-08-03T10:17:03.000Z,"DER SPIEGEL
@derspiegel
·
2021年8月3日","Nach sieben Neuinfektionen in Wuhan sind umfassende Massentests angeordnet worden. Auch in anderen Regionen will China die Delta-Variante umgehend eindämmen.
spiegel.de
Coronavirus in China: Wuhan testet alle Einwohner auf Sars-CoV-2
Nach sieben Neuinfektionen in Wuhan sind umfassende Massentests angeordnet worden. Auch in anderen Regionen will China die Delta-Variante umgehend eindämmen.
5
11
26",,5,11,26,[],https://twitter.com/derspiegel/status/1422501760820645888
DER SPIEGEL,@derspiegel,2021-08-03T18:45:00.000Z,"DER SPIEGEL
@derspiegel
·
2021年8月4日","Von den USA bis China – die Fotos des strickenden Olympiasiegers Tom Daley am Pool von Tokio gehen um die Welt. Bei manchem Sportreporter verursachen sie Schnappatmung. Ein Mann! Strickt! Wie eine Frau! (S+)
spiegel.de
Einfach (nur) gestrickt: Wassersprung-Olympiasieger Tom Daley auf der Tribüne
Von den USA bis China – die Fotos des strickenden Olympiasiegers Tom Daley am Pool von Tokio gehen um die Welt. Bei manchem Sportreporter verursachen sie Schnappatmung. Ein Mann! Strickt! Wie eine...
20
10
136",,20,10,136,[],https://twitter.com/derspiegel/status/1422629590535606276
DER SPIEGEL,@derspiegel,2021-08-04T09:08:00.000Z,"DER SPIEGEL
@derspiegel
·
2021年8月4日","Corona-News: Die EU-Kommissionspräsidentin von der Leyen hält die Mitgliedstaaten in Europa für eine Impfauffrischung gerüstet und hat Impfreserven bis zum Jahr 2023 geordert. Und: Höchststand bei Neuinfektionen in China. Der Überblick.
spiegel.de
Corona-News: Großbritannien setzt Deutschland auf »grüne Liste«: keine Quarantäne
Die britische Regierung hat Deutschland in die niedrigste Risikokategorie herabgestuft. Und: Der Gaststättenverband in Deutschland ist gegen Beschränkungen für Ungeimpfte. Der Überblick.
10
7
17",,10,7,17,[],https://twitter.com/derspiegel/status/1422846771886100480
DER SPIEGEL,@derspiegel,2021-07-30T18:15:00.000Z,"DER SPIEGEL
@derspiegel
·
2021年7月31日","Nach acht Jahren ersetzt Peking seinen Botschafter in den USA. Auf den neuen Gesandten, Qin Gang, kommen harte Zeiten zu. Denn was China betrifft, teilt Joe Biden manchen Instinkt mit Donald Trump. (S+)
spiegel.de
Chinas neuer Botschafter in den USA: Frontmann im großen Konflikt unserer Zeit
Nach acht Jahren ersetzt Peking seinen Botschafter in den USA. Auf den neuen Gesandten, Qin Gang, kommen harte Zeiten zu. Denn was China betrifft, teilt Joe Biden manchen Instinkt mit Donald Trump.
4
2
13",,4,2,13,[],https://twitter.com/derspiegel/status/1421172490391412737
DER SPIEGEL,@derspiegel,2021-08-25T12:18:02.000Z,"DER SPIEGEL
@derspiegel
·
2021年8月25日","Möbel, Fahrräder, Waschmaschinen: Deutsche Kunden müssen derzeit auf viele Produkte lange warten. Grund ist ein wochenlang lahmgelegtes Container-Terminal in China.
spiegel.de
Wie ein neuer Schiffsstau in China deutsche Verbraucher trifft
Möbel, Fahrräder, Waschmaschinen: Deutsche Kunden müssen derzeit auf viele Produkte lange warten. Grund ist ein wochenlang lahmgelegtes Containerterminal in China.
6
9
20",,6,9,20,[],https://twitter.com/derspiegel/status/1430504743017746445
DER SPIEGEL,@derspiegel,2021-08-23T08:57:45.000Z,"DER SPIEGEL
@derspiegel
·
2021年8月23日","Wird die Volksrepublik China das Vakuum füllen, das die USA am Hindukusch hinterlassen? Wohl kaum, sagt der Experte Andrew Small. Warum Peking trotz der Rohstoffe in #Afghanistan kaum mit den Taliban kooperieren wird: (S+)
spiegel.de
(S+) Pekings Interessen in Afghanistan: Wie China auf den Siegeszug der Taliban reagiert
Wird die Volksrepublik China das Vakuum füllen, das die USA am Hindukusch hinterlassen? Wohl kaum, sagt der Experte Andrew Small. Peking wird kaum mit den Taliban kooperieren – trotz der afghanischen...
4
5
12",,4,5,12,[],https://twitter.com/derspiegel/status/1429729563253395457
DER SPIEGEL,@derspiegel,2021-09-10T06:00:01.000Z,"DER SPIEGEL
@derspiegel
·
2021年9月10日","Menschenrechte, Hongkong, Taiwan: Das Verhältnis zwischen den USA und China ist seit Längerem angespannt. Nun sprachen die Präsidenten beider Länder am Telefon miteinander – erstmals seit sieben Monaten.
spiegel.de
Erstmals seit Monaten: Biden und Xi telefonieren wieder
Menschenrechte, Hongkong, Taiwan: Das Verhältnis zwischen den USA und China ist seit Längerem angespannt. Nun sprachen die Präsidenten beider Länder am Telefon miteinander – erstmals seit sieben...
6
67
71",,6,67,71,[],https://twitter.com/derspiegel/status/1436207815241224193
DER SPIEGEL,@derspiegel,2021-09-14T21:13:05.000Z,"DER SPIEGEL
@derspiegel
·
2021年9月15日","Er hielt Trump angeblich für verrückt und soll in China angerufen haben, um die Gefahr eines Nuklearkriegs zu verringern: Ein neues Enthüllungsbuch über US-General Milley sorgt für Aufsehen in Washington.
spiegel.de
Donald Trump: Generalstabschef soll versucht haben Befehlsgewalt über Atomwaffen einzuschränken
Er hielt Trump angeblich für verrückt und soll in China angerufen haben, um die Gefahr eines Nuklearkriegs zu verringern: Ein neues Enthüllungsbuch über US-General Milley sorgt für Aufsehen in...
12
20
81",,12,20,81,[],https://twitter.com/derspiegel/status/1437887148892377088
DER SPIEGEL,@derspiegel,2021-09-15T13:45:03.000Z,"DER SPIEGEL
@derspiegel
·
2021年9月15日","Anfang August lief die Fregatte »Bayern« in Richtung Asien aus. Auch ein Stopp in China war geplant. Aber Peking hatte etwas dagegen.
spiegel.de
Auswärtiges Amt: China verweigert deutschem Schiff Einfahrt in Hafen
Anfang August lief die Fregatte »Bayern« in Richtung Asien aus. Auch ein Stopp in China war geplant. Aber Peking hat etwas dagegen.
14
9
27",,14,9,27,[],https://twitter.com/derspiegel/status/1438136784756482048
DER SPIEGEL,@derspiegel,2021-09-09T04:41:06.000Z,"DER SPIEGEL
@derspiegel
·
2021年9月9日","Die große Mehrheit der Chilenen ist bereits geimpft, von kommender Woche an sind Kinder unter elf Jahren an der Reihe. Der Impfstoff kommt aus China. Und: Quarantäneregeln in Schulen – Vorbild NRW? Der Überblick.
spiegel.de
Corona-News am 09.09.: Thailändische Forscher wollen Coronaviren in Achselschweiß nachweisen
Schweißtest statt Rachenabstrich? Thailändische Wissenschaftler arbeiten an einer neuen Corona-Testmethode – diese ist aber noch in einer frühen Phase. Und: Afrika bekommt laut WHO weniger Impfstoff...
2
4
17",,2,4,17,[],https://twitter.com/derspiegel/status/1435825569350905856
DER SPIEGEL,@derspiegel,2021-10-02T17:15:03.000Z,"DER SPIEGEL
@derspiegel
·
2021年10月3日","Immer wieder verletzt China die Flugsicherheitszone um Taiwan, doch noch nie so massiv wie jetzt: Fast 60 Kampfflieger drangen ein. Das sei auch als Warnung an die Verbündeten des Inselstaats zu verstehen, sagt ein Experte.
spiegel.de
China gegen Taiwan: Pekings Botschaft per Kampfflugzeug
Immer wieder verletzt China die Flugsicherheitszone um Taiwan, doch noch nie so massiv wie jetzt: Fast 60 Kampfflieger drangen ein. Das sei auch als Warnung an die Verbündeten des Inselstaats zu...
6
17
27",,6,17,27,[],https://twitter.com/derspiegel/status/1444350227771641858
DER SPIEGEL,@derspiegel,2021-10-04T18:49:16.000Z,"DER SPIEGEL
@derspiegel
·
2021年10月5日","Mit Provokationen im Luftraum untermauert China seinen Herrschaftsanspruch über Taiwan. Nun entsandte Peking so viele Kampfjets wie nie zuvor.
spiegel.de
Eskalation: China schickt 56 Kampfflugzeuge nach Taiwan
Mit Provokationen im Luftraum untermauert China seinen Herrschaftsanspruch über Taiwan. Nun entsandte Peking so viele Kampfjets wie nie zuvor.
18
18
55",,18,18,55,[],https://twitter.com/derspiegel/status/1445098714847236103
DER SPIEGEL,@derspiegel,2021-10-25T08:14:32.000Z,"DER SPIEGEL
@derspiegel
·
2021年10月25日","In China scheint die Abkehr vom Turbokapitalismus Formen anzunehmen. Einem Bericht zufolge sollen künftig Spitzenverdiener und Immobilienbesitzer höhere Steuern zahlen, auch eine Vermögensteuer ist im Gespräch.
spiegel.de
China will offenbar Spitzenverdiener stärker belasten
In China scheint die Abkehr vom Turbokapitalismus Formen anzunehmen. Einem Bericht zufolge sollen künftig Spitzenverdiener und Immobilienbesitzer höhere Steuern zahlen, auch eine Vermögensteuer ist...
3
7
29",,3,7,29,[],https://twitter.com/derspiegel/status/1452549124453068800
DER SPIEGEL,@derspiegel,2021-10-24T17:45:00.000Z,"DER SPIEGEL
@derspiegel
·
2021年10月25日","Die Energiekrise ist überall: In China gehen die Kerzen aus, in Großbritannien heizen Großmütter nur, wenn die Enkel kommen, in Brasilien kochen sie wieder mit Brennholz. Der Überblick. (S+)
spiegel.de
(S+) Energiekrise: Wie sich hohe Kosten und der Mangel international auswirken
Die Energiekrise ist überall: In China gehen die Kerzen aus, in Großbritannien heizen Großmütter nur, wenn die Enkel kommen, in Brasilien kochen sie wieder mit Brennholz. Der Überblick.
16
19
49",,16,19,49,[],https://twitter.com/derspiegel/status/1452330296058146820
DER SPIEGEL,@derspiegel,2021-10-26T15:00:03.000Z,"DER SPIEGEL
@derspiegel
·
2021年10月26日","»Die Gefahr besteht und sie wird immer größer«: Eindringlich hat Taiwans Außenminister auf die Möglichkeit einer Eskalation im Konflikt mit China hingewiesen. Peking könnte so versuchen, von eigenen Problemen abzulenken.
spiegel.de
Taiwan: Außenminister Joseph Wu warnt vor Konflikt mit China
»Die Gefahr besteht und sie wird immer größer«: Eindringlich hat Taiwans Außenminister auf die Möglichkeit einer Eskalation im Konflikt mit China hingewiesen. Peking könnte so versuchen, von eigenen...
2
7
20",,2,7,20,[],https://twitter.com/derspiegel/status/1453013561941372929
DER SPIEGEL,@derspiegel,2021-10-22T05:05:33.000Z,"DER SPIEGEL
@derspiegel
·
2021年10月22日","Die Spannungen zwischen China und Taiwan hatten sich zuletzt verstärkt. Nun hat US-Präsident Joe Biden bekräftigt, den Inselstaat im Falle eines Angriffs durch die Volksrepublik zu verteidigen.
spiegel.de
Konflikt mit China: Biden verspricht Taiwan militärische Unterstützung
Die Spannungen zwischen China und Taiwan hatten sich zuletzt verstärkt. Nun hat US-Präsident Joe Biden bekräftigt, den Inselstaat im Falle eines Angriffs durch die Volksrepublik zu verteidigen. China...
12
11
31",,12,11,31,[],https://twitter.com/derspiegel/status/1451414397792907265
DER SPIEGEL,@derspiegel,2021-10-31T15:48:57.000Z,"DER SPIEGEL
@derspiegel
·
2021年10月31日","Mit drastischen Methoden versucht China, einen mutmaßlichen Corona-Ausbruch im Disneyland in Shanghai in den Griff zu bekommen: Tausende Besucher dürfen das Gelände offenbar erst nach einem PCR-Test verlassen.
spiegel.de
Corona in China: Behörden riegeln Disneyland in Shanghai ab - mutmaßlicher Ausbruch
Mit drastischen Methoden versucht China, einen mutmaßlichen Corona-Ausbruch in einem Vergnügungspark in Shanghai in den Griff zu bekommen: Tausende Besucher dürfen das Gelände offenbar erst nach...
17
14
49",,17,14,49,[],https://twitter.com/derspiegel/status/1454837809265717250
DER SPIEGEL,@derspiegel,2021-11-03T18:08:03.000Z,"DER SPIEGEL
@derspiegel
·
2021年11月4日","China arbeitet offenbar offensiver als angenommen am Ausbau seines Atomwaffenarsenals. Nach neuen Erkenntnissen des US-Verteidigungsministeriums könnte Peking bis 2030 schon 1000 Nuklearsprengköpfe besitzen.
spiegel.de
Nuklear-Aufrüstung: Pentagon korrigiert Einschätzung des chinesischen Waffenarsenals
China arbeitet offenbar offensiver als angenommen am Ausbau seines Atomwaffenarsenals. Nach neuen Erkenntnissen des US-Verteidigungsministeriums könnte Peking bis 2030 schon tausend Nuklearsprengkö...
14
7
24",,14,7,24,[],https://twitter.com/derspiegel/status/1455959975633690630
DER SPIEGEL,@derspiegel,2021-11-28T15:48:33.000Z,"DER SPIEGEL
@derspiegel
·
2021年11月28日","Die USA, Europa und selbst China wollen mit Iran die Gespräche über einen Atomdeal wieder aufnehmen. Die Hardliner in Teheran versuchen, einen Keil zwischen die westlichen Mächte zu treiben.
spiegel.de
(S+) Iran – neue Verhandlungen zu Atomdeal mit EU und USA: Welches Spiel treibt Teheran?
Die USA, Europa und selbst China wollen mit Iran die Gespräche über einen Atomdeal wieder aufnehmen. Die Hardliner in Teheran versuchen, einen Keil zwischen die westlichen Mächte zu treiben.
2
3
10",,2,3,10,[],https://twitter.com/derspiegel/status/1464984567861821442
DER SPIEGEL,@derspiegel,2021-12-01T20:00:07.000Z,"DER SPIEGEL
@derspiegel
·
2021年12月2日","Die WTA hatte Aufklärung im Fall Peng Shuai gefordert. Nun zieht die Tennis-Organisation Konsequenzen – und setzt alle Turniere in China mit sofortiger Wirkung aus.
spiegel.de
Fall Peng Shuai: WTA setzt Turniere in China aus
Die WTA hatte Aufklärung im Fall Peng Shuai gefordert. Nun zieht die Tennisorganisation Konsequenzen – und setzt alle Turniere in China mit sofortiger Wirkung aus.
9
25
195",,9,25,195,[],https://twitter.com/derspiegel/status/1466135039675027458
DER SPIEGEL,@derspiegel,2021-12-03T07:05:00.000Z,"DER SPIEGEL
@derspiegel
·
2021年12月3日","Die weiblichen Tennisprofis haben ein klares Signal gesendet: Alle Turniere in #China werden ausgesetzt, bis die Affäre um #PengShuai aufgeklärt ist. Bei den ATP-Herren bleibt die Solidarität überschaubar.
spiegel.de
Fall Peng Shuai: Tennisverband der Männer zieht bei Chinaboykott der Frauen nicht mit
Die weiblichen Tennisprofis haben ein klares Signal gesendet: Alle Turniere in China werden ausgesetzt, bis die Affäre um Peng Shuai aufgeklärt ist. Bei den ATP-Herren bleibt die Solidarität übersc...
5
8
48",,5,8,48,[],https://twitter.com/derspiegel/status/1466664749802926083
DER SPIEGEL,@derspiegel,2021-12-01T13:57:47.000Z,"DER SPIEGEL
@derspiegel
·
2021年12月1日","Konzerne aus China herrschen über Kupfer und Kobalt im Kongo – ein Milliardengeschäft. Recherchen des SPIEGEL und seiner Partner zeigen nun: Während der Übernahme flossen Millionen an den Clan von Ex-Staatschef Kabila. #CongoHoldUp
spiegel.de
(S+) Kongo: Chinas schmutzige Rohstoff-Geschäfte
Konzerne aus China herrschen über Kupfer und Kobalt im Kongo – ein Milliardengeschäft. Recherchen des SPIEGEL und seiner Partner zeigen nun: Während der Übernahme flossen Millionen an den Clan von...
5
11
28",,5,11,28,[],https://twitter.com/derspiegel/status/1466043855778856963
DER SPIEGEL,@derspiegel,2021-12-08T22:29:33.000Z,"DER SPIEGEL
@derspiegel
·
2021年12月9日","Das Internationale Olympische Komitee lässt die Menschenrechtslage in China unkommentiert. IOC-Chef Thomas Bach will dem Ausrichter der Winterspiele 2022 gegenüber neutral bleiben – und warnt vor einer »Politisierung«.
spiegel.de
Thomas Bach verteidigt China-Kurs: Politische Haltung »kann das Ende der Olympischen Spiele...
Das Internationale Olympische Komitee lässt die Menschenrechtslage in China unkommentiert. IOC-Chef Thomas Bach will dem Ausrichter der Winterspiele 2022 gegenüber neutral bleiben – und warnt vor...
39
10
30",,39,10,30,[],https://twitter.com/derspiegel/status/1468709360339619843
DER SPIEGEL,@derspiegel,2021-12-08T13:06:33.000Z,"DER SPIEGEL
@derspiegel
·
2021年12月8日","Die USA und Australien schicken keine Politiker oder Diplomaten zu den Olympischen Spielen nach China. Nun hat auch der britische Premier Boris Johnson einen solchen Schritt angekündigt.
spiegel.de
Großbritannien beteiligt sich am diplomatischen Boykott der Winterspiele in Peking
Die USA und Australien schicken keine Politiker oder Diplomaten zu den Olympischen Spielen nach China. Nun hat auch der britische Premier Boris Johnson einen solchen Schritt angekündigt.
11
10
54",,11,10,54,[],https://twitter.com/derspiegel/status/1468567675701846021
DER SPIEGEL,@derspiegel,2021-12-08T15:53:02.000Z,"DER SPIEGEL
@derspiegel
·
2021年12月8日","Die USA, Australien und Großbritannien schicken keine Regierungsvertreter zu den Olympischen Winterspielen nach China. Nun sollte die EU nachziehen, findet der CDU-Politiker Friedrich Merz.
spiegel.de
Friedrich Merz plädiert für diplomatischen Olympiaboykott der EU
Die USA, Australien und Großbritannien schicken keine Regierungsvertreter zu den Olympischen Winterspielen nach China. Nun sollte die EU nachziehen, findet der CDU-Politiker Friedrich Merz.
19
14
79",,19,14,79,[],https://twitter.com/derspiegel/status/1468609572852023297
DER SPIEGEL,@derspiegel,2021-12-08T10:30:03.000Z,"DER SPIEGEL
@derspiegel
·
2021年12月8日","China zählt zu Apples wichtigsten Märkten. Nun berichtet ein US-Magazin: Dem Unternehmen ist seine Präsenz in der Volksrepublik offenbar milliardenschwere Zugeständnisse wert.
spiegel.de
Apple soll heimlich Vereinbarung mit chinesischer Regierung getroffen haben
China zählt zu Apples wichtigsten Märkten. Nun berichtet ein US-Magazin: Dem Unternehmen ist seine Präsenz in der Volksrepublik offenbar milliardenschwere Zugeständnisse wert.
4
5
20",,4,5,20,[],https://twitter.com/derspiegel/status/1468528293007659008
