UserScreenName,UserName,Timestamp,Text,Embedded_text,Emojis,Comments,Likes,Retweets,Image link,Tweet URL
Süddeutsche Zeitung,@SZ,2017-01-02T17:43:07.000Z,"Süddeutsche Zeitung
@SZ
·
2017年1月3日","Ob Carlos Tévez oder Oscar - China investiert massiv in den Fußball. Welcher Plan steht dahinter?
sueddeutsche.de
China kauft Fußball-Stars
Ob Carlos Tévez oder Oscar: Klubs in China Klubs kaufen Stars, um in die Köpfe ausländischer Konsumenten zu kommen. Doch das birgt Risiken.
1
2
3",,1,2,3,[],https://twitter.com/SZ/status/815976729286180864
Süddeutsche Zeitung,@SZ,2017-01-06T17:18:00.000Z,"Süddeutsche Zeitung
@SZ
·
2017年1月7日","Apple löscht die NY-Times-App in China aus dem App-Store: ein Schlag gegen die Meinungsfreiheit, kommentiert 
@akreye
 http://sz.de/1.3322744
3
5
6",,3,5,6,[],https://twitter.com/SZ/status/817419962214191105
Süddeutsche Zeitung,@SZ,2017-01-05T10:02:43.000Z,"Süddeutsche Zeitung
@SZ
·
2017年1月5日","Apple zensiert offenbar auf Druck von China die App der 
@nytimes
sueddeutsche.de
Apple: Nachrichten-App in China zensiert
App-Store: Offenbar auf Druck der Behörden in China löscht Apple die App der New York Times aus seinem Store.
1
4
3",,1,4,3,[],https://twitter.com/SZ/status/816948032092696576
Süddeutsche Zeitung,@SZ,2017-01-16T10:09:24.000Z,"Süddeutsche Zeitung
@SZ
·
2017年1月16日","China: Die zwei Gesichter des Xi Jinping http://sz.de/1.3333836
2
4",,,2,4,[],https://twitter.com/SZ/status/820935979490050048
Süddeutsche Zeitung,@SZ,2017-01-24T18:47:36.000Z,"Süddeutsche Zeitung
@SZ
·
2017年1月25日","Trumps Rückzug aus dem Freihandel lässt China jubeln http://sz.de/1.3347298
3
8
16",,3,8,16,[],https://twitter.com/SZ/status/823965492826226688
Süddeutsche Zeitung,@SZ,2017-01-28T14:10:37.000Z,"Süddeutsche Zeitung
@SZ
·
2017年1月28日","China begrüßt das Jahr des Hahnes - aus Angst vor Smog mit weniger Feuerwerk als sonst http://sz.de/1.3354094
3
2
9",,3,2,9,[],https://twitter.com/SZ/status/825345337401495553
Süddeutsche Zeitung,@SZ,2017-01-23T04:58:28.000Z,"Süddeutsche Zeitung
@SZ
·
2017年1月23日","Bei 
@AnneWillTalk
 schwärmt von der Leyen von China & G. Verheugen sagt: ""Trump wird alles tun, was er gesagt hat.""
sueddeutsche.de
TV-Kritik: ""Donald Trump wird tun, was er gesagt hat""
Ändert sich die Weltordnung? Bei ""Anne Will"" nimmt Günter Verheugen den US-Präsidenten beim Wort und Ursula von der Leyen schwärmt von China.
5
8
11",,5,8,11,[],https://twitter.com/SZ/status/823394444573634560
Süddeutsche Zeitung,@SZ,2017-02-09T06:01:42.000Z,"Süddeutsche Zeitung
@SZ
·
2017年2月9日","Trump wünscht sich ""konstruktives Verhältnis"" zu China http://sz.de/1.3370804
5
4",,,5,4,[],https://twitter.com/SZ/status/829570951843082240
Süddeutsche Zeitung,@SZ,2017-02-18T09:45:22.000Z,"Süddeutsche Zeitung
@SZ
·
2017年2月18日","Volvo-Chef Håkan Samuelsson im Interview: Der Verkauf der Marke nach China war ein ""Glücksfall"". Mehr dazu:
sueddeutsche.de
Volvo-Chef Håkan Samuelsson im Interview
Er freut sich über die Chancen, die der chinesische Eigner Geely für Volvo bietet - und sieht die Branche im größten Umbruch ihrer Historie.
4
4
3",,4,4,3,[],https://twitter.com/SZ/status/832888729664647168
Süddeutsche Zeitung,@SZ,2017-02-13T05:30:10.000Z,"Süddeutsche Zeitung
@SZ
·
2017年2月13日","Elektroauto-Start-up Future Mobility: Dank Starthilfe vieler Ex-BMW-Manager könnte das neue Tesla aus China kommen. http://sz.de/1.3369171
2
8
3",,2,8,3,[],https://twitter.com/SZ/status/831012570635108356
Süddeutsche Zeitung,@SZ,2017-02-24T12:02:34.000Z,"Süddeutsche Zeitung
@SZ
·
2017年2月24日","China überzieht Europa mit einer Charmeoffensive. Verkehrte Welt? Nein, knallhartes Kalkül http://sz.de/1.3393064
1
6
9",,1,6,9,[],https://twitter.com/SZ/status/835097586960908288
Süddeutsche Zeitung,@SZ,2017-02-27T17:32:20.000Z,"Süddeutsche Zeitung
@SZ
·
2017年2月28日","Deutsche Autohersteller hoffen auf eine laschere Elektro-Quote in China http://sz.de/1.3397187
1
1",,1,,1,[],https://twitter.com/SZ/status/836267737882234880
Süddeutsche Zeitung,@SZ,2017-02-27T07:32:14.000Z,"Süddeutsche Zeitung
@SZ
·
2017年2月27日","Erleichterung bei VW, BMW und Co.: China will E-Auto-Gesetz offenbar entschärfen http://sz.de/1.3396971
1
2
2",,1,2,2,[],https://twitter.com/SZ/status/836116717852114944
Süddeutsche Zeitung,@SZ,2017-02-20T17:11:34.000Z,"Süddeutsche Zeitung
@SZ
·
2017年2月21日","Der 
@fckoeln
 bekam ein obszönes Angebot aus China: 40 Millionen für 
@AModeste15
. Warum der Klub ablehnte http://sz.de/1.3387315
2
1",,,2,1,[],https://twitter.com/SZ/status/833725798007848960
Süddeutsche Zeitung,@SZ,2017-03-11T12:51:04.000Z,"Süddeutsche Zeitung
@SZ
·
2017年3月11日","China: Chinas Wirtschaft leidet - nun muss Peking liefern
sueddeutsche.de
Chinas Wirtschaft leidet - nun muss Peking liefern
Die staatliche Bahn hat mehr Schulden als Griechenland. Ein Handelskrieg mit den USA droht auch noch. Wohin steuert die zweitgrößte Volkswirtschaft der Welt?
1
6
3",,1,6,3,[],https://twitter.com/SZ/status/840545607240601601
Süddeutsche Zeitung,@SZ,2017-03-04T09:36:27.000Z,"Süddeutsche Zeitung
@SZ
·
2017年3月4日","Volkskongress: Trump ist für China ein unerwartetes Geschenk http://sz.de/1.3402204
1
3
1",,1,3,1,[],https://twitter.com/SZ/status/837959918854471680
Süddeutsche Zeitung,@SZ,2017-03-17T06:12:56.000Z,"Süddeutsche Zeitung
@SZ
·
2017年3月17日","135 Millionen Fans soll FC Bayern in China haben, ein gewaltiger Markt. Jetzt wird ein Büro in Shanghai eingeweiht.
sueddeutsche.de
Der FC Bayern will den Erfolg exportieren
135 Millionen Fans soll der Klub in China haben - ein gewaltiger Markt. Jetzt weiht der Rekordmeister ein Büro in Shanghai ein.
2
8
11",,2,8,11,[],https://twitter.com/SZ/status/842619743471390720
Süddeutsche Zeitung,@SZ,2017-03-13T16:02:56.000Z,"Süddeutsche Zeitung
@SZ
·
2017年3月14日","Deutsche Stiftungen in China sind ""technisch illegal"" - neues Gesetz macht sie arbeitsunfähig
sueddeutsche.de
Deutsche Stiftungen in China sind ""technisch illegal""
Ausländische NGOs schlagen Alarm: Ein neues Gesetz schränkt ihre Arbeit massiv ein. Die ersten packen bereits die Koffer.
3
12
6",,3,12,6,[],https://twitter.com/SZ/status/841318668957032449
Süddeutsche Zeitung,@SZ,2017-04-02T15:20:24.000Z,"Süddeutsche Zeitung
@SZ
·
2017年4月2日","Verbot ""abnormal"" langer Bärte: In der Unruheprovinz #Xinjiang verschärft #China die Repressionen gegen Muslime http://sz.de/1.3447784
7
11
4",,7,11,4,[],https://twitter.com/SZ/status/848555724640854017
Süddeutsche Zeitung,@SZ,2017-04-09T07:46:43.000Z,"Süddeutsche Zeitung
@SZ
·
2017年4月9日","Beim zweiten Saisonrennen der #F1 in China siegt 
@LewisHamilton
 vor Sebastian Vettel http://sz.de/1.3457382
2
3
3",,2,3,3,[],https://twitter.com/SZ/status/850978266945114112
Süddeutsche Zeitung,@SZ,2017-04-20T04:02:49.000Z,"Süddeutsche Zeitung
@SZ
·
2017年4月20日","China und Indien bauen erneuerbare Energien rasant aus - die USA unter Trump geben dagegen kein gutes Bild ab: http://sz.de/1.3470253
6
20
22",,6,20,22,[],https://twitter.com/SZ/status/854908186834370560
Süddeutsche Zeitung,@SZ,2017-04-20T16:53:11.000Z,"Süddeutsche Zeitung
@SZ
·
2017年4月21日","Der Tag kompakt:  Seehofer und die Wiederwahl, Audis Probleme in China, Abschiebung des Tuğçe-Schlägers http://sz.de/1.3471633
2
2
5",,2,2,5,[],https://twitter.com/SZ/status/855102054716649472
Süddeutsche Zeitung,@SZ,2017-04-26T10:33:21.000Z,"Süddeutsche Zeitung
@SZ
·
2017年4月26日","China hat seinen ersten, selbstgebauten Flugzeugträger präsentiert. Das Kräfteringen im Pazifik geht weiter. http://sz.de/1.3479206
1
4",,,1,4,[],https://twitter.com/SZ/status/857180794342789120
Süddeutsche Zeitung,@SZ,2017-05-05T16:08:08.000Z,"Süddeutsche Zeitung
@SZ
·
2017年5月6日","Nuklearstreit: Warum China und Nordkorea zur Freundschaft verdammt sind. Von 
@kaistrittmatter
 http://sz.de/1.3490359
1
1",,1,1,,[],https://twitter.com/SZ/status/860526536587448320
Süddeutsche Zeitung,@SZ,2017-05-13T17:36:30.000Z,"Süddeutsche Zeitung
@SZ
·
2017年5月14日","Chinas Strategie: China baut an einer neuen Seidenstraße http://sz.de/1.3500964
2
1
5",,2,1,5,[],https://twitter.com/SZ/status/863447877842030593
Süddeutsche Zeitung,@SZ,2017-05-21T13:09:11.000Z,"Süddeutsche Zeitung
@SZ
·
2017年5月21日","Methanhydrat gilt als Energieträger der Zukunft - nun meldet China erfolgreiche Probebohrungen des Wunderstoffs: http://sz.de/1.3515802
13
4",,,13,4,[],https://twitter.com/SZ/status/866279708945780736
Süddeutsche Zeitung,@SZ,2017-05-29T17:50:37.000Z,"Süddeutsche Zeitung
@SZ
·
2017年5月30日","Die Luft ist raus aus der Romanze zwischen Hollywood und China
sueddeutsche.de
Hollywood und China passen nicht zusammen
Kinofilme: Die Luft ist raus aus der Romanze zwischen Hollywood und China. Schuld sind der Einfluss der Politik und schlechte Filme.
3
6",,,3,6,[],https://twitter.com/SZ/status/869249634304184320
Süddeutsche Zeitung,@SZ,2017-06-09T13:02:04.000Z,"Süddeutsche Zeitung
@SZ
·
2017年6月9日","China verhaftet Aktivisten, die einen Zulieferer von Ivanka Trump kontrollieren - ein diplomatischer Konflikt folgt
sueddeutsche.de
China verhaftet Aktivisten bei Ivanka-Trump-Zulieferer
In einer Schuhfabrik in China, in der auch Ivanka Trump Schuhe produzieren lässt, wurden drei Aktivisten verhaftet.
2
5
8",,2,5,8,[],https://twitter.com/SZ/status/873163285163642880
Süddeutsche Zeitung,@SZ,2017-06-02T16:12:37.000Z,"Süddeutsche Zeitung
@SZ
·
2017年6月3日","Klimaabkommen mit China gescheitert. Die EU und China konnten sich in Handelsfragen nicht einigen. http://sz.de/1.3532324
3
6
6",,3,6,6,[],https://twitter.com/SZ/status/870674524060176384
Süddeutsche Zeitung,@SZ,2017-06-16T07:31:54.000Z,"Süddeutsche Zeitung
@SZ
·
2017年6月16日","Schon wieder verschwindet in China ein Manager - dieses Mal trifft es Wu Xiaohui, den Chef des Versicherers Anbang
sueddeutsche.de
Schon wieder verschwindet in China ein Manager
Der Chef des Versicherers Anbang, Wu Xiaohui, ist urplötzlich nicht mehr auffindbar. Er ist nicht der erste, den dieses Schicksal ereilt.
5
4",,,5,4,[],https://twitter.com/SZ/status/875616912062898179
Süddeutsche Zeitung,@SZ,2017-06-13T17:42:54.000Z,"Süddeutsche Zeitung
@SZ
·
2017年6月14日","Der Berliner Zoo bekommt zwei Pandabären. Doch hinter der Leihgabe aus China steckt politisches Kalkül http://sz.de/1.3544681
2
10
11",,2,10,11,[],https://twitter.com/SZ/status/874683510195408896
Süddeutsche Zeitung,@SZ,2017-06-20T07:39:52.000Z,"Süddeutsche Zeitung
@SZ
·
2017年6月20日","Tesla will offenbar Fabrik in China bauen - der Druck auf deutsche Autohersteller würde damit erheblich steigen http://sz.de/1.3552268
2
14
14",,2,14,14,[],https://twitter.com/SZ/status/877068468784418816
Süddeutsche Zeitung,@SZ,2017-06-24T05:46:30.000Z,"Süddeutsche Zeitung
@SZ
·
2017年6月24日","Mehr als hundert Menschen bei Erdrutsch in China verschüttet
sueddeutsche.de
Erdrutsch in China: Mehr als 100 Menschen verschüttet
Ein Dorf in der Provinz Sichuan liegt unter Geröll begraben, hunderte Helfer sind im Einsatz. Ob es Lebenszeichen gibt, ist unklar.
6
1",,,6,1,[],https://twitter.com/SZ/status/878489488846192641
Süddeutsche Zeitung,@SZ,2017-06-29T08:43:35.000Z,"Süddeutsche Zeitung
@SZ
·
2017年6月29日",".
@FCkoeln
 statt China: Woran scheiterte der Wechsel von Anthony #Modeste? http://sz.de/1.3565278
2",,,,2,[],https://twitter.com/SZ/status/880345993987993600
Süddeutsche Zeitung,@SZ,2017-08-30T08:42:26.000Z,"Süddeutsche Zeitung
@SZ
·
2017年8月30日","Seit Kim Jong-un immer spektakulärer provoziert, setzt China Sanktionen gegen Nordkorea durch. http://sz.de/1.3645215
1
5
13",,1,5,13,[],https://twitter.com/SZ/status/902813750817943553
Süddeutsche Zeitung,@SZ,2017-09-07T17:28:02.000Z,"Süddeutsche Zeitung
@SZ
·
2017年9月8日","Im Atomstreit mit Nordkorea streben China, Russland und USA friedliche Lösung an - doch wie soll sie aussehen? http://sz.de/1.3657214
8
3
11",,8,3,11,[],https://twitter.com/SZ/status/905845127440203776
Süddeutsche Zeitung,@SZ,2017-09-23T05:08:25.000Z,"Süddeutsche Zeitung
@SZ
·
2017年9月23日","Sanktionen: China drosselt Öl-Lieferungen für Nordkorea http://sz.de/1.3679928
5
13
15",,5,13,15,[],https://twitter.com/SZ/status/911457199368675329
Süddeutsche Zeitung,@SZ,2017-09-28T08:16:04.000Z,"Süddeutsche Zeitung
@SZ
·
2017年9月28日","Drei statt 16 Stunden Fahrtzeit: China bekommt die schnellsten Züge der Welt.
sueddeutsche.de
China - Die schnellsten Züge der Welt
Schneller als der ICE: In China fahren wieder die schnellsten Züge der Welt. Dabei sind viele Strecken dort ein Verlustgeschäft.
2
12
19",,2,12,19,[],https://twitter.com/SZ/status/913316364152135680
Süddeutsche Zeitung,@SZ,2017-09-29T07:57:04.000Z,"Süddeutsche Zeitung
@SZ
·
2017年9月29日","China entscheidet sich fürs E-Auto. Damit ist die Entscheidung gefallen, weltweit, kommentiert 
@christophgiesen
 http://sz.de/1.3687139
6
24
28",,6,24,28,[],https://twitter.com/SZ/status/913673972000096256
Süddeutsche Zeitung,@SZ,2017-10-08T13:01:41.000Z,"Süddeutsche Zeitung
@SZ
·
2017年10月8日","Ein Staatsunternehmen kauft den Hafen von Piräus. Die EU sieht das als Risiko. China als gigantische Chance.
sueddeutsche.de
Wie China eine moderne Seidenstraße baut
Ein Staatsunternehmen kauft den Hafen von Piräus. Die EU sieht das als Risiko. China als gigantische Chance.
8
14
8",,8,14,8,[],https://twitter.com/SZ/status/917012122051235842
