UserScreenName,UserName,Timestamp,Text,Embedded_text,Emojis,Comments,Likes,Retweets,Image link,Tweet URL
Süddeutsche Zeitung,@SZ,2014-01-02T11:37:50.000Z,"Süddeutsche Zeitung
@SZ
·
2014年1月2日","Wal-Mart muss in China Eselfleisch zurückrufen. Weil es Fuchs enthält.
sueddeutsche.de
Wal-Mart: Eselfleisch in China enthielt Fuchs
Wal-Mart muss in China Eselfleisch zurückrufen, weil es DNA von anderen Tieren enthält.
13
37
24",,13,37,24,[],https://twitter.com/SZ/status/418707703595532288
Süddeutsche Zeitung,@SZ,2014-01-03T18:34:18.000Z,"Süddeutsche Zeitung
@SZ
·
2014年1月4日","Riesen-Razzia in #China: Polizisten beschlagnahmen drei Tonnen der Droge Crystal #Meth. http://sz.de/1.1855966
3
3",,,3,3,[],https://twitter.com/SZ/status/419174899073441792
Süddeutsche Zeitung,@SZ,2014-01-10T10:07:46.000Z,"Süddeutsche Zeitung
@SZ
·
2014年1月10日","China ist erstmals die größte Handelsnation der Welt. Zufrieden kann die Regierung trotzdem nicht sein http://sz.de/1.1859676
2
1",,,2,1,[],https://twitter.com/SZ/status/421584141839532032
Süddeutsche Zeitung,@SZ,2014-01-15T06:37:50.000Z,"Süddeutsche Zeitung
@SZ
·
2014年1月15日","Autoshow in Detroit: Wie China von der Autokrise in Europa profitiert. http://sz.de/1.1863103
4
1",,,4,1,[],https://twitter.com/SZ/status/423343248367976448
Süddeutsche Zeitung,@SZ,2014-01-20T09:35:23.000Z,"Süddeutsche Zeitung
@SZ
·
2014年1月20日","Wirtschaftswachstum: Wirtschaft in #China wächst immer langsamer http://sz.de/1.1866799
2",,,2,,[],https://twitter.com/SZ/status/425199870098812929
Süddeutsche Zeitung,@SZ,2014-01-18T11:57:28.000Z,"Süddeutsche Zeitung
@SZ
·
2014年1月18日","In dem Thriller ""A Touch of Sin"" zeigt Jia Zhangke das moderne China in seiner ganzen brutalen Stofflichkeit. http://sz.de/1.1865206
3",,,,3,[],https://twitter.com/SZ/status/424510851648065536
Süddeutsche Zeitung,@SZ,2014-01-21T21:12:37.000Z,"Süddeutsche Zeitung
@SZ
·
2014年1月22日","Wie haben SZ und 
@ICIJorg
 die #OffshoreLeaks zu China recherchiert? Ein Werkstattbericht. #ChinaLeaks http://sz.de/1.1865920
21
5",,,21,5,[],https://twitter.com/SZ/status/425737723027398656
Süddeutsche Zeitung,@SZ,2014-01-22T06:48:44.000Z,"Süddeutsche Zeitung
@SZ
·
2014年1月22日","Offshore-Leaks China: Die Tricks der roten Prinzlinge http://sz.de/1.1868576
3
2",,,3,2,[],https://twitter.com/SZ/status/425882708901109760
Süddeutsche Zeitung,@SZ,2014-01-22T16:36:52.000Z,"Süddeutsche Zeitung
@SZ
·
2014年1月23日","China hat der Korruption den Kampf angesagt. Kann das gelingen? Kommentar des China-Korrespondenten #OffshoreLeaks http://sz.de/1.1869384
2
2",,,2,2,[],https://twitter.com/SZ/status/426030715298652160
Süddeutsche Zeitung,@SZ,2014-01-22T08:54:46.000Z,"Süddeutsche Zeitung
@SZ
·
2014年1月22日","China zensiert die #OffshoreLeaks-Berichte der SZ. #Pressefreiheit
sueddeutsche.de
China zensiert Offshore-Leaks-Berichte
Die Internetseite der Süddeutschen Zeitung ist in China teilweise nicht erreichbar. SZ-Artikel verschwinden von chinesischen Seiten.
5
1",,,5,1,[],https://twitter.com/SZ/status/425914423577157632
Süddeutsche Zeitung,@SZ,2014-02-05T14:47:48.000Z,"Süddeutsche Zeitung
@SZ
·
2014年2月5日","Expansionsdrang Chinas und Appeasement-Politik: Philippinen-Präsident Aquino vergleicht China mit Hitler-Deutschland http://sz.de/1.1880530
3
3",,,3,3,[],https://twitter.com/SZ/status/431076697891700736
Süddeutsche Zeitung,@SZ,2014-02-06T12:38:58.000Z,"Süddeutsche Zeitung
@SZ
·
2014年2月6日","China poltert gegen den philippinischen Präsidenten nach einem Hitler-Vergleich. Peking grollt auch gegen Japan. http://sz.de/1.1881191
2
1",,,2,1,[],https://twitter.com/SZ/status/431406665368600576
Süddeutsche Zeitung,@SZ,2014-02-11T12:41:20.000Z,"Süddeutsche Zeitung
@SZ
·
2014年2月11日","Symbolische Zusammenkunft: #Taiwan und #China treffen sich zu Gesprächen über Wiedervereinigung http://sz.de/1.1885084
3
2",,,3,2,[],https://twitter.com/SZ/status/433219196957507586
Süddeutsche Zeitung,@SZ,2014-02-21T06:00:40.000Z,"Süddeutsche Zeitung
@SZ
·
2014年2月21日","Dalai Lama in Washington D.C.: Obama brüskiert China durch Empfang des Dalai Lama http://sz.de/1.1894624
1
7
4",,1,7,4,[],https://twitter.com/SZ/status/436742246919307264
Süddeutsche Zeitung,@SZ,2014-02-28T12:45:23.000Z,"Süddeutsche Zeitung
@SZ
·
2014年2月28日","Bei landesweiten Razzien in China sind mehrere Tausend Verdächtige festgenommen worden. http://sz.de/1.1900887
6
1",,,6,1,[],https://twitter.com/SZ/status/439380812048658432
Süddeutsche Zeitung,@SZ,2014-03-05T08:18:44.000Z,"Süddeutsche Zeitung
@SZ
·
2014年3月5日","Nationaler Volkskongress in Peking: China pumpt Milliarden ins Militär http://sz.de/1.1904670
3
2",,,3,2,[],https://twitter.com/SZ/status/441125647906529280
Süddeutsche Zeitung,@SZ,2014-03-04T11:53:44.000Z,"Süddeutsche Zeitung
@SZ
·
2014年3月4日","Nach Anschlag von #Kunming gibt es weiter keine offiziellen Details, doch #sozialeMedien setzen #China unter Druck. http://sz.de/1.1903749
1",,,1,,[],https://twitter.com/SZ/status/440817364465385472
Süddeutsche Zeitung,@SZ,2014-03-12T18:41:03.000Z,"Süddeutsche Zeitung
@SZ
·
2014年3月13日","Nach dem #Pisa-Schock: Großbritannien importiert Mathe-Lehrer aus China http://sz.de/1.1910878
9
4",,,9,4,[],https://twitter.com/SZ/status/443818973067743233
Süddeutsche Zeitung,@SZ,2014-03-13T05:50:10.000Z,"Süddeutsche Zeitung
@SZ
·
2014年3月13日","#MalaysiaAirlines: China und Malaysia verstärken Suche wegen neuer Satellitenbilder. Vietnams Behörden skeptisch. http://sz.de/1.1911106
4
1",,,4,1,[],https://twitter.com/SZ/status/443987361136144384
Süddeutsche Zeitung,@SZ,2014-03-18T05:50:34.000Z,"Süddeutsche Zeitung
@SZ
·
2014年3月18日","Von Flug MH370 fehlt nach wie vor jede Spur. Nun wird die Suche nach dem Flugzeug auf China ausgeweitet. #MH370 
@MAS
 http://sz.de/1.1915615
1
3
1",,1,3,1,[],https://twitter.com/SZ/status/445799402096300032
Süddeutsche Zeitung,@SZ,2014-03-28T04:08:48.000Z,"Süddeutsche Zeitung
@SZ
·
2014年3月28日","Wie gehen der Westen mit China um? Beim Besuch von Staatspräsidenten Xi Jinping muss Merkel eine Antwort finden. http://sz.de/1.1923598
1
2
3",,1,2,3,[],https://twitter.com/SZ/status/449397669489045504
Süddeutsche Zeitung,@SZ,2014-03-22T19:20:42.000Z,"Süddeutsche Zeitung
@SZ
·
2014年3月23日","US-Geheimdienst: #NSA spioniert chinesische Führung und Huawei-Konzern aus #China
sueddeutsche.de
US-Geheimdienst - NSA spioniert Chinas Wirtschaft aus
Der US-Geheimdienst NSA hat Ex-Präsident Hu Jintao und chinesische Unternehmen ausgespäht. Im Visier stand vor allem der Konzern Huawei.
1
4
1",,1,4,1,[],https://twitter.com/SZ/status/447452829557751808
Süddeutsche Zeitung,@SZ,2014-04-19T07:33:45.000Z,"Süddeutsche Zeitung
@SZ
·
2014年4月19日","Formel 1: Lewis Hamilton sichert sich Pole Position in China, Sebastian Vettel wird Dritter http://sz.de/1.1940177
3
1",,,3,1,[],https://twitter.com/SZ/status/457421781947908098
Süddeutsche Zeitung,@SZ,2014-04-20T08:52:00.000Z,"Süddeutsche Zeitung
@SZ
·
2014年4月20日","Formel 1 in Shanghai: #Hamilton führt Mercedes in China zum Doppelsieg - Alonso wird Dritter #Formel1 http://sz.de/1.1940315
1
2",,,1,2,[],https://twitter.com/SZ/status/457803861097742336
Süddeutsche Zeitung,@SZ,2014-04-25T07:52:59.000Z,"Süddeutsche Zeitung
@SZ
·
2014年4月25日","Die deutschen Autobauer verdienen in China viel Geld. Noch. Denn der Markt zeigt erste Ermüdungserscheinungen. http://sz.de/1.1943056
1
1
1",,1,1,1,[],https://twitter.com/SZ/status/459600946461671424
Süddeutsche Zeitung,@SZ,2014-04-30T07:09:17.000Z,"Süddeutsche Zeitung
@SZ
·
2014年4月30日","Guten Morgen aus dem SZ-Hochhaus. Heute beschäftigen uns: die gestrige #Championsleague, #Ukraine, #China und die #Todesstrafe in den USA.
1
2",,1,,2,[],https://twitter.com/SZ/status/461401890660827136
Süddeutsche Zeitung,@SZ,2014-05-20T07:22:03.000Z,"Süddeutsche Zeitung
@SZ
·
2014年5月20日","Sonnenkrieger: Im Überlebenskampf mit der Konkurrenz in China erwägt Europas Solarbranche den Bau einer Riesenfabrik. http://sz.de/1.1968940
7
5",,,7,5,[],https://twitter.com/SZ/status/468652859215851520
Süddeutsche Zeitung,@SZ,2014-05-20T06:52:04.000Z,"Süddeutsche Zeitung
@SZ
·
2014年5月20日","#Putin zu Besuch in China: Zwei Partner in engster Distanz http://sz.de/1.1968866
2
3
1",,2,3,1,[],https://twitter.com/SZ/status/468645314518597633
Süddeutsche Zeitung,@SZ,2014-05-20T16:42:47.000Z,"Süddeutsche Zeitung
@SZ
·
2014年5月21日","US-Anklage gegen Hacker: China weist Cyberspionage-Vorwürfe scharf zurück http://sz.de/1.1970672
1
2
2",,1,2,2,[],https://twitter.com/SZ/status/468793970508963841
Süddeutsche Zeitung,@SZ,2014-05-18T04:52:09.000Z,"Süddeutsche Zeitung
@SZ
·
2014年5月18日","Streit um Ölbohrinsel: China evakuiert mehr als 3000 Staatsbürger aus Vietnam http://sz.de/1.1968133
1
5
1",,1,5,1,[],https://twitter.com/SZ/status/467890360933703680
Süddeutsche Zeitung,@SZ,2014-06-16T14:38:31.000Z,"Süddeutsche Zeitung
@SZ
·
2014年6月16日","Umweltschutz: China stärkt das Umweltrecht und investiert massiv in erneuerbare Energie
sueddeutsche.de
Umweltschutz in China - Der Osten ist grün
Fortschritte im Umweltrecht und ein Abkehr von der Kohle: China treibt seine eigene Energiewende voran.
1
5
3",,1,5,3,[],https://twitter.com/SZ/status/478547170401206272
Süddeutsche Zeitung,@SZ,2014-07-07T17:20:22.000Z,"Süddeutsche Zeitung
@SZ
·
2014年7月8日","Kanzlerin Merkel gerät auf ihrer China-Reise in die missliche Lage, die amerikanischen Freunde rügen zu müssen. http://sz.de/1.2034720
3
9
3",,3,9,3,[],https://twitter.com/SZ/status/486198050323705856
Süddeutsche Zeitung,@SZ,2014-07-07T09:29:17.000Z,"Süddeutsche Zeitung
@SZ
·
2014年7月7日","China gibt sich beim Besuch von Merkel als verlässlicher Partner. Doch im Inneren herrscht ein Gefühl der Krise. http://sz.de/1.2032949
1
2
2",,1,2,2,[],https://twitter.com/SZ/status/486079494303014912
Süddeutsche Zeitung,@SZ,2014-07-08T14:38:58.000Z,"Süddeutsche Zeitung
@SZ
·
2014年7月8日","Journalismus in China - Arbeitsbedingungen massiv erschwert http://sz.de/1.2037057
4",,,4,,[],https://twitter.com/SZ/status/486519817290412033
Süddeutsche Zeitung,@SZ,2014-07-11T06:47:11.000Z,"Süddeutsche Zeitung
@SZ
·
2014年7月11日","Sie leben vom Müll der Konsumgesellschaft: Wie Tausende Menschen in China Elektroschrott verwerten. http://sz.de/1.2040129
3",,,3,,[],https://twitter.com/SZ/status/487488254649044993
Süddeutsche Zeitung,@SZ,2014-07-25T07:01:06.000Z,"Süddeutsche Zeitung
@SZ
·
2014年7月25日","In China sollen Studenten die Elektronik eines fahrenden Elektroautos manipuliert haben.
sueddeutsche.de
Jetzt kommen die Auto-Hacker
In China sollen Studenten die Elektronik eines fahrenden Elektroautos manipuliert haben.
1
6
4",,1,6,4,[],https://twitter.com/SZ/status/492565185081905153
Süddeutsche Zeitung,@SZ,2014-08-17T14:30:43.000Z,"Süddeutsche Zeitung
@SZ
·
2014年8月17日","Wiesn 2.0 in Qingdao oder O'zapft is mit Steckerlkraken: Bilder der #Oktoberfest-Kopie in #China #Wiesn #Muenchen
sueddeutsche.de
Oktoberfest-Kopie in China - Wiesn 2.0 in Qingdao
Das Oktoberfest hat begonnen - nicht das in München, sondern das in China. Die Hafenstadt Qingdao eifert der Original-Wiesn nach.
1
6
2",,1,6,2,[],https://twitter.com/SZ/status/501013258527309824
Süddeutsche Zeitung,@SZ,2014-08-14T11:19:42.000Z,"Süddeutsche Zeitung
@SZ
·
2014年8月14日","#TTIP und der Rest der Welt: Wie China den Freihandel verschlief #TTIPRecherche http://sz.de/1.2089495
5
2",,,5,2,[],https://twitter.com/SZ/status/499878024159170560
Süddeutsche Zeitung,@SZ,2014-08-20T08:03:09.000Z,"Süddeutsche Zeitung
@SZ
·
2014年8月20日","Ein Gericht in #China hat einen Mann aus München zum Tode verurteilt. Er soll zwei Menschen getötet haben. http://sz.de/1.2096055
1
2
2",,1,2,2,[],https://twitter.com/SZ/status/502002886822600704
Süddeutsche Zeitung,@SZ,2014-08-20T19:09:15.000Z,"Süddeutsche Zeitung
@SZ
·
2014年8月21日","Nach Doppelmord: Bundesregierung will Vollstreckung des Todesurteils gegen Deutschen in China unbedingt verhindern. http://sz.de/1.2096055
4
3
1",,4,3,1,[],https://twitter.com/SZ/status/502170514102968320
Süddeutsche Zeitung,@SZ,2014-08-27T12:23:56.000Z,"Süddeutsche Zeitung
@SZ
·
2014年8月27日","Gedünstet, in Suppe oder als Snack: Hühnerfüße sind in China beliebt - jetzt gibt es einen neuen #Lebensmittelskandal
sueddeutsche.de
Lebensmittelskandal in China: Anschein bleicher Frische
Die Meldungen über verseuchte Lebensmittel häufen sich: In China wurden nun Hühnerfüße verkauft, die in Wasserstoffperoxid mariniert waren.
2
1",,,2,1,[],https://twitter.com/SZ/status/504605229523152896
Süddeutsche Zeitung,@SZ,2014-08-31T13:28:59.000Z,"Süddeutsche Zeitung
@SZ
·
2014年8月31日","China untersagt freie Wahlen in #Hongkong. http://sz.de/1.2110757
12
4",,,12,4,[],https://twitter.com/SZ/status/506071150745899008
Süddeutsche Zeitung,@SZ,2014-09-06T15:15:14.000Z,"Süddeutsche Zeitung
@SZ
·
2014年9月6日","Eine Chinesin bestahl hochrangige Beamte - und zeigt, wie käuflich die Elite ist. #China #Korruption http://sz.de/1.2117985
4
7
1",,4,7,1,[],https://twitter.com/SZ/status/508272218133233665
Süddeutsche Zeitung,@SZ,2014-09-06T09:04:18.000Z,"Süddeutsche Zeitung
@SZ
·
2014年9月6日","Rekord-IPO: 
@AlibabaTalk
, Amazon-Konkurrent aus China, will bei Börsengang mehr als 21 Milliarden Dollar erlösen http://sz.de/1.2118741
1
2",,,1,2,[],https://twitter.com/SZ/status/508178870617796609
Süddeutsche Zeitung,@SZ,2014-10-31T16:30:29.000Z,"Süddeutsche Zeitung
@SZ
·
2014年11月1日","Korruption: Bei einem Beamten in China wurden umgerechnet 33 Millionen Dollar in bar gefunden.
sueddeutsche.de
Chinesischer Beamter hortet Rekordsumme
Schlag gegen Korruption: Ein Beamter in China soll umgerechnet 33 Millionen US-Dollar in bar gehortet haben. Er wurde verhaftet.
4
3",,,4,3,[],https://twitter.com/SZ/status/528222487268851712
Süddeutsche Zeitung,@SZ,2014-11-06T11:27:15.000Z,"Süddeutsche Zeitung
@SZ
·
2014年11月6日","Eine neue Schadsoftware aus China infiziert Apple-Geräte.
sueddeutsche.de
Apple: Safari-Browserverlauf – gelöscht, aber noch da
iCloud: Browserverläufe blieben abrufbar - ein Jahr nachdem sie gelöscht worden waren.
1
5
2",,1,5,2,[],https://twitter.com/SZ/status/530320505270964224
Süddeutsche Zeitung,@SZ,2014-10-29T17:37:41.000Z,"Süddeutsche Zeitung
@SZ
·
2014年10月30日",Die Elektromobilität kommt in China nur schwer in Gang. Mit kreativen Ideen will die Politik Starthilfe leisten. http://sz.de/1.2196667,,,,,[],https://twitter.com/SZ/status/527514622539345920
Süddeutsche Zeitung,@SZ,2014-10-31T09:34:46.000Z,"Süddeutsche Zeitung
@SZ
·
2014年10月31日",Aktion gegen Wirtschaftskriminalität: China verhaftet 180 ins Ausland geflohene Korruptionsverdächtige. http://sz.de/1.2200013,,,,,[],https://twitter.com/SZ/status/528117868072693760
Süddeutsche Zeitung,@SZ,2014-11-12T04:45:00.000Z,"Süddeutsche Zeitung
@SZ
·
2014年11月12日","Gespräche in Peking: USA und China bekennen sich zu neuen Klimazielen http://sz.de/1.2216631
5
3",,,5,3,[],https://twitter.com/SZ/status/532393601087844353
Süddeutsche Zeitung,@SZ,2014-11-10T16:02:33.000Z,"Süddeutsche Zeitung
@SZ
·
2014年11月11日","EU, USA und künftig auch China: Südkorea wird erstes Industrieland ohne Handelsbarrieren mit den drei Großen. http://sz.de/1.2213575
3
1",,,3,1,[],https://twitter.com/SZ/status/531839335910617089
Süddeutsche Zeitung,@SZ,2014-11-21T19:40:51.000Z,"Süddeutsche Zeitung
@SZ
·
2014年11月22日","#China geht hart gegen regierungskritische Journalistin #Gao Yu vor. Ihr droht eine lange Haftstafe. #Menschenrechte http://sz.de/1.2231497
13
4",,,13,4,[],https://twitter.com/SZ/status/535880541179215874
Süddeutsche Zeitung,@SZ,2014-11-21T18:10:51.000Z,"Süddeutsche Zeitung
@SZ
·
2014年11月22日","Angst vor #HungerGames in Thailand und China: Zu deutliches Zeichen des Widerstands? http://sz.de/1.2232699
9
4",,,9,4,[],https://twitter.com/SZ/status/535857888968077313
Süddeutsche Zeitung,@SZ,2014-11-17T05:58:54.000Z,"Süddeutsche Zeitung
@SZ
·
2014年11月17日","Die Autoindustrie orientiert sich stärker an China. Die Studie Mercedes G-Code ist auf dortige Kunden zugeschnitten. http://sz.de/1.2217477
2
3
1",,2,3,1,[],https://twitter.com/SZ/status/534224138697969664
Süddeutsche Zeitung,@SZ,2014-11-24T09:43:28.000Z,"Süddeutsche Zeitung
@SZ
·
2014年11月24日",".
@MargareteBause
 trifft sich auf China-Reise heimlich mit Ai Weiwei - und bringt damit Horst Seehofer gegen sich auf. http://sz.de/1.2234901
1
1
1",,1,1,1,[],https://twitter.com/SZ/status/536817364965548032
Süddeutsche Zeitung,@SZ,2014-12-15T13:53:04.000Z,"Süddeutsche Zeitung
@SZ
·
2014年12月15日","Hingerichtete in China waren bisher automatisch Organspender. Ändert sich nun tatsächlich etwas? 
@ChristinaBerndt
 http://sz.de/1.2267742
1
2
1",,1,2,1,[],https://twitter.com/SZ/status/544490324299886592
