UserScreenName,UserName,Timestamp,Text,Embedded_text,Emojis,Comments,Likes,Retweets,Image link,Tweet URL
Süddeutsche Zeitung,@SZ,2016-01-07T16:12:29.000Z,"Süddeutsche Zeitung
@SZ
·
2016年1月8日","China stoppt eine Notbremse gegen Börsencrashs - die Regelung wurde erst seit dieser Woche angewendet http://sz.de/1.2809249
1
1
4",,1,1,4,[],https://twitter.com/SZ/status/685131903544983552
Süddeutsche Zeitung,@SZ,2016-01-04T06:22:26.000Z,"Süddeutsche Zeitung
@SZ
·
2016年1月4日","Aktien stürzen ab - China stoppt Börsenhandel. http://sz.de/1.2804813
1
16
6",,1,16,6,[],https://twitter.com/SZ/status/683896247841910784
Süddeutsche Zeitung,@SZ,2016-01-04T09:37:53.000Z,"Süddeutsche Zeitung
@SZ
·
2016年1月4日","Aktienabsturz in China erschreckt Dax-Anleger http://sz.de/1.2804813
1
5
3",,1,5,3,[],https://twitter.com/SZ/status/683945437234081792
Süddeutsche Zeitung,@SZ,2016-01-09T10:57:47.000Z,"Süddeutsche Zeitung
@SZ
·
2016年1月9日","Bauarbeiter reißen Krankenhaus in China bei laufendem Betrieb ab
sueddeutsche.de
Bauarbeiter reißen Klinik in China bei laufendem Betrieb ab
Ein Arzt berichtet, dass er gerade einen Patienten röntgen wollte, als die Bulldozer anrückten. Die Klinik musste einer Straße weichen.
2
10
3",,2,10,3,[],https://twitter.com/SZ/status/685777480414834688
Süddeutsche Zeitung,@SZ,2016-01-07T05:33:01.000Z,"Süddeutsche Zeitung
@SZ
·
2016年1月7日","Die Börsenaufsicht in China beendet den Handel nach nur etwa einer halben Stunde. Grund: ein neuer Kurssturz http://sz.de/1.2807835
7
6",,,7,6,[],https://twitter.com/SZ/status/684970974471651328
Süddeutsche Zeitung,@SZ,2016-01-06T17:14:28.000Z,"Süddeutsche Zeitung
@SZ
·
2016年1月7日","China und Nordkorea sind Bruderstaaten. Umso bemerkenswerter ist die chinesische Reaktion auf den Bombentest. http://sz.de/1.2806889
5
3",,,5,3,[],https://twitter.com/SZ/status/684785112408567808
Süddeutsche Zeitung,@SZ,2016-01-08T14:30:28.000Z,"Süddeutsche Zeitung
@SZ
·
2016年1月8日","China steht vor dem Abstieg. Jetzt braucht die Kommunistischen Partei eine neue Botschaft http://sz.de/1.2808090
1
4
3",,1,4,3,[],https://twitter.com/SZ/status/685468617908076546
Süddeutsche Zeitung,@SZ,2016-01-07T17:45:15.000Z,"Süddeutsche Zeitung
@SZ
·
2016年1月8日","Transfer: Ex-Leverkusener Renato #Augusto wechselt nach #China, obwohl er in der 
@Bundesliga
 hätte spielen können. http://sz.de/1.2808934
1
3
3",,1,3,3,[],https://twitter.com/SZ/status/685155247245922304
Süddeutsche Zeitung,@SZ,2016-01-03T17:46:18.000Z,"Süddeutsche Zeitung
@SZ
·
2016年1月4日","Viel Status für relativ wenig Geld: Adidas-Chef Hainer erklärt den Erfolg des Konzerns in China. http://sz.de/1.2804705
4
2
6",,4,2,6,[],https://twitter.com/SZ/status/683705962499289088
Süddeutsche Zeitung,@SZ,2016-01-19T18:37:18.000Z,"Süddeutsche Zeitung
@SZ
·
2016年1月20日","China, das Sorgenkind der Weltwirtschaft
sueddeutsche.de
IWF: China, das Sorgenkind der Weltwirtschaft
IWF: Der IWF senkt seine Wachstumsprognosen für fast alle wichtigen Schwellenländer. Das kann auch Deutschland früher oder später betreffen.
1
3
4",,1,3,4,[],https://twitter.com/SZ/status/689517003011391488
Süddeutsche Zeitung,@SZ,2016-01-20T07:07:25.000Z,"Süddeutsche Zeitung
@SZ
·
2016年1月20日","Thyssen-Krupp sieht China-Abschwung gelassen http://sz.de/1.2825951
1
5
2",,1,5,2,[],https://twitter.com/SZ/status/689705772981317633
Süddeutsche Zeitung,@SZ,2016-01-27T08:23:48.000Z,"Süddeutsche Zeitung
@SZ
·
2016年1月27日","""Ha ha"": Per Kommentar in der Parteizeitung warnt China Investor George Soros vor einem ""Währungskrieg"". http://sz.de/1.2836465
2
3",,,2,3,[],https://twitter.com/SZ/status/692261712456761345
Süddeutsche Zeitung,@SZ,2016-02-09T06:46:31.000Z,"Süddeutsche Zeitung
@SZ
·
2016年2月9日","USA wollen in Südkorea Raketenabwehr stationieren - China sieht das skeptisch. http://sz.de/1.2855527
3
2
4",,3,2,4,[],https://twitter.com/SZ/status/696948273781805056
Süddeutsche Zeitung,@SZ,2016-02-04T08:49:49.000Z,"Süddeutsche Zeitung
@SZ
·
2016年2月4日",".
@Bundesliga_de
 fürchtet die Geldflut aus China. Muss sie gar nicht, wenn sie auf Altbewährtes setzt. Ein Kommentar http://sz.de/1.2847942
1
2
3",,1,2,3,[],https://twitter.com/SZ/status/695167363466010624
Süddeutsche Zeitung,@SZ,2016-02-16T14:24:34.000Z,"Süddeutsche Zeitung
@SZ
·
2016年2月16日","Damit das weltgrößte Radioteleskop Strahlung aus dem All empfangen kann, müssen in China 9000 Menschen umziehen.
sueddeutsche.de
9000 Chinesen werden für Radioteleskop umgesiedelt
Damit das weltgrößte Radioteleskop arbeiten kann, müssen in China 9000 Menschen umziehen.
1
6
13",,1,6,13,[],https://twitter.com/SZ/status/699600257701834752
Süddeutsche Zeitung,@SZ,2016-02-17T13:04:44.000Z,"Süddeutsche Zeitung
@SZ
·
2016年2月17日","Wie China und die USA im Südchinesischen Meer um Einfluss ringen: Analyse von Arne Perras
sueddeutsche.de
Was die Muskelspiele in Südostasien bedeuten
China stationiert Boden-Luft Raketen auf Woddy Island. Das Land macht den USA im pazifischen Raum deren alte Rolle als Hegemon streitig. Amerika will dagegenhalten.
1
5
2",,1,5,2,[],https://twitter.com/SZ/status/699942557514600449
Süddeutsche Zeitung,@SZ,2016-03-05T09:15:43.000Z,"Süddeutsche Zeitung
@SZ
·
2016年3月5日","Neuer Fünf-Jahres-Plan: China fährt Vorgaben für Wirtschaftswachstum auf 6,5 Prozent zurück http://sz.de/1.2893705
2
4
8",,2,4,8,[],https://twitter.com/SZ/status/706045516115738624
Süddeutsche Zeitung,@SZ,2016-03-05T14:36:48.000Z,"Süddeutsche Zeitung
@SZ
·
2016年3月5日","Affären in TV-Serien sind verboten, Parteimitglieder müssen Mao lesen: Der Volkskongress in China beginnt http://sz.de/1.2892340
2
4
3",,2,4,3,[],https://twitter.com/SZ/status/706126318593773569
Süddeutsche Zeitung,@SZ,2016-03-24T07:37:18.000Z,"Süddeutsche Zeitung
@SZ
·
2016年3月24日","Bei der Rede von Bundespräsident #Gauck in #China fehlt ein Satz: der zu Menschenrechtsverletzungen
sueddeutsche.de
Bundespräsident Joachim Gauck in China
Bundespräsident Gauck erzählt chinesischen Studenten von Menschenrechtsverletzungen in Deutschland. Das ist geschickt - aber nicht mutig.
9
11
8",,9,11,8,[],https://twitter.com/SZ/status/712906117458821120
Süddeutsche Zeitung,@SZ,2016-03-29T12:23:09.000Z,"Süddeutsche Zeitung
@SZ
·
2016年3月29日","Erdoğan schimpft über extra3, Kasachstan über ""Borat"", China über Sonneborn. Diplomatische Humor-Krisen im Überblick
sueddeutsche.de
Wenn Satire diplomatische Krisen auslöst
Erdoğan ärgert sich über eine NDR-Satire - so wie Kasachstan einst über ""Borat"", China über Martin Sonneborn, der Iran über Rudi Carrell.
1
24
27",,1,24,27,[],https://twitter.com/SZ/status/714789993248657410
Süddeutsche Zeitung,@SZ,2016-03-21T15:52:12.000Z,"Süddeutsche Zeitung
@SZ
·
2016年3月21日","China-Besuch von Joachim Gauck: Hotel des Bundespräsidenten in Peking wegen Feueralarms geräumt.
sueddeutsche.de
Hotel des Bundespräsidenten in Peking wegen Feueralarms
Das Hotel von Bundespräsident Joachim Gauck während seines Besuches in Peking ist wegen starker Rauchentwicklung und eines Feueralarms geräumt worden.
3
2
2",,3,2,2,[],https://twitter.com/SZ/status/711943502578511872
Süddeutsche Zeitung,@SZ,2016-04-07T08:20:57.000Z,"Süddeutsche Zeitung
@SZ
·
2016年4月7日","Wenn Kommunismus offshore geht: China und die #panamapapers http://panamapapers.sueddeutsche.de/articles/57050fd1a1bb8d3c3495b7b1/…
1
9
10",,1,9,10,[],https://twitter.com/SZ/status/717990535672303621
Süddeutsche Zeitung,@SZ,2016-04-02T12:59:29.000Z,"Süddeutsche Zeitung
@SZ
·
2016年4月2日","Anastasia Lin ist Miss World Canada. Ihre Kritik an China hat sie berühmt gemacht - und einsam. Ein Interview http://sz.de/1.2930544
1
5
10",,1,5,10,[],https://twitter.com/SZ/status/716248690634190848
Süddeutsche Zeitung,@SZ,2016-04-18T09:36:57.000Z,"Süddeutsche Zeitung
@SZ
·
2016年4月18日","#Formel1: Hülkenberg erhält Strafe für zu langsames Fahren. Die 
@SZ
 Zylinderköpfe zum Rennen in China. http://sz.de/1.2954349
4",,,4,,[],https://twitter.com/SZ/status/721995925745479680
Süddeutsche Zeitung,@SZ,2016-04-13T10:03:50.000Z,"Süddeutsche Zeitung
@SZ
·
2016年4月13日","Seit den #PanamaPapers arbeitet die Zensur in China auf Hochtouren. Die Kritik macht den Umweg über die Poesie.
sueddeutsche.de
Panama Papers in China: Zensur ausgetrickst mit Gedicht
Seit den Panama Papers arbeitet die Zensur in China auf Hochtouren. Selbst die Suchworte ""Schwager und Prinzessin"" sind verboten.
9
8",,,9,8,[],https://twitter.com/SZ/status/720190754174410752
Süddeutsche Zeitung,@SZ,2016-04-12T11:54:23.000Z,"Süddeutsche Zeitung
@SZ
·
2016年4月12日","Territorialstreit: China bestellt Botschafter und Gesandte der G-7-Staaten ein http://sz.de/1.2945972
3
4",,,3,4,[],https://twitter.com/SZ/status/719856184111558657
Süddeutsche Zeitung,@SZ,2016-04-15T09:14:48.000Z,"Süddeutsche Zeitung
@SZ
·
2016年4月15日","Panama Papers: China nimmt Anwalt nach Panama-Witz fest
sueddeutsche.de
China nimmt Anwalt nach Panama-Witz fest
Er postet in sozialen Medien ein Foto mit einem satirischen Kommentar über Staatschef Xi Jinping. Dann nehmen fünf Personen in zivil den Bürgerrechtsanwalt mit.
4
2",,,4,2,[],https://twitter.com/SZ/status/720903189705449472
Süddeutsche Zeitung,@SZ,2016-04-28T16:55:37.000Z,"Süddeutsche Zeitung
@SZ
·
2016年4月29日","Kein Land findet man so oft in #PanamaPapers wie China. Die meisten Briefkastenfirmen wurden via Hongkong gegründet
sueddeutsche.de
Panama Papers: Der größte Kanal nach Panama
Kein Land findet man so oft in den Panama Papers wie China. Die meisten Briefkastenfirmen wurden dabei via Hongkong gegründet.
2
7
6",,2,7,6,[],https://twitter.com/SZ/status/725730197874589696
Süddeutsche Zeitung,@SZ,2016-04-29T07:17:29.000Z,"Süddeutsche Zeitung
@SZ
·
2016年4月29日","Der amerikanische Starinvestor Carl Icahn ist bei Apple ausgestiegen - aus Sorge um das China-Geschäft des Konzerns http://sz.de/1.2972619
4
5",,,4,5,[],https://twitter.com/SZ/status/725947093425086465
Süddeutsche Zeitung,@SZ,2016-04-26T08:33:58.000Z,"Süddeutsche Zeitung
@SZ
·
2016年4月26日","#China als Raubkopierer österreichischer Sehenswürdigkeiten? Das findet man beim Original nicht so gut. http://sz.de/1.2954774
1
1
1",,1,1,1,[],https://twitter.com/SZ/status/724879179846696960
Süddeutsche Zeitung,@SZ,2016-04-29T17:41:40.000Z,"Süddeutsche Zeitung
@SZ
·
2016年4月30日","Der Streit um Felsenriffs im Südchinesischen Meer ist kein regionales Geplänkel, sondern ein Duell China gegen USA http://sz.de/1.2971337
3
2",,,3,2,[],https://twitter.com/SZ/status/726104175227052036
Süddeutsche Zeitung,@SZ,2016-05-14T12:14:28.000Z,"Süddeutsche Zeitung
@SZ
·
2016年5月14日","Das Erbe von Maos Kulturrevolution zerfrisst China heute noch: ein Land, in dem keiner keinem traut http://sz.de/1.2994234
6
3",,,6,3,[],https://twitter.com/SZ/status/731457649410215937
Süddeutsche Zeitung,@SZ,2016-05-10T17:25:49.000Z,"Süddeutsche Zeitung
@SZ
·
2016年5月11日","Zehn Tonnen Glibber: In China sind Quallen eine Delikatesse. Jetzt hat die Polizei einen Fälscherring ausgehoben.
sueddeutsche.de
Polizei in China hebt Quallen-Fälscherring aus
Die Fälscher brachten zehn Tonnen der Pseudo-Meerestiere auf Lebensmittelmärkten im Umlauf - in China sind Quallen eine Delikatesse.
2
3
3",,2,3,3,[],https://twitter.com/SZ/status/730086452059590657
Süddeutsche Zeitung,@SZ,2016-05-19T03:49:25.000Z,"Süddeutsche Zeitung
@SZ
·
2016年5月19日","Pentagon: China fängt US-Jet ab
sueddeutsche.de
China fängt US-Militärflugzeug ab
Der Zwischenfall ereignete sich über dem Südchinesischen Meer. Das US-Verteidigungsministerium spricht von einer gefährlichen Begebenheit.
4
3",,,4,3,[],https://twitter.com/SZ/status/733142489247408128
Süddeutsche Zeitung,@SZ,2016-05-26T12:29:38.000Z,"Süddeutsche Zeitung
@SZ
·
2016年5月26日","Ein Bus, der über Autos fährt: Ein Hightech-Projekt aus China soll das Problem mit den verstopften Straßen lösen. http://sz.de/1.3007356
17
10",,,17,10,[],https://twitter.com/SZ/status/735810120655966210
Süddeutsche Zeitung,@SZ,2016-05-27T10:02:01.000Z,"Süddeutsche Zeitung
@SZ
·
2016年5月27日","Taiwans neue Präsidentin Tsai Ing-wen ist unverheiratet - China findet das ""extrem""
sueddeutsche.de
China nennt Taiwans Präsidentin ""extrem""
Tsai Ing-wen, die neue Präsidentin von Taiwan, ist unverheiratet. Deshalb fehle ihr die emotionale Balance, findet die Regierung von China.
3
5",,,3,5,[],https://twitter.com/SZ/status/736135361894699008
Süddeutsche Zeitung,@SZ,2016-06-08T04:58:05.000Z,"Süddeutsche Zeitung
@SZ
·
2016年6月8日","Erneut Zwischenfall zwischen Flugzeugen der USA und China, diesmal über dem Ostchinesischen Meer http://sz.de/1.3025066
6",,,6,,[],https://twitter.com/SZ/status/740407527616155649
Süddeutsche Zeitung,@SZ,2016-06-07T07:59:55.000Z,"Süddeutsche Zeitung
@SZ
·
2016年6月7日","Europäische Firmen verlieren massiv Vertrauen in China, zeigt eine Umfrage der Europäischen Handelskammer http://sz.de/1.3011963
1",,,1,,[],https://twitter.com/SZ/status/740090898487316480
Süddeutsche Zeitung,@SZ,2016-06-12T14:34:11.000Z,"Süddeutsche Zeitung
@SZ
·
2016年6月12日","Bei ihrem China-Besuch findet Merkel klare Worte zum Thema Rechtsstaat. http://sz.de/1.3030303
14
8
10",,14,8,10,[],https://twitter.com/SZ/status/742002059734593537
Süddeutsche Zeitung,@SZ,2016-06-09T07:32:52.000Z,"Süddeutsche Zeitung
@SZ
·
2016年6月9日","Japan wirft China Provokation im Ostchinesischen Meer vor und bestellt chinesischen Botschafter ein http://sz.de/1.3027012
2
1",,,2,1,[],https://twitter.com/SZ/status/740808869983752193
Süddeutsche Zeitung,@SZ,2016-06-14T18:38:18.000Z,"Süddeutsche Zeitung
@SZ
·
2016年6月15日","Warum China unbedingt eine Marktwirtschaft werden will - und ihr dazu jedes Mittel recht ist http://sz.de/1.3031284
3
3
6",,3,3,6,[],https://twitter.com/SZ/status/742788270803849216
Süddeutsche Zeitung,@SZ,2016-06-21T12:46:10.000Z,"Süddeutsche Zeitung
@SZ
·
2016年6月21日","In China wollen einige Kreditgeber Nacktfotos als Sicherheit für Darlehen haben.
sueddeutsche.de
China: Kredit gibt es nur gegen Nacktfoto
Es ist nicht leicht, in China an Darlehen zu kommen. Einige Verleiher setzen auf erpresserische Methoden.
1
9
5",,1,9,5,[],https://twitter.com/SZ/status/745236366913642496
Süddeutsche Zeitung,@SZ,2016-06-20T15:01:34.000Z,"Süddeutsche Zeitung
@SZ
·
2016年6月20日","Supercomputer: China schockt Konkurrenz mit extrem schnellen Rechnern http://sz.de/1.3042331
1
6
3",,1,6,3,[],https://twitter.com/SZ/status/744908055058485248
Süddeutsche Zeitung,@SZ,2016-07-05T08:36:53.000Z,"Süddeutsche Zeitung
@SZ
·
2016年7月5日","Ein Ehepaar aus China wird seit einem Besuch auf Schloss Neuschwanstein am Samstag vermisst.
sueddeutsche.de
Schloss Neuschwanstein: Chinesische Touristen vermisst
Ein Ehepaar aus China wird seit einem Besuch auf Schloss Neuschwanstein am Samstag vermisst.
1
6
2",,1,6,2,[],https://twitter.com/SZ/status/750247062919315456
Süddeutsche Zeitung,@SZ,2016-07-12T18:24:15.000Z,"Süddeutsche Zeitung
@SZ
·
2016年7月13日","Südchinesisches Meer: China erleidet deftige Niederlage. Jetzt bleibt die Frage: Hält sich Peking an Völkerrecht? http://sz.de/1.3075178
7
8
7",,7,8,7,[],https://twitter.com/SZ/status/752931594248257536
Süddeutsche Zeitung,@SZ,2016-07-13T16:20:17.000Z,"Süddeutsche Zeitung
@SZ
·
2016年7月14日","Kuka-Chef Reuter spricht im SZ-Interview über Roboter im Haushalt - und den neuen Eigentümer aus China. #exklusiv
sueddeutsche.de
""Mir wäre lieber, er könnte Socken aufheben""
Kuka-Chef Till Reuter über Roboter im Haushalt, seine Zukunftsvisionen und den neuen, mancherorts gefürchteten Eigentümer aus China.
2
3
3",,2,3,3,[],https://twitter.com/SZ/status/753262785346306048
Süddeutsche Zeitung,@SZ,2016-08-03T15:03:31.000Z,"Süddeutsche Zeitung
@SZ
·
2016年8月3日","In China fuhr der Transit Elevated Bus zum ersten Mal im realen Verkehr. Autos fahren einfach unter ihm durch. http://sz.de/1.3105729
1
11
12",,1,11,12,[],https://twitter.com/SZ/status/760853610465026048
Süddeutsche Zeitung,@SZ,2016-08-07T10:37:46.000Z,"Süddeutsche Zeitung
@SZ
·
2016年8月7日","Ohne Hang zur Überheblichkeit: Die US-Basketballer besiegen China auf spektakuläre Weise #Rio2016 http://sz.de/1.3110882
1
3
7",,1,3,7,[],https://twitter.com/SZ/status/762236284060524544
Süddeutsche Zeitung,@SZ,2016-08-12T20:58:23.000Z,"Süddeutsche Zeitung
@SZ
·
2016年8月13日","Olympia: 1:0 gegen China - deutsche Fußballfrauen erreichen Halbfinale
sueddeutsche.de
Nadal holt Gold im Doppel
Der Spanier siegt zusammen mit Marc Lopez. Die deutschen Fußball-Frauen besiegen China. Siebenkämpferin Carolin Schäfer schielt auf eine Medaille.
11
12",,,11,12,[],https://twitter.com/SZ/status/764204408850833409
Süddeutsche Zeitung,@SZ,2016-08-12T08:01:17.000Z,"Süddeutsche Zeitung
@SZ
·
2016年8月12日","Das Auftreten von Fu Yuanhui verändert in China den Blick des Landes auf #Olympia. #Rio2016 http://sz.de/1.3117920
3
12",,,3,12,[],https://twitter.com/SZ/status/764008842069889025
Süddeutsche Zeitung,@SZ,2016-08-27T08:54:14.000Z,"Süddeutsche Zeitung
@SZ
·
2016年8月27日","Der 
@BVB
 muss es in Zukunft schaffen, in China Geld zu verdienen und trotzdem der Heimatverein zu bleiben. http://sz.de/1.3137683
1
5",,1,5,,[],https://twitter.com/SZ/status/769457984653131776
Süddeutsche Zeitung,@SZ,2016-09-03T17:10:19.000Z,"Süddeutsche Zeitung
@SZ
·
2016年9月4日","G-20-Gipfel in China: Blauer Himmel über Hangzhou - der Partei sei Dank http://sz.de/1.3146211
9
7",,,9,7,[],https://twitter.com/SZ/status/772119546589220865
Süddeutsche Zeitung,@SZ,2016-09-03T07:13:10.000Z,"Süddeutsche Zeitung
@SZ
·
2016年9月3日","G-20-Gipfel in China: So will Merkel aus der deutschen Flüchtlingskrise eine internationale machen http://sz.de/1.3146207
13
13
10",,13,13,10,[],https://twitter.com/SZ/status/771969268082761728
Süddeutsche Zeitung,@SZ,2016-09-11T09:26:33.000Z,"Süddeutsche Zeitung
@SZ
·
2016年9月11日","Esel gelten in China als das ultimative Superfood. Nun gibt es in Afrika erste Exportverbote http://sz.de/1.3155446
3
14
6",,3,14,6,[],https://twitter.com/SZ/status/774901939381366784
Süddeutsche Zeitung,@SZ,2016-09-12T16:44:09.000Z,"Süddeutsche Zeitung
@SZ
·
2016年9月13日","China - Die höchste Brücke der Welt ist fertig. http://sz.de/1.3158387
1
2
4",,1,2,4,[],https://twitter.com/SZ/status/775374448807542785
Süddeutsche Zeitung,@SZ,2016-12-12T05:05:36.000Z,"Süddeutsche Zeitung
@SZ
·
2016年12月12日","Trump legt im Streit mit China nach http://sz.de/1.3290669
1
7
5",,1,7,5,[],https://twitter.com/SZ/status/808175951989374976
Süddeutsche Zeitung,@SZ,2016-12-12T08:29:39.000Z,"Süddeutsche Zeitung
@SZ
·
2016年12月12日","China ""sehr besorgt"" über Trumps Äußerungen zu ""Ein-China-Politik"" http://sz.de/1.3290669
1
6
3",,1,6,3,[],https://twitter.com/SZ/status/808227300701569024
Süddeutsche Zeitung,@SZ,2016-12-12T11:48:24.000Z,"Süddeutsche Zeitung
@SZ
·
2016年12月12日","Trump, China und das Ende des Westens - Gastbeitrag von Joschka Fischer http://sz.de/1.3289483
2
13
6",,2,13,6,[],https://twitter.com/SZ/status/808277318502412288
Süddeutsche Zeitung,@SZ,2016-12-08T08:14:56.000Z,"Süddeutsche Zeitung
@SZ
·
2016年12月8日","China sperrt Gewinne europäischer Firmen ein - deutsche Konzerne leiden darunter besonders http://sz.de/1.3283861
1
7
3",,1,7,3,[],https://twitter.com/SZ/status/806774046062845956
Süddeutsche Zeitung,@SZ,2016-12-17T19:11:41.000Z,"Süddeutsche Zeitung
@SZ
·
2016年12月18日","China will beschlagnahmte US-Unterwasser-Drohne zurückgeben http://sz.de/1.3299293
3
3",,,3,3,[],https://twitter.com/SZ/status/810200814304329728
Süddeutsche Zeitung,@SZ,2016-12-16T19:24:17.000Z,"Süddeutsche Zeitung
@SZ
·
2016年12月17日","China beschlagnahmt Drohne der US-Marine in Südchinesischem Meer http://sz.de/1.3299293
1
3",,1,3,,[],https://twitter.com/SZ/status/809841598418878464
