UserScreenName,UserName,Timestamp,Text,Embedded_text,Emojis,Comments,Likes,Retweets,Image link,Tweet URL
Süddeutsche Zeitung,@SZ,2018-01-03T14:42:08.000Z,"Süddeutsche Zeitung
@SZ
·
2018年1月3日","China stoppt den Import von Plastikabfall. Die EU und vor allem Deutschland haben jetzt ein Problem: Wohin mit dem Kunststoff? http://sz.de/1.3811255
11
40
37",,11,40,37,[],https://twitter.com/SZ/status/948565144593985536
Süddeutsche Zeitung,@SZ,2018-01-09T04:35:07.000Z,"Süddeutsche Zeitung
@SZ
·
2018年1月9日","Ein Rheinbrücke in Leverkusen soll mit Importware aus China bestückt werden. Gewerkschaften und Lobbyisten im stolzen Stahlland Nordrhein-Westfalen sind sauer.
sueddeutsche.de
Rheinbrücke aus chinesischem Stahl? Das sorgt für Ärger
Ein Bau in Leverkusen soll mit Importware aus Fernost bestückt werden. Gewerkschaften und Lobbyisten im stolzen Stahlland NRW sind sauer.
3
10
17",,3,10,17,['https://pbs.twimg.com/card_img/1501358387673632770/IwxWdQCW?format=jpg&name=medium'],https://twitter.com/SZ/status/950586709284093953
Süddeutsche Zeitung,@SZ,2018-01-08T18:31:56.000Z,"Süddeutsche Zeitung
@SZ
·
2018年1月9日","Die #BBC bezahlt ihre China-Korrespondentin schlechter als männliche Kollegen - und hat jetzt ein echtes Imageproblem. #GenderPayGap http://sz.de/1.3817321
4
15",,,4,15,[],https://twitter.com/SZ/status/950434913802772481
Süddeutsche Zeitung,@SZ,2018-01-04T17:51:40.000Z,"Süddeutsche Zeitung
@SZ
·
2018年1月5日","Das Finanzamt Neukölln beschlagnahmt Waren und Konten von Amazon-Verkäufern aus China wegen des Verdachts auf Umsatzsteuerbetrug. Der Konzern kämpft gegen den Vorwurf, die Delikte zu dulden. http://sz.de/1.3813881
6
5",,,6,5,[],https://twitter.com/SZ/status/948975229350633473
Süddeutsche Zeitung,@SZ,2018-01-14T18:46:52.000Z,"Süddeutsche Zeitung
@SZ
·
2018年1月15日","Modekette: C&A ist offenbar auf Partnersuche in China #cunda #ca
sueddeutsche.de
Modekette - C&A ist offenbar auf Partnersuche in China
Die Eigentümerfamilie Brenninkmeijer soll in Verhandlungen über den Verkauf von C&A sein. Demnach sei eine Expansion nach China geplant.
4
9
6",,4,9,6,[],https://twitter.com/SZ/status/952612998232903680
Süddeutsche Zeitung,@SZ,2018-01-11T19:54:25.000Z,"Süddeutsche Zeitung
@SZ
·
2018年1月12日","#CES2018: In Las Vegas zeigt China seine Macht http://sz.de/1.3819694
6
11",,,6,11,[],https://twitter.com/SZ/status/951542837195235331
Süddeutsche Zeitung,@SZ,2018-01-11T18:30:25.000Z,"Süddeutsche Zeitung
@SZ
·
2018年1月12日","China und Südkorea attackieren das Geschäft mit dem Bitcoin. Den globalen Krypto-Wahn werden sie aber kaum stoppen können.
sueddeutsche.de
Asien will gegen den Bitcoin vorgehen
In China und Südkorea ist das Kryptogeld schon richtig groß. Ausgerechnet diese Länder greifen nun durch.
10
3
14",,10,3,14,[],https://twitter.com/SZ/status/951521696451788801
Süddeutsche Zeitung,@SZ,2018-01-11T15:33:25.000Z,"Süddeutsche Zeitung
@SZ
·
2018年1月11日","Der Supercomputer-Plan der EU: Hochleistungs-Rechner werden für Forschung und Wirtschaft immer wichtiger, doch alle Top-Ten-Maschinen stehen in den USA und China. Nun startet Europa die Aufholjagd
sueddeutsche.de
Der Supercomputer-Plan der EU
Hochleistungs-Rechner werden für Forschung und Wirtschaft immer wichtiger. Doch alle Top-Ten-Maschinen stehen in den USA und China.
4
6
8",,4,6,8,[],https://twitter.com/SZ/status/951477151475339265
Süddeutsche Zeitung,@SZ,2018-01-24T11:07:31.000Z,"Süddeutsche Zeitung
@SZ
·
2018年1月24日","Die Schweiz plant ein Tunnelsystem, in dem Waren automatisch zwischen Städten transportiert werden sollen. Doch womöglich überholt China nun die Schweiz und baut Ähnliches: http://sz.de/1.3836992
4
11
20",,4,11,20,[],https://twitter.com/SZ/status/956121281220562944
Süddeutsche Zeitung,@SZ,2018-01-25T12:31:47.000Z,"Süddeutsche Zeitung
@SZ
·
2018年1月25日","Die Sitze hart, die Waggons überfüllt und Chinesen, die auf Ausländer starren: Warum sich eine Zugfahrt in der Holzklasse von #Peking nach #Shanghai trotzdem lohnt. Eine Bilderreise durch #China http://sz.de/1.3826044
4
10",,,4,10,[],https://twitter.com/SZ/status/956504874824421376
Süddeutsche Zeitung,@SZ,2018-02-04T14:57:47.000Z,"Süddeutsche Zeitung
@SZ
·
2018年2月4日","Seit über 175 Jahren gehört die Modekette C&A einem Familien-Clan. Nun könnte mit Investoren aus China das Ende der Tradition kommen. Ein Besuch im Heimatort der Familie. http://sz.de/1.3851171
2
11
8",,2,11,8,[],https://twitter.com/SZ/status/960165492911722496
Süddeutsche Zeitung,@SZ,2018-02-04T10:45:46.000Z,"Süddeutsche Zeitung
@SZ
·
2018年2月4日","Die US-Regierung hat eine neue Atomstrategie vorgestellt. Darin geht es auch um Gefahren aus Russland und China. Peking spricht von einer ""Mentalität aus dem Kalten Krieg"". http://sz.de/1.3852933
20
9
14",,20,9,14,[],https://twitter.com/SZ/status/960102073336520705
Süddeutsche Zeitung,@SZ,2018-02-17T07:34:19.000Z,"Süddeutsche Zeitung
@SZ
·
2018年2月17日","Elektroautos aus China: Lynk & Co - wie die neue Schwestermarke mit Volvos Technik-Knowhow und neuem Vertriebssystem Europa erobern will http://sz.de/1.3866861
1
8
6",,1,8,6,[],https://twitter.com/SZ/status/964764932804939776
Süddeutsche Zeitung,@SZ,2018-02-24T13:37:20.000Z,"Süddeutsche Zeitung
@SZ
·
2018年2月24日","Der Präsident wirtschaftet so wie einst der Geschäftsmann Trump - auf Pump. Die nachfolgenden Generationen werden darunter leiden - und China wird profitieren.
sueddeutsche.de
Donald Trumps Politik ist Gift für die Jungen
Der Präsident Trump wirtschaftet so wie einst der Geschäftsmann Trump - auf Pump. Die nachfolgenden Generationen werden darunter leiden.
21
21
40",,21,21,40,[],https://twitter.com/SZ/status/967393005643747328
Süddeutsche Zeitung,@SZ,2018-02-25T19:39:04.000Z,"Süddeutsche Zeitung
@SZ
·
2018年2月26日","China will die Verfassung ändern, damit Staatschef Xi Jinping auf unbegrenzte Zeit regieren darf. Er wird damit zum mächtigsten Führer des Landes seit Mao Zedong.
sueddeutsche.de
Über den Wolken
China will die Verfassung ändern, damit Staatschef Xi Jinping auf unbegrenzte Zeit regieren darf.
5
15
7",,5,15,7,[],https://twitter.com/SZ/status/967846426171596800
Süddeutsche Zeitung,@SZ,2018-05-18T03:13:11.000Z,"Süddeutsche Zeitung
@SZ
·
2018年5月18日","Handel: China will Überschuss gegenüber USA abbauen. Die Rede ist von 200 Milliarden Dollar. Damit würde China Trump stark entgegenkommen. http://sz.de/1.3984969
2
5
4",,2,5,4,[],https://twitter.com/SZ/status/997314126732058624
Süddeutsche Zeitung,@SZ,2018-05-18T14:56:46.000Z,"Süddeutsche Zeitung
@SZ
·
2018年5月18日","China bietet den USA an, zusätzlich Waren in Milliardenhöhe abzukaufen. Firmen in Europa hätten dann aber ein Problem. http://sz.de/1.3985326
2
2
2",,2,2,2,[],https://twitter.com/SZ/status/997491189124386819
Süddeutsche Zeitung,@SZ,2018-06-06T08:40:56.000Z,"Süddeutsche Zeitung
@SZ
·
2018年6月6日","Facebook teilte Daten mit etwa 60 Unternehmen wie Apple, Samsung und Microsoft. Ob Nutzer der Weitergabe widersprochen hatten, spielte keine Rolle. Die Daten landen auch in China.
sueddeutsche.de
Facebook teilte Nutzerdaten mit 60 Geräte-Herstellern
Facebook gibt Daten an Firmen wie Apple, Samsung und Microsoft weiter - ob Nutzer dem widersprochen haben, spielt keine Rolle.
5
23
12",,5,23,12,[],https://twitter.com/SZ/status/1004281974457069568
Süddeutsche Zeitung,@SZ,2018-06-08T10:34:41.000Z,"Süddeutsche Zeitung
@SZ
·
2018年6月8日","Im China arbeitet die Kommunistische Partei seit Jahrzehnten daran, das Volk zum Besseren zu erziehen. Die Regeln reichen vom Schmatzverbot bis hin zum Hinweis, nicht zu drängeln.
sueddeutsche.de
Umerziehung in China - Nicht spucken! Nicht drängeln!
In China arbeitet die Kommunistische Partei seit Jahrzehnten daran, das Volk zum Besseren zu erziehen.
4
5
5",,4,5,5,[],https://twitter.com/SZ/status/1005035379655929856
Süddeutsche Zeitung,@SZ,2018-07-09T03:28:01.000Z,"Süddeutsche Zeitung
@SZ
·
2018年7月9日","Regierungskonsultationen: China drangsaliert deutsche Stiftungen
sueddeutsche.de
China drangsaliert deutsche Stiftungen
Parteinahe Stiftungen wie die CDU-nahe Konrad Adenauer Stiftung sind alarmiert: Sie sollen der Kommunistischen Partei Chinas dabei helfen, ihre Untertanen gefügig zu machen.
1
4
5",,1,4,5,[],https://twitter.com/SZ/status/1016162027339907072
Süddeutsche Zeitung,@SZ,2018-07-09T16:52:09.000Z,"Süddeutsche Zeitung
@SZ
·
2018年7月10日","Der Chemiekonzern BASF plant einen zweiten Standort in China. Das Unternehmen ist sich sicher: Das Land öffnet seinen Markt - nun wirklich.
sueddeutsche.de
BASF will bis zu zehn Milliarden in China investieren
Der Chemiekonzern plant einen zweiten Standort in China. Das Unternehmen ist sich sicher: Das Land öffnet seinen Markt - nun wirklich.
2
5
7",,2,5,7,[],https://twitter.com/SZ/status/1016364395683893250
Süddeutsche Zeitung,@SZ,2018-07-06T17:13:42.000Z,"Süddeutsche Zeitung
@SZ
·
2018年7月7日","Der Konflikt zwischen China und Trump bedroht auch die Geschäfte von Unternehmen aus der Bundesrepublik. BMW prüft bereits höhere Preise für Geländewagen. https://sz.de/1.4043532
4
7
4",,4,7,4,[],https://twitter.com/SZ/status/1015282654026043394
Süddeutsche Zeitung,@SZ,2018-07-06T03:46:37.000Z,"Süddeutsche Zeitung
@SZ
·
2018年7月6日","China war mal der Weltmeister der Wirtschaftsspionage. Inzwischen unterwandert der Geheimdienst Parlamente und Ministerien, schreiben 
@RonenSteinke
 und Christoph Giessen https://sz.de/1.4042673
2
26
11",,2,26,11,[],https://twitter.com/SZ/status/1015079546297741312
Süddeutsche Zeitung,@SZ,2018-07-22T16:46:32.000Z,"Süddeutsche Zeitung
@SZ
·
2018年7月23日","Früher waren es kindliche Leibeigene in China und ""Hofmohren"" in Preußen, heute sind es Billiglöhner in der EU: Ein neues Buch dokumentiert die Universalgeschichte der Sklaverei.
sueddeutsche.de
Buch Geschichte der Sklaverei von Michael Zeuske
Früher war es Menschenhandel, Kindersklaven, ""Hofmohren"", heute sind es ausgebeutete Billiglöhner in Belgien, Großbritannien und Portugal.
3
19
35",,3,19,35,[],https://twitter.com/SZ/status/1021074022203879425
Süddeutsche Zeitung,@SZ,2018-07-27T08:18:18.000Z,"Süddeutsche Zeitung
@SZ
·
2018年7月27日","Bund schützt Stromnetz vor Investor aus China - aus ""sicherheitspolitischen Erwägungen"". Erst am Donnerstag hat die Regierung eine weitere chinesische Übernahme verhindert. #50Hertz
sueddeutsche.de
50Hertz - Bund schützt Stromnetz vor Investor aus China
Grund dafür seien ""sicherheitspolitische Erwägungen"". Erst am Donnerstag hatte die Regierung eine weitere chinesische Übernahme verhindert.
2
4
17",,2,4,17,[],https://twitter.com/SZ/status/1022758061268770816
Süddeutsche Zeitung,@SZ,2018-08-27T18:19:54.000Z,"Süddeutsche Zeitung
@SZ
·
2018年8月28日","Myanmar: Dass die für den mutmaßlichen Völkermord an den #Rohingya verantwortlichen Männer vor ein UN-Tribunal kommen, ist unwahrscheinlich. Denn dafür müssten #USA und #China zusammenfinden.
sueddeutsche.de
Grausame Generäle, geschützt von Peking
Dass die für den mutmaßlichen Völkermord an den Rohingya verantwortlichen Männer vor ein UN-Tribunal kommen, ist unwahrscheinlich.
3
7
7",,3,7,7,[],https://twitter.com/SZ/status/1034143485119655936
Süddeutsche Zeitung,@SZ,2018-08-24T18:34:17.000Z,"Süddeutsche Zeitung
@SZ
·
2018年8月25日","Donald Trump sagt Mike Pompeos Reise nach Nordkorea ab. Es gebe keine ausreichenden Fortschritte bei der Denuklearisierung der koreanischen Halbinsel. Dafür macht er auch China mitverantwortlich. https://sz.de/1.4104531
5
5
7",,5,5,7,[],https://twitter.com/SZ/status/1033059941324652544
Süddeutsche Zeitung,@SZ,2018-08-23T03:08:00.000Z,"Süddeutsche Zeitung
@SZ
·
2018年8月23日","Innenministerium stoppt Abschiebung von #Uiguren. Grund dafür ist die Lage muslimischer Minderheiten in #China. Bundestagsabgeordnete .
@MargareteBause
 kritisiert, dass dies ""seit Monaten bekannt"" sei.
sueddeutsche.de
Innenministerium stoppt Abschiebung von Uiguren
Grund dafür ist die Lage muslimischer Minderheiten in China. Bundestagsabgeordnete Bause kritisiert, dass dies ""seit Monaten bekannt"" sei.
4
6
10",,4,6,10,[],https://twitter.com/SZ/status/1032464444998275074
Süddeutsche Zeitung,@SZ,2018-09-11T03:25:26.000Z,"Süddeutsche Zeitung
@SZ
·
2018年9月11日","Nicht die Teilnehmerzahl von 300 000 Soldaten ist für die #Nato das Besorgniserregende an #Russlands Militärmanöver #Wostok-18. Sondern, dass auch #China daran beteiligt ist.
sueddeutsche.de
Russland startet Militärmanöver mit China
Russland startet ein Militärmanöver östlich des Urals mit 300 000 Soldaten. Besorgt zeigt sich die Nato, da auch China daran beteiligt ist.
9
13
12",,9,13,12,[],https://twitter.com/SZ/status/1039354201883795456
Süddeutsche Zeitung,@SZ,2018-09-10T18:14:28.000Z,"Süddeutsche Zeitung
@SZ
·
2018年9月11日","Peking will in der Provinz Xinjiang eine Millionen Muslime in streng bewachten Einrichtungen umerziehen, berichtet Human Rights Watch. Ein Xinjiang-Experte sagt, China sei entschlossen zu einer ""endgültigen Lösung der Uigurenfrage"".
sueddeutsche.de
China hält Uiguren in Lagern fest
Human Rights Watch berichtet von einer Million Uiguren in Umerziehungslagern in der Provinz Xinjiang
8
44
14",,8,44,14,[],https://twitter.com/SZ/status/1039215544011055105
Süddeutsche Zeitung,@SZ,2018-09-16T05:59:19.000Z,"Süddeutsche Zeitung
@SZ
·
2018年9月16日","Auf den Philippinen richtete der Taifun #Mangkhut gewaltige Schäden an, nun bereiten sich Hong Kong und China auf das Schlimmste vor: https://sz.de/1.4131482
1
5
10",,1,5,10,[],https://twitter.com/SZ/status/1041204867518345216
Süddeutsche Zeitung,@SZ,2018-09-17T06:34:32.000Z,"Süddeutsche Zeitung
@SZ
·
2018年9月17日","Schmiergeld für Kundendaten? #Amazon geht dem Verdacht nach, dass Mitarbeiter sensible Informationen an Händler in #China gegeben haben. https://sz.de/1.4132831
2
3
5",,2,3,5,[],https://twitter.com/SZ/status/1041576118682353664
Süddeutsche Zeitung,@SZ,2018-09-26T03:20:12.000Z,"Süddeutsche Zeitung
@SZ
·
2018年9月26日","Überwachung: Die Handynummer ist in China ein Kontrollinstrument https://sz.de/1.4144382
5
12
11",,5,12,11,[],https://twitter.com/SZ/status/1044788702361325568
Süddeutsche Zeitung,@SZ,2018-09-18T13:30:25.000Z,"Süddeutsche Zeitung
@SZ
·
2018年9月18日","Für Apple-Produkte aus China sollten eigentlich auch Strafzölle anfallen. Doch auf der aktualisierten Liste tauchen sie nicht mehr auf.
sueddeutsche.de
China-Strafzölle: Trump verschont Apple-Produkte
Für Apple-Produkte aus China sollten eigentlich auch Strafzölle anfallen. Doch auf der aktualisierten Liste tauchen sie nicht mehr auf.
4
9
7",,4,9,7,[],https://twitter.com/SZ/status/1042043165031710723
Süddeutsche Zeitung,@SZ,2018-09-24T10:36:17.000Z,"Süddeutsche Zeitung
@SZ
·
2018年9月24日","Wo Pu der Bär auf dem Index steht: China automatisiert seine Zensur im Netz
sueddeutsche.de
China automatisiert seine Zensur im Netz
Die neue Superplattform ""Piyao"" soll 40 Überwachungsprogramme vernetzen und das Netz mit Algorithmen durchsuchen.
4
9",,,4,9,[],https://twitter.com/SZ/status/1044173669973577729
Süddeutsche Zeitung,@SZ,2018-09-24T11:00:19.000Z,"Süddeutsche Zeitung
@SZ
·
2018年9月24日","US-Präsident Trump bedroht mit seinen Strafzöllen gegen China den weltweiten Wohlstand. Europa sollte sich nicht zu sicher fühlen, sondern auf neue Attacken vorbereitet sein. https://sz.de/1.4141186
1
3
8",,1,3,8,[],https://twitter.com/SZ/status/1044179718705238016
Süddeutsche Zeitung,@SZ,2018-10-05T18:33:24.000Z,"Süddeutsche Zeitung
@SZ
·
2018年10月6日","China soll Amazon, Apple und anderen Unternehmen Spionage-Chips untergejubelt haben. Wenn die Vorwürfe zutreffen, könnte das auch US-Geheimdienste betreffen und die Beziehungen zu den USA schwer belasten. https://sz.de/1.4157689
3
9
15",,3,9,15,[],https://twitter.com/SZ/status/1048280008865845248
Süddeutsche Zeitung,@SZ,2018-10-05T11:19:26.000Z,"Süddeutsche Zeitung
@SZ
·
2018年10月5日","Nach China-Reise - Präsident von Interpol, Meng Hongwe, gilt als vermisst:
sueddeutsche.de
China ermittelt gegen Interpol-Präsidenten
Die Frau des Interpol-Präsidenten Meng Hongwei hat ihren Mann als vermisst gemeldet. Seit Ende September fehlt jedes Lebenszeichen.
1
15
6",,1,15,6,[],https://twitter.com/SZ/status/1048170796236120064
Süddeutsche Zeitung,@SZ,2018-09-28T17:10:34.000Z,"Süddeutsche Zeitung
@SZ
·
2018年9月29日","Beim Verkauf von medizinischen Geräten von Siemens an Krankenhäuser in China haben Zwischenhändler in vielen Fällen Schmiergeld gezahlt https://sz.de/1.4149981
5
14
6",,5,14,6,[],https://twitter.com/SZ/status/1045722446068936704
Süddeutsche Zeitung,@SZ,2018-10-05T04:34:22.000Z,"Süddeutsche Zeitung
@SZ
·
2018年10月5日","US-Parlamentswahlen: China weist Vorwurf der Wahleinmischung zurück https://sz.de/1.4157350
2
2",,,2,2,[],https://twitter.com/SZ/status/1048068857255133185
Süddeutsche Zeitung,@SZ,2018-10-08T07:51:08.000Z,"Süddeutsche Zeitung
@SZ
·
2018年10月8日","Nordkoreas Machthaber Kim und US-Außenminister Pompeo haben sich darauf geeinigt, dass Kim eine unbrauchbar gemachte Atomanlage prüfen lässt. Kim plant offenbar auch Atomgespräche mit den Staatschefs von China und Russland. https://sz.de/1.4160784
2
6",,,2,6,[],https://twitter.com/SZ/status/1049205538813304832
Süddeutsche Zeitung,@SZ,2018-10-09T09:41:52.000Z,"Süddeutsche Zeitung
@SZ
·
2018年10月9日","Neue Zugstrecke in China: Ein halber Kontinent in neun Stunden https://sz.de/1.4161442
1
8
12",,1,8,12,[],https://twitter.com/SZ/status/1049595792309268480
Süddeutsche Zeitung,@SZ,2018-10-11T12:03:52.000Z,"Süddeutsche Zeitung
@SZ
·
2018年10月11日","China: Die Umerziehungslager kehren zurück
sueddeutsche.de
China - Die Umerziehungslager kehren zurück
Berichten zufolge lässt das Regime bis zu einer Million muslimischer Uiguren internieren.
3
16
6",,3,16,6,[],https://twitter.com/SZ/status/1050356304101945344
Süddeutsche Zeitung,@SZ,2018-10-12T03:20:20.000Z,"Süddeutsche Zeitung
@SZ
·
2018年10月12日","Seit dem Skandal um schwarze Kassen verspricht Siemens, vorbildlich zu wirtschaften. Ein Gerichtsurteil aus China offenbart jedoch weitere dubiose Geschäfte mit Siemens-Geräten. https://sz.de/1.4165897
2
8
5",,2,8,5,[],https://twitter.com/SZ/status/1050586941157195776
Süddeutsche Zeitung,@SZ,2018-11-02T07:39:59.000Z,"Süddeutsche Zeitung
@SZ
·
2018年11月2日","Im Handelsstreit zwischen den USA und China deutet sich eine Entspannung an. US-Präsident Trump soll seine Mitarbeiter angewiesen haben, ein Handelsabkommen vorzubereiten. https://sz.de/1.4194169
1
5
6",,1,5,6,[],https://twitter.com/SZ/status/1058262431615483904
Süddeutsche Zeitung,@SZ,2018-11-03T13:22:39.000Z,"Süddeutsche Zeitung
@SZ
·
2018年11月3日","""Die Angst ist groß, dass China sich die Inseln einverleibt“ - #Neukaledonien stimmt am Sonntag über seine Unabhängigkeit ab. Was bedeutet das? 
@SPOTler
 hat bei 
@poissonolivier
 nachgefragt
sueddeutsche.de
Neukaledonien-Referendum: „Die Angst ist groß""
Noch gehört das Urlaubsparadies Neukaledonien im Pazifik zu Frankreich. An diesem Sonntag stimmen die Neukaledonier ab, ob das so bleibt.
3
6
8",,3,6,8,[],https://twitter.com/SZ/status/1058711053335515136
Süddeutsche Zeitung,@SZ,2018-11-23T18:42:49.000Z,"Süddeutsche Zeitung
@SZ
·
2018年11月24日","Die Firmenchefs von #DolceGabbana entschuldigen sich nach Rassismus-Vorwürfen in China - motiviert wie zwei Schuljungen, die man zum Nachsitzen gezwungen hat. Kommentar von Angelika Slavik.
sueddeutsche.de
China-Fail von Dolce&Gabbana: Schwierige Entschuldigung
Die Firmenchefs von Dolce&Gabbana können sich nicht richtig entschuldigen. Und sind dabei keine Ausnahme.
1
6
12",,1,6,12,[],https://twitter.com/SZ/status/1066039381604093952
Süddeutsche Zeitung,@SZ,2018-12-06T14:16:55.000Z,"Süddeutsche Zeitung
@SZ
·
2018年12月6日","China ist empört über die Festnahme von Meng Wanzhou. Sie arbeitet nicht nur für den Milliardenkonzern Huawei. Sie ist auch die Tochter des Gründers.
sueddeutsche.de
Huawei - Festnahme sorgt in China für Entsetzen
China ist empört über die Festnahme von Meng Wanzhou. Medien sprechen von einer ""Kriegserklärung"".
4
5
7",,4,5,7,[],https://twitter.com/SZ/status/1070683508337754112
Süddeutsche Zeitung,@SZ,2018-12-06T04:25:50.000Z,"Süddeutsche Zeitung
@SZ
·
2018年12月6日","Der Fischerort Houtouwan in #China auf einer Insel vor #Shanghai ist so abgelegen, dass seine Bewohner ihn verließen und die Natur ungehindert wucherte. Fotos aus dem grünen Geisterdorf. https://sz.de/1.4237569
6
22",,,6,22,[],https://twitter.com/SZ/status/1070534759611277312
Süddeutsche Zeitung,@SZ,2018-12-02T08:56:10.000Z,"Süddeutsche Zeitung
@SZ
·
2018年12月2日","Der Handelsstreit zwischen den USA und China könnte sich abkühlen, die Staatschefs einigen sich auf keine neuen Abgaben für niemand. Vorerst. Donald Trump sieht darin ""unbegrenzte Möglichkeiten"" für beide. https://sz.de/1.4235480
3
3
14",,3,3,14,[],https://twitter.com/SZ/status/1069153238815956994
Süddeutsche Zeitung,@SZ,2018-12-03T05:33:47.000Z,"Süddeutsche Zeitung
@SZ
·
2018年12月3日","China will Zölle auf US-Autos ""reduzieren und abschaffen"", schreibt US-Präsident 
@RealDonaldTrump
. https://sz.de/1.4236806
4
5
15",,4,5,15,[],https://twitter.com/SZ/status/1069464694031818753
Süddeutsche Zeitung,@SZ,2018-12-07T11:41:29.000Z,"Süddeutsche Zeitung
@SZ
·
2018年12月7日","Kommentar: Der Westen ließ sich von der Hoffnung leiten, dass China nicht nur der Marktwirtschaft verfällt, sondern auch den westlichen Werten. Das war ein Trugschluss. https://sz.de/1.4243360
5
8
12",,5,8,12,[],https://twitter.com/SZ/status/1071006782103961600
Süddeutsche Zeitung,@SZ,2018-12-07T04:13:51.000Z,"Süddeutsche Zeitung
@SZ
·
2018年12月7日","In einem ehrgeizigen Projekt will China die erdabgewandte, unbekannte Seite des Mondes erkunden. Es geht dabei nicht nur um Wissensdurst. https://sz.de/1.4241803
1
3",,,1,3,[],https://twitter.com/SZ/status/1070894130736304128
