UserScreenName,UserName,Timestamp,Text,Embedded_text,Emojis,Comments,Likes,Retweets,Image link,Tweet URL
Süddeutsche Zeitung,@SZ,2020-01-08T17:11:50.000Z,"Süddeutsche Zeitung
@SZ
·
2020年1月9日","Seit Dezember sind 59 Menschen in China an einer Lungenentzündung erkrankt. Weil die Suche nach dem Erreger bisher ergebnislos verlief, befürchten viele die Ausbreitung einer neuen Seuche #SZPlus https://sz.de/1.4748571
22
618
605",,22,618,605,[],https://twitter.com/SZ/status/1214957898671022082
Süddeutsche Zeitung,@SZ,2020-01-04T13:29:30.000Z,"Süddeutsche Zeitung
@SZ
·
2020年1月4日","In der Region weckt die Situation unangenehme Erinnerungen: Niemand weiß, was hinter den Dutzenden Fällen von Lungenentzündungen in #China steckt. Was bisher bekannt – und was offen ist, beschreibt 
@Berit_Uhlmann
.
sueddeutsche.de
44 Menschen an mysteriöser Lungenentzündung erkrankt
Niemand weiß, was hinter den Dutzenden Fällen von Lungenerkrankungen in Wuhan in China steckt. Was bisher bekannt – und was offen ist.
32
775
737",,32,775,737,[],https://twitter.com/SZ/status/1213452395893657601
Süddeutsche Zeitung,@SZ,2020-01-14T03:40:48.000Z,"Süddeutsche Zeitung
@SZ
·
2020年1月14日","Die USA nehmen China von der Liste der Staaten, die nach US-Meinung ihre Währung manipulieren. Bald wollen die beiden Staaten ein Handelsabkommen unterzeichnen. Chinas Exporte wachsen unterdessen auch 2019. https://sz.de/1.4755896
1
7",,,1,7,[],https://twitter.com/SZ/status/1216928124585349127
Süddeutsche Zeitung,@SZ,2020-01-15T06:51:22.000Z,"Süddeutsche Zeitung
@SZ
·
2020年1月15日","China habe einen ""Orwellschen Hightech-Überwachungsstaat"" errichtet, heißt es im Bericht von Human Rights Watch. Ein Mitglied der chinesischen UN-Mission weist die Kritik zurück.
sueddeutsche.de
China: Human Rights Watch kritisiert Umgang mit Uiguren
Die Menschrechtsorganisation Human Rights Watch hat den Umgang Chinas mit den Uiguren scharf kritisiert.
24
525
569",,24,525,569,[],https://twitter.com/SZ/status/1217338469464399872
Süddeutsche Zeitung,@SZ,2020-01-11T16:27:30.000Z,"Süddeutsche Zeitung
@SZ
·
2020年1月12日","Bei der Wahl in Taiwan ist Präsidentin Tsai Ing-wen mit großer Mehrheit wiedergewählt worden. Ihr Sieg ist auch eine Niederlage für die Regierung in China, berichtet 
@Lea_Deuber
.
sueddeutsche.de
Wahl in Taiwan: Deutlicher Sieg für Tsai Ing-wen
Bei der Wahl in Taiwan ist Präsidentin Tsai Ing-wen mit 57 Prozent der Stimmen wiedergewählt worden. Ihr Sieg ist eine Niederlage für China.
1
26
46",,1,26,46,[],https://twitter.com/SZ/status/1216033905737904128
Süddeutsche Zeitung,@SZ,2020-01-15T22:00:16.000Z,"Süddeutsche Zeitung
@SZ
·
2020年1月16日","Ein ehemaliger deutscher EU-Diplomat steht unter Verdacht, für China spioniert zu haben. Die Bundesanwaltschaft durchsucht Geschäftsräume in Bayern, Baden-Württemberg, Berlin und Brüssel, berichtet 
@FlorianFlade
sueddeutsche.de
Ex-Diplomat unter Spionageverdacht
Die Bundesanwaltschaft durchsucht Geschäftsräume Deutschland und Brüssel. Informationen sollen an Chinas Ministerium für Staatssicherheit geflossen sein.
8
414
423",,8,414,423,[],https://twitter.com/SZ/status/1217567201978396672
Süddeutsche Zeitung,@SZ,2020-01-26T18:19:56.000Z,"Süddeutsche Zeitung
@SZ
·
2020年1月27日","Präsident Xi wollte sich als tatkräftiger Krisenmanager präsentieren. Doch er hat nach Ausbruch des Coronavirus die Lage in Wuhan unterschätzt. Am Gesundheitssystem zeigt sich, wie groß in China die Kluft zwischen Stadt und Land noch ist. Von 
@Lea_Deuber
sueddeutsche.de
Coronavirus in China: Xi entgleitet die Situation
Präsident Xi wollte sich als tatkräftiger Krisenmanager präsentieren. Doch er hat die Lage in Wuhan unterschätzt.
26
548
552",,26,548,552,[],https://twitter.com/SZ/status/1221498017225879552
Süddeutsche Zeitung,@SZ,2020-01-22T10:18:57.000Z,"Süddeutsche Zeitung
@SZ
·
2020年1月22日","Das #Corona-Virus kann zur Gefahr für die Führung in #China werden, kommentiert Stefan Kornelius. https://sz.de/1.4766996
17
564
542",,17,564,542,[],https://twitter.com/SZ/status/1219927424571408386
Süddeutsche Zeitung,@SZ,2020-01-24T10:15:32.000Z,"Süddeutsche Zeitung
@SZ
·
2020年1月24日","China schottet wegen des Coronavirus' mehr als 43 Millionen Menschen ab. Bislang sind in etwa 900 Infektionen in dem Land bestätigt. https://sz.de/1.4769941
15
547
534",,15,547,534,[],https://twitter.com/SZ/status/1220651339329482753
Süddeutsche Zeitung,@SZ,2020-01-26T07:33:57.000Z,"Süddeutsche Zeitung
@SZ
·
2020年1月26日","China riegelt ganze Städte ab, um das Coronavirus zu stoppen. Aber der Erreger breitet sich weiter aus. Und die Regierung der betroffenen Metropole Wuhan steht in der Kritik.
sueddeutsche.de
Coronavirus in China - 56 Tote, knapp 2000 infiziert
China riegelt ganze Städte ab, um das Coronavirus zu stoppen. Aber der Erreger breitet sich weiter aus.
12
512
481",,12,512,481,[],https://twitter.com/SZ/status/1221335450620743681
Süddeutsche Zeitung,@SZ,2020-02-03T04:03:03.000Z,"Süddeutsche Zeitung
@SZ
·
2020年2月3日","Die Börsen in China waren über die durch das Coronavirus noch verlängerten Ferien zum Neujahrsfest geschlossen gewesen. Zum erneuten Auftakt am Montag brachen die Kurse stark ein. https://sz.de/1.4782459
2
7",,,2,7,[],https://twitter.com/SZ/status/1224181479342845954
Süddeutsche Zeitung,@SZ,2020-02-09T06:06:55.000Z,"Süddeutsche Zeitung
@SZ
·
2020年2月9日","Coronavirus: Mit 89 neuen Fällen der Lungenerkrankung klettert die Gesamtzahl der Opfer weltweit auf 813. Nun verlassen weitere Deutsche China.
sueddeutsche.de
Coronavirus: Rückkehrer aus Wuhan in Berlin gelandet
20 Menschen werden in die Isolierstation einen Krankenhauses in Köpenick gebracht. An der Krankheit sind bereits mehr Menschen gestorben als an der Lungenkrankheit Sars.
8
557
571",,8,557,571,[],https://twitter.com/SZ/status/1226386977857134594
Süddeutsche Zeitung,@SZ,2020-02-05T13:15:04.000Z,"Süddeutsche Zeitung
@SZ
·
2020年2月5日","Noch breitet sich das #Coronavirus weltweit nicht so aus wie in China. Experten vermuten, dass sich das bald ändert. https://sz.de/1.4784217
4
5",,,4,5,[],https://twitter.com/SZ/status/1225045174423781376
Süddeutsche Zeitung,@SZ,2020-01-31T19:12:18.000Z,"Süddeutsche Zeitung
@SZ
·
2020年2月1日","Die Angst vor dem Coronavirus ist auch in München spürbar: Apotheker berichten von Hamsterkäufen, eine Reisefirma muss ihre Pläne ändern - und BMW versucht, Dienstreisen nach China zu verhindern.
sueddeutsche.de
München: Angst vor Coronavirus spürbar
Apotheker berichten von Hamsterkäufen, eine Reisefirma muss ihre Pläne ändern - und BMW versucht, Dienstreisen nach China zu verhindern.
5
10
20",,5,10,20,[],https://twitter.com/SZ/status/1223323135698710528
Süddeutsche Zeitung,@SZ,2020-02-13T04:19:36.000Z,"Süddeutsche Zeitung
@SZ
·
2020年2月13日","China-Kracher: Tiktok ist gerade die App bei  Jugendlichen: schnell, bunt, lustig. Aber diesmal kommt der Spaß nicht aus dem Silicon Valley, sondern aus einem totalitären Staat #SZPlus
sueddeutsche.de
Tiktok-App: China-Kracher
Tiktok ist gerade die App bei Jugendlichen: schnell, bunt, lustig. Aber diesmal kommt der Spaß nicht aus dem Silicon Valley, sondern aus einem totalitären Staat.
10
490
494",,10,490,494,[],https://twitter.com/SZ/status/1227809522238009344
Süddeutsche Zeitung,@SZ,2020-02-17T16:17:35.000Z,"Süddeutsche Zeitung
@SZ
·
2020年2月18日","China Cables: Interne Dokumente chinesischer Behörden belegen, wegen welcher Banalitäten Uiguren in Internierungslager gesperrt werden - und was mit ihnen danach passiert
sueddeutsche.de
China Cables Was mit den Uiguren in Lagern passiert
Interne Dokumente chinesischer Behörden belegen, wegen welcher Banalitäten Uiguren in Internierungslager gesperrt werden.
10
524
520",,10,524,520,[],https://twitter.com/SZ/status/1229439762639052800
Süddeutsche Zeitung,@SZ,2020-02-13T19:04:41.000Z,"Süddeutsche Zeitung
@SZ
·
2020年2月14日","Leere Bahnhöfe, stillstehende Fabriken, Temperaturkontrollen auf offener Straße: Von einer Rückkehr zur Normalität, wie sie Parteichef Xi Jinping gewünscht hat, ist China weit entfernt. Und die Wut der Menschen wächst. #SZPlus
sueddeutsche.de
Coronavirus: China im Panikmodus
Von einer Rückkehr zur Normalität, wie sie Parteichef Xi Jinping gewünscht hat, ist China weit entfernt. Und die Wut der Menschen wächst.
10
506
504",,10,506,504,[],https://twitter.com/SZ/status/1228032263406936064
Süddeutsche Zeitung,@SZ,2020-02-19T11:03:55.000Z,"Süddeutsche Zeitung
@SZ
·
2020年2月19日","Weder China noch den USA folgen: Die EU-Kommission will beweisen, dass eine Gesellschaft Daten auch demokratisch nutzen kann. Dabei wohnt dieser #Digitalstrategie ein Widerspruch inne. 
@jbruehl
 kommentiert
sueddeutsche.de
Das große europäische Daten-Experiment
Weder China noch den USA folgen: Die EU-Kommission will beweisen, dass eine Gesellschaft Daten auch demokratisch nutzen kann.
4
507
489",,4,507,489,[],https://twitter.com/SZ/status/1230085597706031105
Süddeutsche Zeitung,@SZ,2020-02-28T16:44:54.000Z,"Süddeutsche Zeitung
@SZ
·
2020年2月29日","Ganz China scheint nach der verhängten Doping-Sperre hinter #SunYang zu stehen - die Konkurrenten sind hingegen erleichtert. Der Chinese will weiter gegen sein Karriereende ankämpfen, berichten 
@ClaudioCatuogno
 und 
@Lea_Deuber
 https://sz.de/1.4825601
1
2",,,1,2,[],https://twitter.com/SZ/status/1233432901859074048
Süddeutsche Zeitung,@SZ,2020-02-23T05:17:52.000Z,"Süddeutsche Zeitung
@SZ
·
2020年2月23日","Das iPhone wird in China hergestellt. Aber jetzt stehen die Fabriken still. Wie das Coronavirus das Geschäft mit dem erfolgreichsten Produkt unserer Zeit infiziert - und zeigt, wie fragil die Weltwirtschaft ist #SZPlus
sueddeutsche.de
Coronavirus und iPhone: Weltviruskrise
Das iPhone wird in China hergestellt und weltweit verkauft. Aber jetzt stehen die Fabriken still. Wie Covid-19 das Geschäft infiziert.
13
612
605",,13,612,605,[],https://twitter.com/SZ/status/1231448066718420992
Süddeutsche Zeitung,@SZ,2020-02-20T13:38:53.000Z,"Süddeutsche Zeitung
@SZ
·
2020年2月20日","China hat erneut die Diagnosekriterien für #Covid19 geändert. #Coronavirus
sueddeutsche.de
Covid-19-Medikament zeigt erste Erfolge
Frühe Daten des Pharmakonzerns Eli Lilly deuten darauf hin, dass künstliche Antikörper helfen können, schwere Verläufe zu vermeiden.
7
4",,,7,4,[],https://twitter.com/SZ/status/1230486984222703616
Süddeutsche Zeitung,@SZ,2020-02-24T05:04:12.000Z,"Süddeutsche Zeitung
@SZ
·
2020年2月24日","Corona-Virus: China meldet 150 Todesfälle an einem Tag
sueddeutsche.de
Corona-Virus: China meldet 150 Todesfälle an einem Tag
Zugleich will das Land in weniger betroffenen Gebieten die Schutzstufen heruntersetzen, um die Wirtschaft wieder in Gang zu setzen.
2
7
6",,2,7,6,[],https://twitter.com/SZ/status/1231807014151610368
Süddeutsche Zeitung,@SZ,2020-03-08T06:20:56.000Z,"Süddeutsche Zeitung
@SZ
·
2020年3月8日","Inwieweit die Corona-Angst mit der Angst vor China zusammenhängt. Und mit verdrängten Unmenschlichkeiten Europas, das einst Infektionskrankheiten in die Welt getragen und damit fette Beute gemacht hat.
sueddeutsche.de
Corona - Das Virus und die Angst vor China
Inwieweit die Corona-Angst mit der Angst vor China zusammenhängt. Und mit verdrängten Unmenschlichkeiten Europas.
32
717
727",,32,717,727,[],https://twitter.com/SZ/status/1236537366006939648
Süddeutsche Zeitung,@SZ,2020-03-01T14:44:55.000Z,"Süddeutsche Zeitung
@SZ
·
2020年3月1日","Der wirtschaftliche Stillstand in China infolge des #Coronavirus verbessert eklatant die Luftqualität, wie Satellitenbilder zeigen
sueddeutsche.de
Coronavirus sorgt in China für bessere Luftqualität
Der Stillstand in China verbessert drastisch die Luftqualität im Land. Wissenschaftler sehen einen Zusammenhang zum Coronavirus.
12
78
201",,12,78,201,[],https://twitter.com/SZ/status/1234127481294200832
Süddeutsche Zeitung,@SZ,2020-03-14T04:43:42.000Z,"Süddeutsche Zeitung
@SZ
·
2020年3月14日","Umgang mit dem Coronavirus: Wie die WHO Lobeshymnen auf China singt
sueddeutsche.de
Wie die WHO Lobeshymnen auf China singt
Die WHO lobt China überschwänglich für seine Maßnahmen gegen das Coronavirus.
15
18
29",,15,18,29,[],https://twitter.com/SZ/status/1238687224671191040
Süddeutsche Zeitung,@SZ,2020-03-19T18:05:02.000Z,"Süddeutsche Zeitung
@SZ
·
2020年3月20日","Das Land verzeichnet mehr Opfer durch Corona als China. Luftverschmutzung und radikale Kürzungen im Gesundheitswesen sind mögliche Gründe.
sueddeutsche.de
Coronavirus: Warum Italien so stark getroffen ist
Das Land verzeichnet mehr Opfer durch Corona als China. Luftverschmutzung und radikale Kürzungen im Gesundheitswesen sind mögliche Gründe.
14
31
71",,14,31,71,[],https://twitter.com/SZ/status/1240700825254543367
Süddeutsche Zeitung,@SZ,2020-03-15T11:07:31.000Z,"Süddeutsche Zeitung
@SZ
·
2020年3月15日","Seit die Zahl der Neuinfizierten in China gesunken ist, versuchen die Behörden dort, die Geschichte um den Ausbruch neu zu schreiben. Die Behörden säen Zweifel daran, dass das Virus aus China stammt, berichtet 
@Lea_Deuber
sueddeutsche.de
Coronavirus: Verwirrung stiften gegen den Imageschaden
Seit die Zahl der Neuinfizierten in China gesunken ist, versuchen die Behörden dort, die Geschichte um den Ausbruch neu zu schreiben.
15
27
47",,15,27,47,[],https://twitter.com/SZ/status/1239146203943784448
Süddeutsche Zeitung,@SZ,2020-03-11T04:28:53.000Z,"Süddeutsche Zeitung
@SZ
·
2020年3月11日","Das Bauwerk soll Stockholms Altstadt mit dem Viertel Södermalm verbinden. Hergestellt wurde der Steg in China und mit dem Schiff in einem Stück transportiert  - nicht gerade ein sauberes Bauwerk.
sueddeutsche.de
Eine goldene Brücke für Stockholm
Eine goldene Brücke soll in Stockholm die Altstadt mit dem Viertel Södermalm verbinden. Die Brücke wurde in China gebaut und per Schiff nach Schweden gebracht.
1
2
9",,1,2,9,[],https://twitter.com/SZ/status/1237596333394944000
Süddeutsche Zeitung,@SZ,2020-03-28T10:18:09.000Z,"Süddeutsche Zeitung
@SZ
·
2020年3月28日","Kaum bemerkt von der Öffentlichkeit forschen die USA, China und Russland an neuartigen Hyperschall-Waffen, die das Konzept der nuklearen Abschreckung infrage stellen:
sueddeutsche.de
Hyperschall-Waffen
Kaum bemerkt von der Öffentlichkeit forschen die USA, China und Russland an neuartigen Hyperschall-Waffen
13
588
585",,13,588,585,[],https://twitter.com/SZ/status/1243844821397241856
Süddeutsche Zeitung,@SZ,2020-03-24T13:48:50.000Z,"Süddeutsche Zeitung
@SZ
·
2020年3月24日","China hat anfänglich die #Corona-Krise verschleppt, jetzt inszeniert sich Peking als Retter Europas gegen das #Coronavirus. Das ist gefährlich. Ein Kommentar von 
@dbroessler
sueddeutsche.de
Corona-Krise - Profiteure aus China
Die Volksrepublik hat anfänglich die Corona-Krise verschleppt, jetzt inszeniert sich Peking als Retter Europas. Das ist gefährlich.
144
894
1,068",,144,894,"1,068",[],https://twitter.com/SZ/status/1242448291616493568
Süddeutsche Zeitung,@SZ,2020-04-01T12:24:49.000Z,"Süddeutsche Zeitung
@SZ
·
2020年4月1日","Wer ernten will, muss säen: Wegen des Coronavirus werden viele Felder in China später bestellt, zudem fehlen Arbeiter. Das könnte auch Deutschland treffen.
sueddeutsche.de
Coronavirus und Ernährung - Wer ernten will, muss säen
Wegen des Coronavirus werden viele Felder in China später bestellt, zudem fehlen Arbeiter. Das könnte auch Deutschland treffen.
12
675
669",,12,675,669,[],https://twitter.com/SZ/status/1245326249662255105
Süddeutsche Zeitung,@SZ,2020-04-02T15:56:04.000Z,"Süddeutsche Zeitung
@SZ
·
2020年4月2日","Wie kann Chinas Einfluss auf Europa begrenzt werden? China wirkt in der Corona-Krise nach anfänglichen Schwächen handlungsfähig - und besinnt sich nun auf den ""offenen Systemwettbewerb"", sagt ein deutsche Außenpolitiker.
sueddeutsche.de
Corona: Wie kann Chinas Einfluss begrenzt werden?
China wirkt in der Corona-Krise nach anfänglichen Schwächen handlungsfähig - und besinnt sich nun auf den ""offenen Systemwettbewerb"".
12
584
583",,12,584,583,[],https://twitter.com/SZ/status/1245741800914124808
Süddeutsche Zeitung,@SZ,2020-04-02T04:39:40.000Z,"Süddeutsche Zeitung
@SZ
·
2020年4月2日","Deutsche Firmen in China kommen nur langsam in Schwung: Das zeigt eine Befragung unter den Mitgliedern der Deutschen Handelskammer. Bis das Geschäft wieder auf Vorkrisenniveau läuft, wird es demnach noch dauern.
sueddeutsche.de
Deutsche Firmen in China kommen nur langsam in Schwung
Das zeigt eine Befragung unter den Mitgliedern der Deutschen Handelskammer. Bis das Geschäft auf Vorkrisenniveau läuft, wird es dauern.
12
578
586",,12,578,586,[],https://twitter.com/SZ/status/1245571580152840194
Süddeutsche Zeitung,@SZ,2020-03-31T15:26:50.000Z,"Süddeutsche Zeitung
@SZ
·
2020年3月31日","In China tauchten zuletzt viele #Coronavirus-Infizierte nicht in den offiziellen Zahlen auf. Zweifel gibt es auch an der Sterbestatistik, wie 
@Lea_Deuber
 berichtet.
sueddeutsche.de
Corona in China: Pekings seltsame Statistik
In China tauchten zuletzt viele Neuinfizierte mit dem Coronavirus nicht in den offiziellen Zahlen auf. Zweifel gibt es auch an der Sterbestatistik.
39
850
861",,39,850,861,[],https://twitter.com/SZ/status/1245009667882958851
Süddeutsche Zeitung,@SZ,2020-04-18T03:33:34.000Z,"Süddeutsche Zeitung
@SZ
·
2020年4月18日","In China fährt die Wirtschaft schon wieder hoch? Na ja. Ein Besuch in einem Autowerk in  Wuhan zeigt, was schon  geht - und was noch nicht #SZPlus https://sz.de/1.4879803
7
12",,,7,12,[],https://twitter.com/SZ/status/1251353149564162050
Süddeutsche Zeitung,@SZ,2020-04-14T05:50:29.000Z,"Süddeutsche Zeitung
@SZ
·
2020年4月14日","Coronavirus und die Wirtschaft: China meldet Export-Minus von 6,6 Prozent
sueddeutsche.de
Wirtschaft aktuell: Bayern will Autokäufer belohnen
Wirtschaftsminister Aiwanger pocht auf eine Kaufprämie von bis zu 4000 Euro, die unabhängig von der Antriebsart gezahlt werden soll.
1
9",,,1,9,[],https://twitter.com/SZ/status/1249938054967701506
Süddeutsche Zeitung,@SZ,2020-04-23T15:52:18.000Z,"Süddeutsche Zeitung
@SZ
·
2020年4月23日","In soziale Medien werden im Zusammenhang mit dem #Coronavirus aus Russland und China Informationen gespeist, die falsch oder übertrieben sind, warnt die EU. Das könne gesundheitsgefährdend sein.
sueddeutsche.de
Digitale Propaganda in der Corona-Krise
Online werden im Zusammenhang mit Corona aus Russland und China Informationen gestreut, die falsch oder übertrieben sind, warnt die EU.
14
666
681",,14,666,681,[],https://twitter.com/SZ/status/1253350995859591170
Süddeutsche Zeitung,@SZ,2020-04-23T05:31:04.000Z,"Süddeutsche Zeitung
@SZ
·
2020年4月23日","Wo nahm die Corona-Pandemie ihren Ausgang? China behauptet, das Virus sei auf einem Markt in Wuhan auf den Menschen übergesprungen. Die USA prüfen, ob es ein Laborunfall war. Beweise gibt es für keine Version. #SZPlus
sueddeutsche.de
Coronavirus: Wo hat das Virus seinen Ursprung?
China behauptet, das Virus sei auf einem Markt in Wuhan auf den Menschen übergesprungen. Die USA prüfen, ob es ein Laborunfall war. Beweise gibt es für keine Version.
33
653
681",,33,653,681,[],https://twitter.com/SZ/status/1253194659129679872
Süddeutsche Zeitung,@SZ,2020-04-24T14:48:13.000Z,"Süddeutsche Zeitung
@SZ
·
2020年4月24日","Drei Monate nur liegen zwischen einer kleinen Meldung aus China und einer tödlichen Pandemie. Drei Monate, in denen die deutsche Politik mit dem Virus ringt und Millionen Menschen ein neues Leben verordnet. Rekonstruktion eines Abwehrkampfes.
sueddeutsche.de
Schwerer Verlauf
Drei Monate nur liegen zwischen einer kleinen Meldung aus China und einer tödlichen Pandemie. Drei Monate, in denen die deutsche Politik mit dem Virus ringt und Millionen Menschen ein neues Leben...
6
9
17",,6,9,17,[],https://twitter.com/SZ/status/1253697258832396289
Süddeutsche Zeitung,@SZ,2020-04-25T08:53:34.000Z,"Süddeutsche Zeitung
@SZ
·
2020年4月25日","China erklärt, die Pandemie trotz lokaler Ausbrüche im Griff zu haben. Der Staat geht rigoros gegen die Ausbreitung des Virus vor - und perfektioniert die Überwachung seiner Bürger. #SZPlus
sueddeutsche.de
China: Der ganz normale Ausnahmezustand
China hat das Coronavirus nach eigenen Angaben im Griff - auch wenn es neue lokale Ausbrüche gibt.
18
8
17",,18,8,17,[],https://twitter.com/SZ/status/1253970393423060992
Süddeutsche Zeitung,@SZ,2020-05-08T05:59:08.000Z,"Süddeutsche Zeitung
@SZ
·
2020年5月8日","Die USA und China streiten sich über die Frage, wo das neuartige Coronavirus entstanden ist, Europa steht verzweifelt in der Mitte. Der Konflikt blockiert die Aufklärung und könnte noch viel Schaden anrichten.  #SZPlus
sueddeutsche.de
Die Seuche der anderen
Die USA und China streiten sich über die Frage, wo das neuartige Coronavirus entstanden ist. Europa steht verzweifelt in der Mitte.
22
643
642",,22,643,642,[],https://twitter.com/SZ/status/1258637541726720005
Süddeutsche Zeitung,@SZ,2020-05-06T15:53:27.000Z,"Süddeutsche Zeitung
@SZ
·
2020年5月6日","Halbsatz mit Konfliktpotenzial: China zensiert in einem Gastbeitrag der EU-Botschafter die Aussage, das Virus sei in China ausgebrochen.
sueddeutsche.de
Corona: EU-Vertretung in China ließ sich zensieren
China zensiert in einem Gastbeitrag die Aussage, das Virus sei in China ausgebrochen. Die EU-Diplomaten willigten ""nach erheblichem Zögern“ ein.
14
688
697",,14,688,697,[],https://twitter.com/SZ/status/1258062330157584386
Süddeutsche Zeitung,@SZ,2020-05-10T17:21:18.000Z,"Süddeutsche Zeitung
@SZ
·
2020年5月11日","Kanzlerin Merkel wollte in der deutschen EU-Ratspräsidentschaft die Beziehungen zu China klären. Die Corona-Pandemie durchkreuzt die ambitionierten Pläne.
sueddeutsche.de
EU und China: Leipziger Gipfel in der Schwebe
Kanzlerin Merkel wollte in der deutschen EU-Ratspräsidentschaft die Beziehungen zu China klären. Die Corona-Pandemie durchkreuzt die ambitionierten Pläne.
11
808
817",,11,808,817,[],https://twitter.com/SZ/status/1259533988764450816
Süddeutsche Zeitung,@SZ,2020-05-18T19:24:51.000Z,"Süddeutsche Zeitung
@SZ
·
2020年5月19日","Bei der Konferenz der Weltgesundheitsorganisation #WHO kann ein Eklat zwischen den USA und China dank der EU offenbar abgewendet werden. Das Ringen um die Rolle der Einrichtung geht weiter. https://sz.de/1.4911524
5
10
12",,5,10,12,[],https://twitter.com/SZ/status/1262464185264463878
Süddeutsche Zeitung,@SZ,2020-05-24T15:49:00.000Z,"Süddeutsche Zeitung
@SZ
·
2020年5月24日","Die Menschen in China haben traumatische Monate hinter sich. Wer die Regierung und das Volk miteinander vermischt, stößt diejenigen vor den Kopf, denen die Kommunistische Partei zuwider ist. http://sz.de/1.4914100
10
794
810",,10,794,810,[],https://twitter.com/SZ/status/1264584189220921346
Süddeutsche Zeitung,@SZ,2020-05-22T06:24:16.000Z,"Süddeutsche Zeitung
@SZ
·
2020年5月22日","China will auf dem Volkskongress über ein neues Sicherheitsgesetz für Hongkong abstimmen. Kritiker befürchten darin einen Angriff auf den Grundsatz „ein Land, zwei Systeme“. China ignoriert damit deutliche Warnungen von US-Präsident Trump.
sueddeutsche.de
China plant neues Sicherheitsgesetz für Hongkong
China ignoriert damit deutliche Warnungen von US-Präsident Trump. Kritiker befürchten darin einen Angriff auf den Grundsatz „ein Land, zwei Systeme“.
31
985
963",,31,985,963,[],https://twitter.com/SZ/status/1263717296658436097
Süddeutsche Zeitung,@SZ,2020-05-30T06:56:43.000Z,"Süddeutsche Zeitung
@SZ
·
2020年5月30日","Coronavirus und die Wirtschaft: Hunderte deutsche Manager kehren mit Sonderflügen nach China zurück
sueddeutsche.de
Wirtschaft aktuell: Deutsche Manager zurück nach China
Eigentlich gilt in der Coronakrise praktisch für alle Ausländer ein Einreiseverbot. Hunderte Deutsche bekommen nun eine Ausnahmegenehmigung.
2
2
5",,2,2,5,[],https://twitter.com/SZ/status/1266624563884015616
Süddeutsche Zeitung,@SZ,2020-06-05T13:09:48.000Z,"Süddeutsche Zeitung
@SZ
·
2020年6月5日","""China bricht  einen Vertrag"": Der frühere Gouverneur von Hongkong Lord Patten wirbt für eine harte internationale Reaktion auf die Einschränkung der Autonomie Hongkongs durch Peking #SZPlus
sueddeutsche.de
Hongkong: ""China bricht einen Vertrag""
Der frühere Gouverneur wirbt für eine harte internationale Reaktion auf die Einschränkung der Autonomie Hongkongs durch Peking.
14
739
757",,14,739,757,[],https://twitter.com/SZ/status/1268892781101096961
Süddeutsche Zeitung,@SZ,2020-06-01T08:57:35.000Z,"Süddeutsche Zeitung
@SZ
·
2020年6月1日","Sollte Hongkong seinen Sonderstatus verlieren, will Peking reagieren. China wirft den USA vor, ""süchtig nach dem Ausstieg"" aus Verträgen zu sein.
sueddeutsche.de
Sicherheitsgesetz: China droht den USA
Sollte Hongkong seinen Sonderstatus verlieren, will Peking reagieren. China wirft den USA vor, ""süchtig nach dem Ausstieg"" aus Verträgen zu sein.
18
868
864",,18,868,864,[],https://twitter.com/SZ/status/1267379755042705408
Süddeutsche Zeitung,@SZ,2020-06-08T06:21:01.000Z,"Süddeutsche Zeitung
@SZ
·
2020年6月8日","Wenn Peking die Bilder liefert: Der SWR zeigt eine Doku über die ersten Wochen der Pandemie in Wuhan. Doch ein eigenes Team hat die deutsche Produktionsfirma nicht nach China geschickt.
sueddeutsche.de
Umstrittene Corona-Doku: Wenn Peking Bilder liefert
Der SWR zeigt eine Doku über die Pandemie in Wuhan. Doch ein eigenes Team hat die deutsche Produktionsfirma nicht nach China geschickt.
19
785
800",,19,785,800,[],https://twitter.com/SZ/status/1269877072593289216
Süddeutsche Zeitung,@SZ,2020-06-12T04:27:40.000Z,"Süddeutsche Zeitung
@SZ
·
2020年6月12日","US-Rückzug, Corona, China: Die EU wird von außen mächtig unter Druck gesetzt, nachdem sie in den vergangenen Jahren vor allem mit sich selbst beschäftigt war. Einige sehen darin die Chance, sich künftig international besser zu behaupten.
sueddeutsche.de
Europa kämpft um seine Rolle in der Welt
US-Rückzug, Corona, China: Die EU wird von außen mächtig unter Druck gesetzt. Einige sehen darin die Chance, sich international besser zu behaupten.
4
751
748",,4,751,748,[],https://twitter.com/SZ/status/1271298096195088384
Süddeutsche Zeitung,@SZ,2020-06-10T05:10:30.000Z,"Süddeutsche Zeitung
@SZ
·
2020年6月10日","Atomwaffen: China will nicht mit Trump über Abrüstung verhandeln
sueddeutsche.de
China will nicht mit Trump über Abrüstung verhandeln
Die chinesische Regierung hält Trumps Einladung, gemeinsam mit Russland über den New-START-Vertrag zu verhandeln, für ein Ablenkungsmanöver. Der habe schon zuviele Abkommen gebrochen.
14
13
26",,14,13,26,[],https://twitter.com/SZ/status/1270584098512388096
Süddeutsche Zeitung,@SZ,2020-06-10T14:10:34.000Z,"Süddeutsche Zeitung
@SZ
·
2020年6月10日","Die EU-Kommission nennt in einem Bericht zur Verbreitung von Desinformationen in der Corona-Krise Russland und China explizit als Urheber falscher Informationen - und drängt auf Leitlinien für soziale Netzwerke. Bericht von 
@KarolineBeisel
 und 
@matikolb
.
sueddeutsche.de
EU-Kommission: Härter vorgehen gegen Desinformationen
Die EU-Kommission nennt in einem Bericht Russland und China explizit als Urheber falscher Informationen - und drängt auf Leitlinien für soziale Netzwerke.
19
666
685",,19,666,685,[],https://twitter.com/SZ/status/1270720013272399873
Süddeutsche Zeitung,@SZ,2020-06-18T00:29:19.000Z,"Süddeutsche Zeitung
@SZ
·
2020年6月18日","Uiguren in China: Trump unterzeichnet Sanktionsgesetz
sueddeutsche.de
Uiguren in China - Trump unterzeichnet Sanktionsgesetz
Nach Darstellung seines früheren Sicherheitsberaters Bolton soll Trump China noch zugeraten haben, Konzentrationslager für Uiguren zu bauen.
2
7
15",,2,7,15,[],https://twitter.com/SZ/status/1273412441200828416
Süddeutsche Zeitung,@SZ,2020-06-23T02:06:42.000Z,"Süddeutsche Zeitung
@SZ
·
2020年6月23日","USA erklären Handelsabkommen mit China für gescheitert
sueddeutsche.de
China und USA: Handelsabkommen ist ""völlig intakt""
Ein kleiner Satz von US-Handelsberater Peter Navarro sorgte für viel Trubel an den Börsen. Wenig später ruderte er zurück.
8
9
16",,8,9,16,[],https://twitter.com/SZ/status/1275248888283201536
Süddeutsche Zeitung,@SZ,2020-06-24T07:48:34.000Z,"Süddeutsche Zeitung
@SZ
·
2020年6月24日","In Ländern wie Israel, Iran, Südkorea und China hat sich Covid-19 bereits wieder ausgebreitet. Experten rechnen auch in Deutschland mit weiteren Epidemie-Wellen #SZPlus
sueddeutsche.de
Coronavirus: Da kommt noch was
Experten rechnen mit weiteren Epidemie-Wellen auch in Deutschland. Anderswo hat sich der Erreger schon wieder ausgebreitet.
2
9
11",,2,9,11,[],https://twitter.com/SZ/status/1275697311314829314
Süddeutsche Zeitung,@SZ,2020-06-19T11:22:56.000Z,"Süddeutsche Zeitung
@SZ
·
2020年6月19日","Wer nach #China einreisen möchte, muss zwei Wochen in Quarantäne, ganz egal, aus welchem Land er kommt. Unsere Auslandskorrespondentin 
@lea_deuber
 über 14 Tage im Hotelzimmer.
4
8
25",,4,8,25,['https://pbs.twimg.com/media/Ea3w3lXWsAAdCJV.jpg'],https://twitter.com/SZ/status/1273939319112286208
Süddeutsche Zeitung,@SZ,2020-06-23T06:20:16.000Z,"Süddeutsche Zeitung
@SZ
·
2020年6月23日","Coronavirus und die Wirtschaft: Lufthansa nimmt Linienflüge nach China wieder auf
sueddeutsche.de
Wirtschaft aktuell: Airbus drosselt Produktion
Das Unternehmen könne sich nicht von der Entwicklung bei den Airlines abkoppeln, sagte Airbus-Chef Guillaume Faury.
2
6",,,2,6,[],https://twitter.com/SZ/status/1275312701913403392
Süddeutsche Zeitung,@SZ,2020-07-08T15:49:40.000Z,"Süddeutsche Zeitung
@SZ
·
2020年7月8日","Eine UN-Resolution für Hilfslieferungen in Syrien scheitert am Veto von China und Russland. Menschenrechtler warnen, das könne zum ""Todesurteil"" für Hungernde werden, berichten 
@dbroessler
 und 
@pkr77
sueddeutsche.de
Maas kritisiert Russland für Syrien-Politik
Eine UN-Resolution für Hilfslieferungen in Syrien scheitert an China und Russland. Menschenrechtler warnen vor ""Todesurteil"" für Hungernde.
11
13
16",,11,13,16,[],https://twitter.com/SZ/status/1280891810982834179
Süddeutsche Zeitung,@SZ,2020-06-30T09:27:11.000Z,"Süddeutsche Zeitung
@SZ
·
2020年6月30日","Peking kündigt das Abkommen mit Großbritannien über Hongkong einseitig auf. Das zeigt: Der Versuch, China in die Weltordnung einzubinden, ist gescheitert. Das muss Konsequenzen haben.
sueddeutsche.de
Hongkong und China: Stadt in Angst
Peking bricht mit dem umstrittenen Sicherheitsgesetz sein Abkommen mit Großbritannien über Hongkong. Das muss Konsequenzen haben.
18
48
101",,18,48,101,[],https://twitter.com/SZ/status/1277896453717884933
Süddeutsche Zeitung,@SZ,2020-07-08T00:26:13.000Z,"Süddeutsche Zeitung
@SZ
·
2020年7月8日","Russland und China haben im UN-Sicherheitsrat eine Resolution für die Fortsetzung humanitärer Hilfe für Syrien vorerst verhindert.
sueddeutsche.de
Syrien: Vetos verhindern humanitäre Hilfe
Russland und China haben im UN-Sicherheitsrat eine Resolution für die Fortsetzung humanitärer Hilfe für Syrien vorerst verhindert.
38
43
35",,38,43,35,[],https://twitter.com/SZ/status/1280659418728878080
Süddeutsche Zeitung,@SZ,2020-07-02T08:40:13.000Z,"Süddeutsche Zeitung
@SZ
·
2020年7月2日","Der frühere SPD-Vorsitzende Sigmar Gabriel war laut einem Medienbericht Berater beim Fleischkonzern Tönnies. Er bezog demnach monatlich 10 000 Euro für seine Tätigkeit. Es ging um den Absatz in China.
sueddeutsche.de
Sigmar Gabriel war drei Monate Berater bei Tönnies
Der Ex-SPD-Vorsitzende erhielt laut einem Medienbericht pauschal 10 000 Euro im Monat für seine Tätigkeit. Es ging um den Absatz in China.
73
55
98",,73,55,98,[],https://twitter.com/SZ/status/1278609410806484993
Süddeutsche Zeitung,@SZ,2020-07-15T07:38:55.000Z,"Süddeutsche Zeitung
@SZ
·
2020年7月15日","China, Russland, Türkei, Polen: Die Europäische Union ist nicht mehr dazu fähig, ihre Werte zu verteidigen, kommentiert Stefan Kornelius.
sueddeutsche.de
Die EU ist in eine Spirale der Schwächung geraten
China, Russland, Türkei, Polen: Die Europäische Union ist nicht mehr dazu fähig, ihre Werte zu verteidigen.
71
50
118",,71,50,118,[],https://twitter.com/SZ/status/1283305027801686023
Süddeutsche Zeitung,@SZ,2020-07-12T16:32:52.000Z,"Süddeutsche Zeitung
@SZ
·
2020年7月13日","Russland und China blockieren im Sicherheitsrat die Bemühungen Deutschlands, der syrischen Bevölkerung mehr Hilfe zukommen zu lassen. Am Ende steht ein Kompromiss, der das Ergebnis einer Erpressung ist - 
@dbroessler
 und 
@pkr77
 berichten:
sueddeutsche.de
Syrien - Schöne Theorie, hässliche Praxis
Russland und China blockieren im UN-Sicherheitsrat die Bemühungen Deutschlands, der Bevölkerung mehr Hilfe zukommen zu lassen.
5
478
460",,5,478,460,[],https://twitter.com/SZ/status/1282352235020718082
Süddeutsche Zeitung,@SZ,2020-07-20T15:28:21.000Z,"Süddeutsche Zeitung
@SZ
·
2020年7月20日","Die britische Regierung von Boris Johnson kündigt Auslieferungsverträge mit China auf - wegen Pekings Umgang mit der Ex-Kronkolonie Hongkong. Doch auch weitere Themen wie das 5G-Netz sorgen für Streit.
sueddeutsche.de
Wegen Hongkong: Johnson riskiert Konflikt mit Peking
Großbritannien kündigt Auslieferungsverträge mit China auf - wegen Pekings Umgang mit der Ex-Kronkolonie Hongkong. Doch auch weitere Themen sorgen für Streit.
9
467
475",,9,467,475,[],https://twitter.com/SZ/status/1285235103954874368
Süddeutsche Zeitung,@SZ,2020-07-27T05:28:23.000Z,"Süddeutsche Zeitung
@SZ
·
2020年7月27日","Im Schatten von Corona betreibt China eine neue Außenpolitik, die von diplomatischen Rambos durchgesetzt wird. Warum das aggressive Vorgehen auf eine dauerhafte Neuausrichtung der chinesischen Politik hindeutet. #SZPlus
sueddeutsche.de
China: Auf Konfrontationskurs
Im Schatten von Corona betreibt China eine neue Außenpolitik, die von diplomatischen Rambos durchgesetzt wird.
13
533
526",,13,533,526,[],https://twitter.com/SZ/status/1287620832605470725
Süddeutsche Zeitung,@SZ,2020-07-28T19:17:13.000Z,"Süddeutsche Zeitung
@SZ
·
2020年7月29日","Hongkong-Krise: EU beschließt Maßnahmenpaket gegen China
sueddeutsche.de
Hongkong-Krise: EU beschließt Maßnahmen gegen China
Bestimmte Exporte, die zur Niederschlagung von Protesten in Hongkong genutzt werden können, sollen weiter eingeschränkt werden.
10
13
42",,10,13,42,[],https://twitter.com/SZ/status/1288191800398749698
Süddeutsche Zeitung,@SZ,2020-07-22T16:24:01.000Z,"Süddeutsche Zeitung
@SZ
·
2020年7月23日","Das US-Außenministerium hat die Schließung der chinesischen Vertretung in #Houston angeordnet, als Reaktion werden dort hektisch Akten verbrannt. China spricht von einer ""beispiellosen Eskalation"".
sueddeutsche.de
Chinesisches Generalkonsulat Houston muss schließen
Das US-Außenministerium hat die Schließung der chinesischen Vertretung angeordnet, als Reaktion werden dort hektisch Akten verbrannt.
8
11
29",,8,11,29,[],https://twitter.com/SZ/status/1285973887138897920
Süddeutsche Zeitung,@SZ,2020-08-07T11:31:13.000Z,"Süddeutsche Zeitung
@SZ
·
2020年8月7日","Eine einheitlichere Position Europas gegenüber Peking: Das ist das Ziel der deutschen EU-Ratspräsidentschaft. Mit einer hochrangig besetzten Videokonferenz Mitte September soll der Druck auf China erhöht werden. Von 
@matikolb
sueddeutsche.de
EU: Merkel plant Videogipfel mit Xi Jinping
Bei dem Videotreffen sollen auch von der Leyen und Michel teilnehmen. Die Europäische Union will ein Handelsabkommen mit China.
10
9
21",,10,9,21,[],https://twitter.com/SZ/status/1291698407921332224
Süddeutsche Zeitung,@SZ,2020-08-06T13:19:36.000Z,"Süddeutsche Zeitung
@SZ
·
2020年8月6日","Gegen China: Amerika fährt die Firewall hoch. Die USA wollen das Internet „säubern“
sueddeutsche.de
Gegen China: Amerika fährt die Firewall hoch
Keine US-Apps mehr auf Huawei-Handys, keine chinesischen Apps im Play Store: Die USA wollen das Internet ""säubern""
18
540
530",,18,540,530,[],https://twitter.com/SZ/status/1291363294700359681
Süddeutsche Zeitung,@SZ,2020-08-02T18:13:28.000Z,"Süddeutsche Zeitung
@SZ
·
2020年8月3日","Donald Trump droht mit einem Verbot der Kurzvideo-App Tiktok, denn die USA fürchten, China missbrauche die Daten der Nutzer. Was ein derartiger Schritt für Peking und das Unternehmen selbst bedeuten würde #SZPlus
sueddeutsche.de
USA und China: Streit um Tiktok
Die Kurzvideo-App Tiktok feiert weltweit Erfolge. Doch nun fürchten die USA einen Missbrauch durch China und drohen mit einem Verbot.
10
429
445",,10,429,445,[],https://twitter.com/SZ/status/1289987698610987008
Süddeutsche Zeitung,@SZ,2020-08-02T15:37:33.000Z,"Süddeutsche Zeitung
@SZ
·
2020年8月2日","USA und China: Zweikampf um eine Sekunden-Masche
sueddeutsche.de
USA und China: Streit um Tiktok
Die Kurzvideo-App Tiktok feiert weltweit Erfolge. Doch nun fürchten die USA einen Missbrauch durch China und drohen mit einem Verbot.
3
5
14",,3,5,14,[],https://twitter.com/SZ/status/1289948458992857088
Süddeutsche Zeitung,@SZ,2020-08-14T08:43:09.000Z,"Süddeutsche Zeitung
@SZ
·
2020年8月14日","Der amerikanisch-chinesische Konflikt um Wechat und Tiktok setzt Apple zu wie keinem anderen Konzern. China ist nicht nur zentraler Produktionsstandort, sondern auch der wichtigste Wachstumsmarkt. Beides steht nun auf dem Spiel
sueddeutsche.de
Apple ist plötzlich mittendrin im Handelsstreit
Der Konflikt um Wechat und Tiktok setzt dem Konzern zu wie keinem anderen. Für Apple steht in China nun viel auf dem Spiel.
1
3
10",,1,3,10,[],https://twitter.com/SZ/status/1294192826683727872
Süddeutsche Zeitung,@SZ,2020-08-10T09:38:48.000Z,"Süddeutsche Zeitung
@SZ
·
2020年8月10日","""Die Meinungsfreiheit, die Versammlungsfreiheit und die grundlegenden Menschenrechte müssen gewahrt werden"", fordert EU-Ratspräsident Michel mit Blick auf Belarus. Die Präsidenten von Russland und China gratulieren Lukaschenko zum Wahlsieg.
sueddeutsche.de
Wahl in Belarus - Bundesregierung verurteilt Gewalt
Nach Ansicht der Bundesregierung wurden bei den Präsidentschaftswahlen in Belarus demokratische Mindeststandards nicht eingehalten.
7
6
19",,7,6,19,[],https://twitter.com/SZ/status/1292757279364841474
Süddeutsche Zeitung,@SZ,2020-09-01T08:51:30.000Z,"Süddeutsche Zeitung
@SZ
·
2020年9月1日","Lied der Lüge: In China gibt es keine Freiheit, auch keine wirtschaftliche. Misstrauen ist angebracht, gerade bei Lockrufen Pekings. Kommentar von Daniel Brössler
sueddeutsche.de
China: Außenminister Yi auf heuchlerischer EU-Mission
In China gibt es keine Freiheit, auch keine wirtschaftliche. Misstrauen ist angebracht, gerade bei Lockrufen Pekings. Ein Kommentar.
10
427
449",,10,427,449,[],https://twitter.com/SZ/status/1300717908184780800
Süddeutsche Zeitung,@SZ,2020-08-28T01:48:33.000Z,"Süddeutsche Zeitung
@SZ
·
2020年8月28日","Chinas Außenminister Wang Yi hat infrage gestellt, dass China tatsächlich das Ursprungsland des Coronavirus ist. Aktuelle Entwicklungen zur weltweiten #Corona-Pandemie im SZ-Newsblog:
sueddeutsche.de
Mehr als 25 Millionen Infizierte
Zahl bestätigter Corona-Infektionsfälle steigt weltweit auf mehr als 25 Millionen. Indien verzeichnet besonders drastischen Anstieg.
1
3
5",,1,3,5,[],https://twitter.com/SZ/status/1299161918343712778
Süddeutsche Zeitung,@SZ,2020-09-22T16:39:41.000Z,"Süddeutsche Zeitung
@SZ
·
2020年9月23日","Bei der UN-Generaldebatte gibt US-Präsident 
@realDonaldTrump
 China die Alleinschuld an der Ausbreitung des #Coronavirus. Und dann geht es ihm noch um ein persönliches Projekt der Eitelkeit, schreibt 
@ChZaschke
.
sueddeutsche.de
Trump zieht die chinesische Karte
Der US-Präsident gibt Peking die Alleinschuld an der Ausbreitung des Coronavirus. Und dann geht es ihm noch um ein Projekt der Eitelkeit.
4
2
6",,4,2,6,[],https://twitter.com/SZ/status/1308445877116207106
Süddeutsche Zeitung,@SZ,2020-09-19T17:00:57.000Z,"Süddeutsche Zeitung
@SZ
·
2020年9月20日","Die Banken, die Politik und das schmutzige Geld - Nach den Panama Papers und den China Cables die neue internationale Recherche: die FinCEN-Files. Lesen Sie ab Sonntag 19 Uhr alle Texte schon vorab mit SZ Plus. #FinCENfiles https://angebote.sueddeutsche.de/?wt=TWSK920&utm_campaign=tw02_investi&utm_medium=cpc&utm_source=twitter…
4
559
577",,4,559,577,[],https://twitter.com/SZ/status/1307364065413607424
Süddeutsche Zeitung,@SZ,2020-09-24T07:19:59.000Z,"Süddeutsche Zeitung
@SZ
·
2020年9月24日","China: Hongkonger Demokratie-Aktivist Joshua Wong festgenommen
sueddeutsche.de
Hongkong: Demokratie-Aktivist Joshua Wong wieder frei
Wong wird offenbar vorgeworfen, im letzten Jahr an einer nicht genehmigten Versammlung teilgenommen zu haben.
2
14
16",,2,14,16,[],https://twitter.com/SZ/status/1309029797805330432
Süddeutsche Zeitung,@SZ,2020-09-22T18:36:34.000Z,"Süddeutsche Zeitung
@SZ
·
2020年9月23日","„Die Welt darf nicht der Rivalität von China und den USA überlassen werden“, fordert Frankreichs Staatspräsident Macron bei der UN-Generaldebatte.
sueddeutsche.de
UN - Macron: Welt nicht China-USA-Rivalität überlassen
Frankreichs Präsident Macron appelliert bei der UN-Generaldebatte an die Staaten, neue Allianzen aufzubauen, um dem „Two-step""-Tanz zu entkommen.
3
9
30",,3,9,30,[],https://twitter.com/SZ/status/1308475291350765568
Süddeutsche Zeitung,@SZ,2020-10-06T05:44:20.000Z,"Süddeutsche Zeitung
@SZ
·
2020年10月6日","Interview am Morgen: Zwangsarbeit in Tibet: ""Vieles in China ist nur unterdrückt""
sueddeutsche.de
„Vieles in China ist nur unterdrückt“
Sozialwissenschaftler Adrian Zenz hat einen der größten Menschenrechtsverstöße unserer Zeit aufgedeckt: die Internierung von etwa einer Million Uiguren. Jetzt dokumentiert er die massenhafte Zwangs...
10
486
486",,10,486,486,[],https://twitter.com/SZ/status/1313354381379633152
Süddeutsche Zeitung,@SZ,2020-10-12T03:28:11.000Z,"Süddeutsche Zeitung
@SZ
·
2020年10月12日","Das Magazin ""China Info"" zeigt im Regionalfernsehen 
@drf1tv
 Propaganda aus China. 
@Lea_Deuber
 beschreibt, warum das Teil einer globalen Strategie der Weltmacht ist.
sueddeutsche.de
Einfluss auf Medien: Wieso China-Propaganda im Regionalfernsehen läuft
Das Magazin ""China Info"" strahlt im Regionalfernsehen Propaganda aus China aus. Warum das Teil einer globalen Strategie der Weltmacht ist.
10
435
428",,10,435,428,[],https://twitter.com/SZ/status/1315494446528692224
Süddeutsche Zeitung,@SZ,2020-10-19T15:06:56.000Z,"Süddeutsche Zeitung
@SZ
·
2020年10月19日","Das Beispiel China lehrt: Wer will, dass Menschen wieder einkaufen, ins Lokal und auf Reisen gehen, muss ihnen die Angst vor einer Ansteckung nehmen. Andernfalls wird ein Teil der Bürger schlicht zu Hause bleiben und so den Aufschwung behindern
sueddeutsche.de
China: Virusbekämpfung ist Rezessionsbekämpfung
Das Beispiel China lehrt: Wer will, dass Menschen einkaufen, ins Lokal und auf Reisen gehen, muss ihnen die Angst vor der Ansteckung nehmen.
21
27
47",,21,27,47,[],https://twitter.com/SZ/status/1318207009368510464
Süddeutsche Zeitung,@SZ,2020-11-15T18:00:01.000Z,"Süddeutsche Zeitung
@SZ
·
2020年11月16日","Die vergangenen vier Jahre haben bei allen Partnern und Kontrahenten der Vereinigten Staaten ihre Spuren hinterlassen. Wie blicken China, die EU und Russland jetzt auf President-elect Biden? Eine neue Podcastfolge „Das Thema“: https://bit.ly/2UCl16R
3
5
16",,3,5,16,['https://pbs.twimg.com/amplify_video_thumb/1327281166655893512/img/cCRIFmLl2ElFzqpv.jpg'],https://twitter.com/SZ/status/1328035037531435008
Süddeutsche Zeitung,@SZ,2020-11-12T04:40:44.000Z,"Süddeutsche Zeitung
@SZ
·
2020年11月12日","China entwickelt unter fragwürdigen Bedingungen Impfstoffe gegen Covid-19 - und bietet sie ärmeren Ländern an. Doch die Fürsorge gibt es nicht umsonst. #SZPlus
sueddeutsche.de
Corona-Impfstoffe aus China: Impfe und herrsche
China entwickelt unter fragwürdigen Bedingungen Impfstoffe gegen Covid-19 - und bietet sie ärmeren Ländern an. Doch die Fürsorge gibt es nicht umsonst.
6
7
13",,6,7,13,[],https://twitter.com/SZ/status/1326746727764926465
Süddeutsche Zeitung,@SZ,2020-11-23T21:24:50.000Z,"Süddeutsche Zeitung
@SZ
·
2020年11月24日","Chinas unbemanntes Raumschiff startet zum Mond. Es soll am Sonntag ankommen und einen Mondtag - zwei Wochen auf der Erde - bleiben. Bei einer erfolgreichen Rückkehr wäre China erst die dritte Nation, der ein solches Vorhaben gelingt.
sueddeutsche.de
Mond-Mission: Chinas unbemanntes Raumschiff startet zum Mond
Die Rakete vom Typ ""Langer Marsch 5"" hob Montagabend (MEZ) vom Raumfahrtbahnhof in Wenchang auf der südchinesischen Insel Hainan ab.
4
8
26",,4,8,26,[],https://twitter.com/SZ/status/1330985683872313345
Süddeutsche Zeitung,@SZ,2020-11-17T19:37:47.000Z,"Süddeutsche Zeitung
@SZ
·
2020年11月18日","Kann man von China etwas für In China gibt es seit Monaten nur noch wenige Corona-Neuinfektionen. Kann man von dem autokratischen Staat etwas für den Kampf gegen den Erreger lernen? #SZPlus
sueddeutsche.de
Chinas harte Hand im Kampf gegen Corona
Kann man von dem autokratischen Staat etwas für den Kampf gegen das Coronavirus lernen?
15
4
5",,15,4,5,[],https://twitter.com/SZ/status/1328784418803228672
Süddeutsche Zeitung,@SZ,2020-12-15T09:07:34.000Z,"Süddeutsche Zeitung
@SZ
·
2020年12月15日","Neue Dokumente belegen, dass in #Xinjiang Zwangsarbeiter bei der Ernte von #Baumwolle eingesetzt werden. Weltweit kommt ein Fünftel der Baumwolle aus China, die Folgen für die Textilindustrie sind enorm, berichten 
@lea_deuber
 u 
@christophgiesen
. https://sz.de/1.5148052?utm_source=Twitter&utm_medium=twitterbot&utm_campaign=1.5148052…
9
48
89",,9,48,89,[],https://twitter.com/SZ/status/1338772678845534209
Süddeutsche Zeitung,@SZ,2020-12-12T09:05:22.000Z,"Süddeutsche Zeitung
@SZ
·
2020年12月12日","#Corona? Ist für viele Asiaten nur noch eine schlechte Erinnerung aus dem Frühjahr. Doch anstatt von Asien zu lernen, blickt Europa mit reflexhafter Arroganz nach drüben. Warum das ein Fehler ist, erklärt #China Korrespondentin 
@lea_deuber
 @SZ
 #langstrecke
sueddeutsche.de
Corona in Asien: Europäische Ignoranz ist ein Fehler
In Teilen Asiens ist Corona bereits besiegt. In Europa werden die asiatischen Strategien aber ignoriert. Warum die Arroganz ein Fehler ist.
26
59
177",,26,59,177,[],https://twitter.com/SZ/status/1337684961705472000
