UserScreenName,UserName,Timestamp,Text,Embedded_text,Emojis,Comments,Likes,Retweets,Image link,Tweet URL
Süddeutsche Zeitung,@SZ,2012-01-02T13:37:12.000Z,"Süddeutsche Zeitung
@SZ
·
2012年1月2日","Russland, Frankreich, China, USA: 2012 stehen hochkarätige Machtentscheidungen an. Die Chancen und Risiken: http://bit.ly/u9NYoi (segi)",,,,,[],https://twitter.com/SZ/status/153832213216112640
Süddeutsche Zeitung,@SZ,2012-03-23T11:10:09.000Z,"Süddeutsche Zeitung
@SZ
·
2012年3月23日","Eine - wieder einmal - großartige Visualisierung  von den Kollegen des 
@guardian
: ""China: a decade of change"" http://bit.ly/GPZ1to (segi)
3
6",,,3,6,[],https://twitter.com/SZ/status/183148624446889984
Süddeutsche Zeitung,@SZ,2012-03-23T10:26:16.000Z,"Süddeutsche Zeitung
@SZ
·
2012年3月23日","Im Netz kursiert das Gerücht, es habe in China einen Staatsstreich gegeben. Doch keiner weiß Genaues. http://sz.de/1.1316256 (segi)
6
1",,,6,1,[],https://twitter.com/SZ/status/183137582794801152
Süddeutsche Zeitung,@SZ,2012-05-04T11:01:26.000Z,"Süddeutsche Zeitung
@SZ
·
2012年5月4日","Wer ist der US-Botschafter in China, der #Chen Zuflucht gewährte? Er heißt Locke - und gilt als unkonventionell http://sz.de/1.1348221 (mikö)
1
1
1",,1,1,1,[],https://twitter.com/SZ/status/198366722498117633
Süddeutsche Zeitung,@SZ,2012-05-08T09:28:19.000Z,"Süddeutsche Zeitung
@SZ
·
2012年5月8日","Wie Microblogs China demokratisieren: 
@kopfzeiler
 interviewt den bekannten Aktivisten 
@isaac
. http://sz.de/1.1351190 (bbr)
1
2",,,1,2,[],https://twitter.com/SZ/status/199792838714720256
Süddeutsche Zeitung,@SZ,2012-06-02T11:23:58.000Z,"Süddeutsche Zeitung
@SZ
·
2012年6月2日","Großplagiat: Das bekannte österreichische Bergdorf #Hallstatt gibt es nun auch in China - komplett nachgebaut. http://sz.de/1.1372705
2
4
1",,2,4,1,[],https://twitter.com/SZ/status/208881638459973633
Süddeutsche Zeitung,@SZ,2012-07-14T12:00:24.000Z,"Süddeutsche Zeitung
@SZ
·
2012年7月14日","Olympische US-Trikots ""made in China""? Das geht gar nicht, protestieren amerikanische Politiker. #London2012 http://sz.de/1.1412513 (holz)
1",,,1,,[],https://twitter.com/SZ/status/224111098826199040
Süddeutsche Zeitung,@SZ,2012-08-19T09:11:58.000Z,"Süddeutsche Zeitung
@SZ
·
2012年8月19日","China ist empört: Nationalistische Japaner hissen ihre Landesflagge auf einer der umstrittenen Senkaku-Inseln http://sz.de/1.1444503 (gba)
4
2",,,4,2,[],https://twitter.com/SZ/status/237114673336573952
Süddeutsche Zeitung,@SZ,2012-07-30T16:24:27.000Z,"Süddeutsche Zeitung
@SZ
·
2012年7月31日","Bekenntnisse einer #Olympia-Gewinnerin: Lu Ying berichtet über den Drill beim Training in #China #London2012  http://sz.de/1.1426677 (ld)
sueddeutsche.de
Schwimmerin Lu Ying - Besser mit Barbecue
Silber-Gewinnerin Lu Ying reflektiert Chinas Drill-Dreiklang: Lernen, Trainieren und Schlafen. Erst beim Training in Australien erfuhr sie, dass sich harte Arbeit und Spaß nicht ausschließen müssen -...
1",,,1,,[],https://twitter.com/SZ/status/229975753461207040
Süddeutsche Zeitung,@SZ,2012-09-18T06:56:02.000Z,"Süddeutsche Zeitung
@SZ
·
2012年9月18日","Streit um Inseln: Chinesische Demonstranten fordern Krieg mit #Japan http://sz.de/1.1470820 #inselstreit #china #senkaku (odg)
3",,,3,,[],https://twitter.com/SZ/status/247952101211254784
Süddeutsche Zeitung,@SZ,2012-09-17T12:04:48.000Z,"Süddeutsche Zeitung
@SZ
·
2012年9月17日","Chinesische Großbank will in Europa investieren - und kauft womöglich ein hiesiges Geldhaus http://sz.de/1.1469976  #china #euro #banken (odg)
3",,,3,,[],https://twitter.com/SZ/status/247667415880695808
Süddeutsche Zeitung,@SZ,2012-09-17T18:40:38.000Z,"Süddeutsche Zeitung
@SZ
·
2012年9月18日",Heikle Doppelrolle: Im Inselstreit zwischen #China und #Japan sind die #USA zugleich Vermittler und Provokateur. http://sz.de/1.1470548 (ld),,,,,[],https://twitter.com/SZ/status/247767031951273984
Süddeutsche Zeitung,@SZ,2012-10-26T17:33:33.000Z,"Süddeutsche Zeitung
@SZ
·
2012年10月27日","Der Fall Wen #Jiabao zeigt, wie verdorben das politische System in #China wirklich ist: http://sz.de/1.1507650
3
1",,,3,1,[],https://twitter.com/SZ/status/261883276900311040
Süddeutsche Zeitung,@SZ,2012-10-14T14:00:34.000Z,"Süddeutsche Zeitung
@SZ
·
2012年10月14日","#Friedenspreis des Deutschen Buchhandels für Liao #Yiwu: In seiner Dankesrede attackiert er #China scharf http://sz.de/1.1495579
2",,,2,,[],https://twitter.com/SZ/status/257481022587928576
Süddeutsche Zeitung,@SZ,2012-11-08T10:20:39.000Z,"Süddeutsche Zeitung
@SZ
·
2012年11月8日","18. Parteikongress in #China: Eine neue Führung der Weltmacht formiert sich. http://sz.de/1.1511211
1
4
1",,1,4,1,[],https://twitter.com/SZ/status/266485377169256448
Süddeutsche Zeitung,@SZ,2012-11-11T13:48:28.000Z,"Süddeutsche Zeitung
@SZ
·
2012年11月11日","Stefan Kornelius kommentiert den Aufstieg und Fall zweier Weltmächte: #USA oder #China – welches System ist stärker?
sueddeutsche.de
Aufstieg und Fall zweier Weltmächte
US-Wahl und Parteitag in China: Fast zeitgleich entscheiden die beiden größten Mächte der Erde über ihre Vision der Zukunft. Die beiden Länder ringen um die Überlegenheit ihrer Systeme. In dem...
6
2",,,6,2,['https://pbs.twimg.com/card_img/1500395464801275911/22dlzl_Z?format=jpg&name=medium'],https://twitter.com/SZ/status/267624839471300608
Süddeutsche Zeitung,@SZ,2012-11-09T10:31:26.000Z,"Süddeutsche Zeitung
@SZ
·
2012年11月9日","""#China verstehen"": 
@kopfzeiler
 hat mit dem Sinologen Wolfgang #Kubin über den Machtwechsel in China gesprochen. http://sz.de/1.1518128
5
1",,,5,1,[],https://twitter.com/SZ/status/266850476308455425
Süddeutsche Zeitung,@SZ,2012-12-08T11:59:23.000Z,"Süddeutsche Zeitung
@SZ
·
2012年12月8日","Bosch will Überwachungstechnik nach China verkaufen – Menschenrechtler befürchten Einsatz in Gefängnissen. http://sz.de/1.1544971
1
3
2",,1,3,2,[],https://twitter.com/SZ/status/277381861234339840
Süddeutsche Zeitung,@SZ,2012-12-08T16:10:43.000Z,"Süddeutsche Zeitung
@SZ
·
2012年12月9日","Umstrittene Begräbnisreform in #China: Gräber sollen verschwinden um Nutzland zu gewinnen. Die Bevölkerung ist entsetzt http://sz.de/1.1544995
1
3
1",,1,3,1,[],https://twitter.com/SZ/status/277445109350559744
