UserScreenName,UserName,Timestamp,Text,Embedded_text,Emojis,Comments,Likes,Retweets,Image link,Tweet URL
Süddeutsche Zeitung,@SZ,2019-01-05T15:57:41.000Z,"Süddeutsche Zeitung
@SZ
·
2019年1月5日","Strafzölle, Netzspionage, Provokationen auf See: China trägt mit vielen Ländern Konflikte aus - vor allem mit den USA https://sz.de/1.4275665
7
1
7",,7,1,7,[],https://twitter.com/SZ/status/1081580504741281792
Süddeutsche Zeitung,@SZ,2019-01-03T05:43:31.000Z,"Süddeutsche Zeitung
@SZ
·
2019年1月3日","Raumfahrt: China gelingt erste Landung auf Rückseite des Mondes
sueddeutsche.de
China landet erstmals Sonde auf Mondrückseite
Staatsmedien berichten, das Gerät mit dem Namen Chang'e 4 habe erfolgreich aufgesetzt. Die Landung auf der der Erde abgewandten Seite des Mondes gilt als äußerst schwierig.
2
11
17",,2,11,17,[],https://twitter.com/SZ/status/1080701166365933569
Süddeutsche Zeitung,@SZ,2019-01-03T04:49:31.000Z,"Süddeutsche Zeitung
@SZ
·
2019年1月3日","EIL: China landet als erste Nation Sonde auf Rückseite des Mondes
sueddeutsche.de
China landet erstmals Sonde auf Mondrückseite
Staatsmedien berichten, das Gerät mit dem Namen Chang'e 4 habe erfolgreich aufgesetzt. Die Landung auf der der Erde abgewandten Seite des Mondes gilt als äußerst schwierig.
4
5
11",,4,5,11,[],https://twitter.com/SZ/status/1080687578985259008
Süddeutsche Zeitung,@SZ,2019-01-10T08:40:07.000Z,"Süddeutsche Zeitung
@SZ
·
2019年1月10日","Deutsche Industrie fordert härteren Kurs gegenüber China: Der BDI sieht einen ""Systemwettbewerb"" zwischen den beiden Wirtschaften - und fordert schärfere Kontrollen chinesischer Investitionen
sueddeutsche.de
Deutsche Industrie fordert harten Kurs gegenüber China
Der BDI sieht einen ""Systemwettbewerb"" zwischen den beiden Wirtschaften - und fordert schärfere Kontrollen chinesischer Investitionen.
1
10
13",,1,10,13,[],https://twitter.com/SZ/status/1083282326321270785
Süddeutsche Zeitung,@SZ,2019-01-04T11:04:09.000Z,"Süddeutsche Zeitung
@SZ
·
2019年1月4日","Seit Wochen wird in sozialen Netzwerken in China ein neues Schriftzeichen geteilt. Es bedeutet: ""hässlich und so arm, dass man Dreck fressen muss"" - und ist ein Symbol des Protests gegen die wachsende Ungleichheit im Land.
sueddeutsche.de
Wenn der chinesische Traum unerfüllt bleibt
In China haben Internetnutzer ein neues Schriftzeichen kreiert.. Es bedeutet: ""hässlich und so arm, dass man Dreck fressen muss"".
3
6
20",,3,6,20,['https://pbs.twimg.com/card_img/1501879226076733442/g8HHHXNj?format=jpg&name=medium'],https://twitter.com/SZ/status/1081144247150092288
Süddeutsche Zeitung,@SZ,2019-01-03T12:34:37.000Z,"Süddeutsche Zeitung
@SZ
·
2019年1月3日","Als erster Nation ist es China gelungen, eine Sonde auf der Rückseite des Monds zu landen. Die Raumfahrt wird wieder zum Symbol für den Wettstreit der Systeme, kommentiert 
@christophgiesen
.
sueddeutsche.de
Sonde auf Mond: Chinas Streben nach Dominanz
Als erster Nation ist es China gelungen, eine Sonde auf der Rückseite des Monds zu landen. Die Raumfahrt wieder zum Symbol für den Wettstreit der Systeme geworden.
7
4
9",,7,4,9,[],https://twitter.com/SZ/status/1080804626381893632
Süddeutsche Zeitung,@SZ,2019-01-03T14:40:37.000Z,"Süddeutsche Zeitung
@SZ
·
2019年1月3日","Mit der ersten Landung auf der Rückseite vom #Mond gelingt #China ein Raumfahrt-Coup. Doch was will die Volksrepublik dort eigentlich?
sueddeutsche.de
Was China auf der Rückseite des Mondes will
China gelingt mit der Raumsonde ""Chang'e 4"" die erste Landung auf der ""dunklen Seite"" des Mondes. Die Rückseite des Mondes ist noch wenig erforscht.
9
1
14",,9,1,14,[],https://twitter.com/SZ/status/1080836331482345473
Süddeutsche Zeitung,@SZ,2019-01-08T00:55:21.000Z,"Süddeutsche Zeitung
@SZ
·
2019年1月8日","Kim Jong Un absolviert nach Angaben von Staatsmedien einen mehrtägigen Besuch in China. Bei dem Treffen könnte es auch um Donald Trump gehen. https://sz.de/1.4278805
1
7
4",,1,7,4,[],https://twitter.com/SZ/status/1082440586525884417
Süddeutsche Zeitung,@SZ,2019-01-03T05:01:31.000Z,"Süddeutsche Zeitung
@SZ
·
2019年1月3日","Raumfahrt: China landet als erste Nation Sonde auf Rückseite des Mondes
sueddeutsche.de
China landet erstmals Sonde auf Mondrückseite
Staatsmedien berichten, das Gerät mit dem Namen Chang'e 4 habe erfolgreich aufgesetzt. Die Landung auf der der Erde abgewandten Seite des Mondes gilt als äußerst schwierig.
2
2
4",,2,2,4,[],https://twitter.com/SZ/status/1080690596044513286
Süddeutsche Zeitung,@SZ,2019-01-12T17:03:54.000Z,"Süddeutsche Zeitung
@SZ
·
2019年1月13日","In China boomt die Kartoffel: Die Regierung hofft, mit der Knolle Armut und Wasserknappheit im Land zu bekämpfen. Dafür werden auch in Universitäten und Staatsunternehmen die Speisepläne umgestellt. https://sz.de/1.4279106
5
8
19",,5,8,19,[],https://twitter.com/SZ/status/1084133883409502209
Süddeutsche Zeitung,@SZ,2019-01-19T11:07:42.000Z,"Süddeutsche Zeitung
@SZ
·
2019年1月19日","Besuch in China: In Peking hat Scholz keine Zeit für Menschenrechte https://sz.de/1.4293469
14
8
15",,14,8,15,[],https://twitter.com/SZ/status/1086580956906045440
Süddeutsche Zeitung,@SZ,2019-01-17T08:06:56.000Z,"Süddeutsche Zeitung
@SZ
·
2019年1月17日","Bundesfinanzminister Scholz will in China erreichen, dass deutsche Banken und Versicherer in dem Land tätig werden dürfen. Der Zeitpunkt dafür ist günstig:
sueddeutsche.de
Olaf Scholz: Ein Handlungsreisender in Peking
Der Bundesfinanzminister will erreichen, dass deutsche Banken und Versicherer in China tätig werden dürfen. Der Zeitpunkt dafür ist günstig.
5
4
4",,5,4,4,[],https://twitter.com/SZ/status/1085810688646352896
Süddeutsche Zeitung,@SZ,2019-01-11T17:27:00.000Z,"Süddeutsche Zeitung
@SZ
·
2019年1月12日","Der Gentechnik-Forscher He Jiankui ist aus der Öffentlichkeit verschwunden, vermutlich steht der Erschaffer der #Crispr Babys in China unter Hausarrest. Welche Strafe droht ihm? https://sz.de/1.4284057
4
5
5",,4,5,5,[],https://twitter.com/SZ/status/1083777308681486336
Süddeutsche Zeitung,@SZ,2019-01-18T13:04:44.000Z,"Süddeutsche Zeitung
@SZ
·
2019年1月18日","Die EU-Kommission fürchtet um den Wettbewerb in Europa. Die Fusion zwischen den Zugherstellern Siemens und Alstom könnte deshalb platzen. Profitieren dürfte die Konkurrenz aus China. https://sz.de/1.4291599
1
3
4",,1,3,4,[],https://twitter.com/SZ/status/1086248022634360832
Süddeutsche Zeitung,@SZ,2019-01-11T14:45:01.000Z,"Süddeutsche Zeitung
@SZ
·
2019年1月11日","Wer hängt noch in China fest? Anthony #Modeste - über einen Transfer des 
@fckoeln
, der langsam zum Problem wird. https://sz.de/1.4282611
1
4
9",,1,4,9,[],https://twitter.com/SZ/status/1083736545197285378
Süddeutsche Zeitung,@SZ,2019-01-18T07:25:27.000Z,"Süddeutsche Zeitung
@SZ
·
2019年1月18日","Banken und Finanzinstitute machen bislang kaum Geschäfte in China. Das soll sich nun ändern - zur Freude deutscher Unternehmen https://sz.de/1.4293164
2
5",,2,,5,[],https://twitter.com/SZ/status/1086162638642524161
Süddeutsche Zeitung,@SZ,2019-01-29T17:18:19.000Z,"Süddeutsche Zeitung
@SZ
·
2019年1月30日",".
@oekotest
 unter Verdacht:Das Verbrauchermagazin soll Werbekunden zu hohe Auflagenzahlen für Sonderhefte genannt haben. Auch millionenteure China-Pläne geraten nun in den Fokus.
sueddeutsche.de
Verbraucherschutz - ""Öko-Test"" unter Verdacht
Das Verbrauchermagazin soll Werbekunden zu hohe Auflagenzahlen genannt haben. Auch millionenteure China-Pläne geraten nun in den Fokus.
5
4
3",,5,4,3,['https://pbs.twimg.com/card_img/1500432970221596673/9kHvzKIo?format=jpg&name=medium'],https://twitter.com/SZ/status/1090298102442065921
Süddeutsche Zeitung,@SZ,2019-01-29T18:51:13.000Z,"Süddeutsche Zeitung
@SZ
·
2019年1月30日","Amerikanische Behörden überziehen Huawei mit Vorwürfen. Im Hintergrund tobt aber ein viel größerer Konflikt zwischen den USA und China. Die Technologiebranche ist das erste Feld, auf dem die Schlacht ausgetragen wid. https://sz.de/1.4307943
2
11
15",,2,11,15,[],https://twitter.com/SZ/status/1090321481672855553
Süddeutsche Zeitung,@SZ,2019-01-21T15:29:59.000Z,"Süddeutsche Zeitung
@SZ
·
2019年1月21日","China bestätigt die Geburt der ersten #Crispr-Babys. Ein weiteres gentechnisch verändertes Kind ist unterwegs. Dem Forscher He droht der Prozess.
sueddeutsche.de
China bestätigt Geburt der Crispr-Babys
Ein weiteres gentechnisch verändertes Kind ist unterwegs, dem Forscher He droht nun der Prozess.
2
15
10",,2,15,10,['https://pbs.twimg.com/card_img/1500785401069506561/u45QK19D?format=jpg&name=medium'],https://twitter.com/SZ/status/1087371737602367489
Süddeutsche Zeitung,@SZ,2019-01-24T13:10:28.000Z,"Süddeutsche Zeitung
@SZ
·
2019年1月24日","Seit Mittwoch wird Microsofts Suchmaschine ""Bing"" in China blockiert. Andere Tech-Unternehmen verfolgen die Entwicklung mit Sorge. Beobachter vermuten, dass China aus Angst vor Protesten die Zensur im Netz verstärkt. https://sz.de/1.4301530
1
11
13",,1,11,13,[],https://twitter.com/SZ/status/1088423789573099527
Süddeutsche Zeitung,@SZ,2019-01-21T07:13:58.000Z,"Süddeutsche Zeitung
@SZ
·
2019年1月21日","Interview am Morgen: Konjunkturschwäche in China: ""Die chinesische Regierung hat die USA unterschätzt""
sueddeutsche.de
China - Schwaches Wachstum, aber kein Grund zur Sorge
Die USA zeigen sich bereit, die Kosten des Handelsstreits zu tragen. Damit hat Peking nicht gerechnet, sagt Doris Fischer.
4
8
7",,4,8,7,['https://pbs.twimg.com/card_img/1501793807536467970/Ax3oD3k9?format=jpg&name=medium'],https://twitter.com/SZ/status/1087246909956341761
Süddeutsche Zeitung,@SZ,2019-01-25T07:36:29.000Z,"Süddeutsche Zeitung
@SZ
·
2019年1月25日","Seit Mittwoch ist Microsofts Suchmaschine Bing in China nicht zu erreichen. https://sz.de/1.4301530
3
5
2",,3,5,2,[],https://twitter.com/SZ/status/1088702129559293952
Süddeutsche Zeitung,@SZ,2019-01-21T15:14:59.000Z,"Süddeutsche Zeitung
@SZ
·
2019年1月21日","Die Bundesregierung will Cyberangriffe aus Asien verhindern. Dazu strebt sie einen Pakt mit Peking an. Doch China ziert sich - und die USA machen Druck, keine Huawei-Technik zu verwenden https://sz.de/1.4295154
4
3
5",,4,3,5,[],https://twitter.com/SZ/status/1087367962179325953
Süddeutsche Zeitung,@SZ,2019-01-29T13:39:20.000Z,"Süddeutsche Zeitung
@SZ
·
2019年1月29日","Das Werben des 
@fcbayern
 um #Hudson-Odoi ist wohl aussichtslos - geht Sandro #Wagner nach China? Auch um #Özil gibt es Spekulationen. Vollzugsmeldungen und Gerüchte vom Transfermarkt: https://sz.de/1.4308219
1
1",,1,,1,[],https://twitter.com/SZ/status/1090242995427962881
Süddeutsche Zeitung,@SZ,2019-01-29T15:30:23.000Z,"Süddeutsche Zeitung
@SZ
·
2019年1月29日","Seine letzte Provokation: Sandro Wagner könnte den 
@FCBayern
 in Richtung China verlassen. Callum Hudson-Odoi kommt wohl nicht: https://sz.de/1.4308371
1
2",,1,,2,[],https://twitter.com/SZ/status/1090270940733362176
Süddeutsche Zeitung,@SZ,2019-01-21T08:58:57.000Z,"Süddeutsche Zeitung
@SZ
·
2019年1月21日","Konjunkturschwäche in China: ""Die chinesische Regierung hat die USA unterschätzt""
sueddeutsche.de
China - Schwaches Wachstum, aber kein Grund zur Sorge
Die USA zeigen sich bereit, die Kosten des Handelsstreits zu tragen. Damit hat Peking nicht gerechnet, sagt Doris Fischer.
2
2
8",,2,2,8,['https://pbs.twimg.com/card_img/1501793807536467970/Ax3oD3k9?format=jpg&name=medium'],https://twitter.com/SZ/status/1087273330598658049
Süddeutsche Zeitung,@SZ,2019-02-05T06:38:03.000Z,"Süddeutsche Zeitung
@SZ
·
2019年2月5日","Bundeskanzlerin Merkel hat vor einem naiven Umgang mit Nordkoreas Atomprogramm gewarnt. Bei ihrem Besuch in Japan forderte die Kanzlerin zudem China auf, mehr internationale Verantwortung zu übernehmen.
sueddeutsche.de
Merkel warnt vor naivem Umgang mit Nordkorea
Bundeskanzlerin Angela Merkel spricht bei ihrem Japan-Besuch mit Studenten in Tokio zudem über China, Huawei und die WTO.
1
4
18",,1,4,18,[],https://twitter.com/SZ/status/1092673690666524673
Süddeutsche Zeitung,@SZ,2019-01-31T18:07:38.000Z,"Süddeutsche Zeitung
@SZ
·
2019年2月1日","Trump, #Kaepernick, Expansion nach China? 
@NFL
-Boss #Goodell rauscht bei einem Gesprächstermin durch sämtlich Themen des US-Sports - sein Ziel ist klar: Das ganz große Geschäft. https://sz.de/1.4311312
1
2
4",,1,2,4,[],https://twitter.com/SZ/status/1091035291748655104
Süddeutsche Zeitung,@SZ,2019-02-16T17:28:22.000Z,"Süddeutsche Zeitung
@SZ
·
2019年2月17日","USA und China streiten sich auf der Münchner Sicherheitskonferenz #MSC2019  über Huawei, berichten 
@matikolb
 und 
@pkr77
 https://sz.de/1.4333309
1
2
5",,1,2,5,[],https://twitter.com/SZ/status/1096823616098820097
Süddeutsche Zeitung,@SZ,2019-02-10T10:26:38.000Z,"Süddeutsche Zeitung
@SZ
·
2019年2月10日","Streit zwischen Ankara und Peking: Türkei fordert von China, ""Konzentrationslager"" für Uiguren zu schließen https://sz.de/1.4323787
19
50
63",,19,50,63,[],https://twitter.com/SZ/status/1094543154215350273
Süddeutsche Zeitung,@SZ,2019-02-16T10:08:28.000Z,"Süddeutsche Zeitung
@SZ
·
2019年2月16日","Münchner Sicherheitskonferenz: Merkel fordert China zu Mitwirkung bei internationaler Abrüstung auf
sueddeutsche.de
Merkel fordert China zu Mitwirkung bei internationaler Abrüstung auf
Nach der Kündigung des INF-Vertrags gehe das Thema Abrüstung nicht nur Russland und die USA an, sagt die Kanzlerin - ""sondern auch China"". US-Vize-Präsident Pence stellt Forderungen an die Europäer.
6
8
21",,6,8,21,[],https://twitter.com/SZ/status/1096712909256904710
Süddeutsche Zeitung,@SZ,2019-02-15T18:32:31.000Z,"Süddeutsche Zeitung
@SZ
·
2019年2月16日","Zwischen Russland und der Nato droht Wettrüsten, zwischen USA und China ein Handelskrieg. Dann verhängt Trump noch den Notstand. Wie die Münchner Sicherheitskonferenz versucht, Ordnung ins Chaos zu bringen, schreiben 
@dbroessler
 und 
@pkr77
. #SiKo #MSC2019
sueddeutsche.de
Die Weltgemeinschaft sucht nach Lösungen
Wettrüsten, Handelskrieg, US-Notstand: Die Teilnehmer der 55. Münchner Sicherheitskonferenz versuchen Ordnung zu schaffen und mit den Drohungen der Welt umzugehen.
4
5
12",,4,5,12,[],https://twitter.com/SZ/status/1096477369941061634
Süddeutsche Zeitung,@SZ,2019-02-14T11:12:53.000Z,"Süddeutsche Zeitung
@SZ
·
2019年2月14日","Ein Mann nach Trumps Geschmack: Der US-Präsident und Robert Lighthizer sind Seelenverwandte, wenn es um Handelspolitik geht. Und sie haben einen gemeinsamen Feind: China. https://sz.de/1.4328373
1
1
3",,1,1,3,[],https://twitter.com/SZ/status/1096004347366989825
Süddeutsche Zeitung,@SZ,2019-02-19T09:25:14.000Z,"Süddeutsche Zeitung
@SZ
·
2019年2月19日","""Sie wird überall sein und jeden Teil unseres Lebens verändern"":  Wer wird die Künstliche Intelligenz am wirksamsten einsetzen? China? Die USA? Russland? Über das aktuelle große Thema der Sicherheitsapparate schreibt 
@matikolb
.
sueddeutsche.de
Künstliche Intelligenz: ""Sie wird überall sein""
Cyber-Sicherheit, der Mobilfunk-Standard und Künstliche Intelligenz rücken nicht nur durch die Münchner Sicherheitskonferenz in den Fokus.
1
2",,,1,2,[],https://twitter.com/SZ/status/1097789192522874880
Süddeutsche Zeitung,@SZ,2019-02-18T11:45:53.000Z,"Süddeutsche Zeitung
@SZ
·
2019年2月18日","Im Ringen um die Vorherrschaft in Nordostasien will sich US-Präsident Trump gegenüber China strategische Vorteile verschaffen, indem er vor den Augen der Welt Frieden schließt mit Nordkoreas Diktator Kim. https://sz.de/1.4333644
2
1
6",,2,1,6,[],https://twitter.com/SZ/status/1097462202834014209
Süddeutsche Zeitung,@SZ,2019-02-20T09:43:25.000Z,"Süddeutsche Zeitung
@SZ
·
2019年2月20日","Vor heiklem Jahrestag: China sperrt Tibet für ausländische Touristen
sueddeutsche.de
China sperrt Tibet für ausländische Touristen
Über den 60. Jahrestag der Flucht des Dalai Lama am 10. März sollen keine Ausländer ins Land gelassen werden.
2
9
7",,2,9,7,[],https://twitter.com/SZ/status/1098156159062675456
Süddeutsche Zeitung,@SZ,2019-02-20T04:22:22.000Z,"Süddeutsche Zeitung
@SZ
·
2019年2月20日","Viele erfolgreichen Hackerangriffe gegen Unternehmen kommen nicht von organisierter Kriminalität oder von Staaten wie Russland und China, sondern von aktuellen oder ehemaligen Mitarbeitern. https://sz.de/1.4335020
2
8
14",,2,8,14,[],https://twitter.com/SZ/status/1098075363819880448
Süddeutsche Zeitung,@SZ,2019-02-25T04:50:22.000Z,"Süddeutsche Zeitung
@SZ
·
2019年2月25日","#Handelsstreit zwischen #USA und #China: #Trump sieht bei den Gesprächen mit Peking ""erhebliche Fortschritte"" und verschiebt deshalb den Stichtag für weitere Strafzölle. https://sz.de/1.4343920
2
3",,,2,3,[],https://twitter.com/SZ/status/1099894346902618112
Süddeutsche Zeitung,@SZ,2019-03-06T11:29:03.000Z,"Süddeutsche Zeitung
@SZ
·
2019年3月6日","Die BMW-Tochter hat viel vor: Drei neue Modelle kommen aus China, eines aus Europa. Darunter auch ein Kleinst-Elektroauto. Mehr als 5000 pro Jahr will Mini davon aber nicht bauen. https://sz.de/1.4346074
1
1
7",,1,1,7,[],https://twitter.com/SZ/status/1103256170452709376
Süddeutsche Zeitung,@SZ,2019-03-06T14:23:01.000Z,"Süddeutsche Zeitung
@SZ
·
2019年3月6日","Um den Hunger nach #Fisch zu stillen, fischen Industrieschiffe aus #Europa und #China vor Senegals Küste. Die EU fördert damit, was sie eigentlich bekämpfen will: die #Migration.
sueddeutsche.de
Wie die EU Fischern in Afrika die Lebensgrundlage nimmt
Um den Hunger nach Fisch zu stillen, fischen Industrieschiffe aus Europa und China vor Senegals Küste. Die EU fördert damit, was sie eigentlich bekämpfen will: die Migration.
13
71
98",,13,71,98,['https://pbs.twimg.com/card_img/1501031110188412933/4nWcnqBz?format=jpg&name=medium'],https://twitter.com/SZ/status/1103299952695001088
Süddeutsche Zeitung,@SZ,2019-03-07T12:29:32.000Z,"Süddeutsche Zeitung
@SZ
·
2019年3月7日","Darf #Huawei beim deutschen #Netzausbau mitmachen? Die USA sperren den Konzern bereits aus, weshalb der Fall jetzt vor Gericht kommt - in China wäre das undenkbar. #5G https://sz.de/1.4358598
7
7
12",,7,7,12,[],https://twitter.com/SZ/status/1103633779791409152
Süddeutsche Zeitung,@SZ,2019-03-11T13:52:53.000Z,"Süddeutsche Zeitung
@SZ
·
2019年3月11日","Gibt es einen Zusammenhang zwischen dem Unglück mit 157 Toten in Äthiopien und dem Absturz einer ""Boeing 737 Max"" Ende Oktober in Indonesien? China und Indonesien verbieten den Einsatz des Modells bis auf Weiteres.
sueddeutsche.de
Boeing 737 Max - Zwei Abstürze in fünf Monaten
Erst vor kurzem ist in Indonesien eine ""Boeing 737 Max"" verunglückt. China und Indonesien verbieten nun vorerst den Einsatz des Modells.
2
4
19",,2,4,19,[],https://twitter.com/SZ/status/1105104307312041984
Süddeutsche Zeitung,@SZ,2019-03-11T05:37:50.000Z,"Süddeutsche Zeitung
@SZ
·
2019年3月11日","Boeing in Bedrängnis: Nach dem Absturz mit 157 Toten lässt  China die Unglücksmaschine Boeing 737 Max am Boden. Auch die Fluggesellschaft Ethiopian Airlines vorerst auf baugleiche Maschinen des amerikanischen Herstellers verzichten. https://sz.de/1.4362540
1
2
8",,1,2,8,[],https://twitter.com/SZ/status/1104979725494161409
Süddeutsche Zeitung,@SZ,2019-03-04T13:08:42.000Z,"Süddeutsche Zeitung
@SZ
·
2019年3月4日","China will in Peking 2022 eine Weltmacht werden - auf der Skipiste. Unterwegs mit Ski-Hoffnungen, die zum ersten Mal Schnee sehen. Reportage von 
@groebnerthomas
 https://sz.de/1.4351232
4
5",,,4,5,[],https://twitter.com/SZ/status/1102556472100171777
Süddeutsche Zeitung,@SZ,2019-03-04T06:29:36.000Z,"Süddeutsche Zeitung
@SZ
·
2019年3月4日","""Wir brauchen keine neuen Versprechen, sondern Reformen"" - 
@DAndreaCarloD
 spricht mit 
@Lea_Deuber
 über den Volkskongress in China. https://sz.de/1.4351520
6
5",,,6,5,[],https://twitter.com/SZ/status/1102456036353548288
Süddeutsche Zeitung,@SZ,2019-03-19T17:26:37.000Z,"Süddeutsche Zeitung
@SZ
·
2019年3月20日","VW-Chef Herbert Diess hat Recht: Die deutschen Hersteller müssen sich radikal auf E-Autos umstellen. Sofort. Sonst macht China das große Geschäft, kommentiert Joachim Becker
sueddeutsche.de
Elektromobilität: Auto-Boss mit Weitblick
VW-Chef Herbert Diess hat Recht: Die deutschen Hersteller müssen sich radikal auf E-Autos umstellen. Sonst macht China das große Geschäft.
46
43
114",,46,43,114,[],https://twitter.com/SZ/status/1108057198360444928
Süddeutsche Zeitung,@SZ,2019-03-14T11:41:28.000Z,"Süddeutsche Zeitung
@SZ
·
2019年3月14日","Nach der Geburt genmanipulierter Mädchen in China dringen Forscher auf ein Moratorium für den Einsatz der Genschere ""Crispr-Cas9"" beim Menschen. Doch die Wissenschaftlich ist gespalten.
sueddeutsche.de
Moratorium soll ""Crispr""-Eingriff am Menschen stoppen
Nach der Geburt genmanipulierter Babys in China fordern Forscher wie Emmanuelle Charpentier ein Moratorium für den Einsatz von Crispr-Cas9.
2
10
16",,2,10,16,['https://pbs.twimg.com/card_img/1500527159668097024/0DzG97Bi?format=jpg&name=medium'],https://twitter.com/SZ/status/1106158397764841472
Süddeutsche Zeitung,@SZ,2019-03-18T10:22:38.000Z,"Süddeutsche Zeitung
@SZ
·
2019年3月18日","Monatelang haben EU-Experten an einer europäischen Strategie gegenüber dem Rivalen China gefeilt. Im Mittelpunkt steht der Schutz der eigenen Infrastruktur vor Pekings Expansionsdrang.
sueddeutsche.de
EU und China - Europa zeigt mehr Selbstbewusstsein
Monatelang haben EU-Experten an einer europäischen Strategie gegenüber dem Rivalen China gefeilt.
4
4
16",,4,4,16,['https://pbs.twimg.com/card_img/1500681177660899329/sgafew0z?format=jpg&name=medium'],https://twitter.com/SZ/status/1107588112421715968
Süddeutsche Zeitung,@SZ,2019-03-15T12:44:49.000Z,"Süddeutsche Zeitung
@SZ
·
2019年3月15日","Einmal im Jahr soll es so aussehen, als gebe es eine freie Presse in China. Doch bei der Konferenz zum Ende des Volkskongresses ist alles inszeniert. Ein Vor-Ort-Bericht. https://sz.de/1.4369514
1
5
4",,1,5,4,[],https://twitter.com/SZ/status/1106536729618591744
Süddeutsche Zeitung,@SZ,2019-03-20T20:50:10.000Z,"Süddeutsche Zeitung
@SZ
·
2019年3月21日","Soll auch Deutschland die Wirtschaft stärker lenken, um den USA und China Paroli bieten zu können? Nein, denn mögliche politische Fehler lassen sich kaum korrigieren, kommentiert 
@pipernik
. https://sz.de/1.4375379
3
7",,,3,7,[],https://twitter.com/SZ/status/1108470810908471297
Süddeutsche Zeitung,@SZ,2019-03-15T15:20:45.000Z,"Süddeutsche Zeitung
@SZ
·
2019年3月15日","China fördert seine Unternehmen und verhilft ihnen zu globaler Macht. Brauchen wir europäische Champions? Kartellbehörden warnen vor übereilten Eingriffen der Politik. https://sz.de/1.4367733
4
5
6",,4,5,6,[],https://twitter.com/SZ/status/1106575972298645506
Süddeutsche Zeitung,@SZ,2019-03-26T12:00:14.000Z,"Süddeutsche Zeitung
@SZ
·
2019年3月26日","Zwischen China und dem Westen bahnen sich Konflikte an - es ist entscheidend, diese auszutragen. Denn es geht für Europa nicht nur um Aufträge, es geht um konkurrierende Menschenbilder, kommentiert Stefan Kornelius. https://sz.de/1.4381924
1
2
6",,1,2,6,[],https://twitter.com/SZ/status/1110511777257799681
Süddeutsche Zeitung,@SZ,2019-03-26T12:00:14.000Z,"Süddeutsche Zeitung
@SZ
·
2019年3月26日","Triumphbogen, Oper, Galadinner - Emmanuel Macron hat für seinen Gast Xi aus China eine Menge vorbereitet. Und dann kommt auch noch Angela Merkel vorbei. https://sz.de/1.4383436
3
4",,,3,4,[],https://twitter.com/SZ/status/1110511777098416129
Süddeutsche Zeitung,@SZ,2019-03-27T03:03:05.000Z,"Süddeutsche Zeitung
@SZ
·
2019年3月27日","Zuletzt waren Amerikaner 1972 auf dem Mond. Jetzt macht 
@VP
 Pence der 
@NASA
 bei der nächsten Mission Druck - er will Konkurrent China zuvorkommen und schon in fünf Jahren wieder US-Astronauten auf dem Erdtrabanten sehen. https://sz.de/1.4384779
1
10",,1,,10,[],https://twitter.com/SZ/status/1110738984680988672
Süddeutsche Zeitung,@SZ,2019-04-09T09:18:15.000Z,"Süddeutsche Zeitung
@SZ
·
2019年4月9日","Hongkong: Anführer der ""Regenschirm-Bewegung"" schuldig gesprochen. Sie hatten für mehr Demokratie und Unabhängigkeit von China demonstriert.
sueddeutsche.de
Hongkong - Anführer der ""Regenschirm-Bewegung"" schuldig
Die Anführer der Regenschirm-Bewegung von 2014 sind schuldig gesprochen worden. Sie hatten in Hongkong für mehr Demokratie demonstriert.
1
2
7",,1,2,7,[],https://twitter.com/SZ/status/1115544441274683392
Süddeutsche Zeitung,@SZ,2019-04-09T18:10:47.000Z,"Süddeutsche Zeitung
@SZ
·
2019年4月10日","Mit Härte hat die EU bei China Kompromisse erreicht. Europäer werden nicht mehr zu Technologietransfers gezwungen. 
@MatiKolb
 berichtet vom EU-China-Gipfel in Brüssel.
sueddeutsche.de
Peking bewegt sich
Mit Härte hat die EU bei China Kompromisse erreicht. Europäer werden nicht mehr zu Technologietransfers gezwungen.
2
7
15",,2,7,15,[],https://twitter.com/SZ/status/1115678458007433219
Süddeutsche Zeitung,@SZ,2019-04-08T21:12:13.000Z,"Süddeutsche Zeitung
@SZ
·
2019年4月9日","Chinas Premier Li wird am Dienstag zum EU-China-Gipfel in Brüssel erwartet. Die Europäer haben inzwischen erkannt, dass das Prinzip ""Wandel durch Handel"" nicht funktioniert - 
@Lea_Deuber
 berichtet
sueddeutsche.de
China und EU - Die Europäer haben sich Mut angespart
Premier Li wird zum EU-China-Gipfel in Brüssel erwartet. Die Europäer haben erkannt: Das Prinzip ""Wandel durch Handel"" funktioniert nicht.
2
13",,,2,13,[],https://twitter.com/SZ/status/1115361731025539072
Süddeutsche Zeitung,@SZ,2019-04-04T23:14:41.000Z,"Süddeutsche Zeitung
@SZ
·
2019年4月5日","Im Handelsstreit zwischen den USA und China kündigt Trump eine ""gewaltige Einigung an"" - innerhalb der nächsten vier Wochen: https://sz.de/1.4397735
1
4",,,1,4,[],https://twitter.com/SZ/status/1113942997748547584
Süddeutsche Zeitung,@SZ,2019-04-05T14:51:37.000Z,"Süddeutsche Zeitung
@SZ
·
2019年4月5日","Die Paarung von Pandas ist kompliziert. Doch ist die aus China nach Berlin ausgeliehene Bärin Meng Meng endlich empfängnisbereit.
sueddeutsche.de
Panda-Paarung: Nur wenn der Bambus sprießt
Die Paarung von Pandas ist kompliziert. Doch nun ist die aus China nach Berlin ausgeliehene Bärin Meng Meng empfängnisbereit.
1
8",,1,,8,[],https://twitter.com/SZ/status/1114178786109661184
Süddeutsche Zeitung,@SZ,2019-04-02T13:17:36.000Z,"Süddeutsche Zeitung
@SZ
·
2019年4月2日","Kleine Walzen aus grüner Jade sollen dabei helfen, Falten im Gesicht zu glätten. Und die Wunder-Walzen, die es schon im alten China gab, sollen noch viel mehr können. https://sz.de/1.4385975
2
2
4",,2,2,4,[],https://twitter.com/SZ/status/1113067963366719489
Süddeutsche Zeitung,@SZ,2019-04-13T07:22:01.000Z,"Süddeutsche Zeitung
@SZ
·
2019年4月13日","Großer Preis von China: Bottas holt sich die Pole vor Hamilton https://sz.de/1.4408858
4",,,,4,[],https://twitter.com/SZ/status/1116964743376457728
Süddeutsche Zeitung,@SZ,2019-04-14T07:54:32.000Z,"Süddeutsche Zeitung
@SZ
·
2019年4月14日","Formel 1: Sieg für Hamilton, Ärger bei Ferrari beim Großen Preis von China https://sz.de/1.4409073
2
1
3",,2,1,3,[],https://twitter.com/SZ/status/1117335313414795265
Süddeutsche Zeitung,@SZ,2019-04-13T08:40:01.000Z,"Süddeutsche Zeitung
@SZ
·
2019年4月13日","69 Jahre nach dem ersten Grand-Prix der Geschichte feiert die 
@F1
 ihr Jubiläumsrennen in China. Rückblick auf Skandale, Unfälle, Rivalitäten - und groteske Momente. Von 
@dreheranna
 und Philipp Schneider https://sz.de/1.4407402
3
11",,,3,11,[],https://twitter.com/SZ/status/1116984371985178626
Süddeutsche Zeitung,@SZ,2019-04-24T05:00:27.000Z,"Süddeutsche Zeitung
@SZ
·
2019年4月24日","Hongkong: Anführer der ""Regenschirm-Bewegung"" verurteilt. Sie hatten für mehr Demokratie und Unabhängigkeit von China demonstriert. https://sz.de/1.4419550
5
15
16",,5,15,16,[],https://twitter.com/SZ/status/1120915382188027904
Süddeutsche Zeitung,@SZ,2019-04-27T13:55:56.000Z,"Süddeutsche Zeitung
@SZ
·
2019年4月27日","Die Briten beteiligen Huawei streng kontrolliert am Aufbau des 5G-Netzes. Alle Europäer sollten folgen. Und so die technische Abhängigkeit von China und den USA reduzieren. https://sz.de/1.4422759
5
10
22",,5,10,22,[],https://twitter.com/SZ/status/1122137304947200000
Süddeutsche Zeitung,@SZ,2019-04-22T11:47:46.000Z,"Süddeutsche Zeitung
@SZ
·
2019年4月22日","Das Video eines brennenden Tesla-Modells sorgt in China für Aufregung. Der Autohersteller schickt ein Team nach Fernost.
sueddeutsche.de
Erneut fängt ein Tesla Feuer
Das Video eines brennenden Tesla-Modells sorgt in China für Aufregung. Der Autohersteller schickt ein Team nach Fernost.
6
2
7",,6,2,7,['https://pbs.twimg.com/card_img/1500906793865818112/Lz59Uqj3?format=jpg&name=medium'],https://twitter.com/SZ/status/1120293113199759360
Süddeutsche Zeitung,@SZ,2019-04-26T11:57:20.000Z,"Süddeutsche Zeitung
@SZ
·
2019年4月26日","Russland ist auf China angewiesen: Bei der Seidenstraße versucht der Kreml, mit China gemeinsame Sache zu machen - kann allerdings mit dessen großer Wirtschaftskraft kaum mithalten.
sueddeutsche.de
Russland ist auf China angewiesen
Russland versucht, mit China bei der Seidenstraße gemeinsame Sache zu machen - kann allerdings mit dessen Wirtschaftskraft kaum mithalten.
2
5
9",,2,5,9,['https://pbs.twimg.com/card_img/1498608269660667907/aug_fpk-?format=jpg&name=medium'],https://twitter.com/SZ/status/1121745069743202304
Süddeutsche Zeitung,@SZ,2019-04-26T07:48:16.000Z,"Süddeutsche Zeitung
@SZ
·
2019年4月26日","Projekt #Seidenstraße: Investitionen in andere Länder, Kredite, neue Handelswege - so weitet #China seinen Einfluss aus. Für arme Partner wie Kirgisistan kann das riskant sein. Von 
@Lea_Deuber
sueddeutsche.de
Die große chinesische Verführung
Investitionen, Kredite, neue Handelswege - so weitet China seinen Einfluss aus. Für arme Partner wie Kirgisistan kann das riskant sein.
4
7
6",,4,7,6,['https://pbs.twimg.com/card_img/1501806302816874496/wnYM7ZlJ?format=jpg&name=medium'],https://twitter.com/SZ/status/1121682389384609799
Süddeutsche Zeitung,@SZ,2019-04-30T07:58:40.000Z,"Süddeutsche Zeitung
@SZ
·
2019年4月30日","China und das Silicon Valley wetteifern um die Vorherrschaft bei künstlicher Intelligenz. Und Deutschland? Debattiert über Risiken und Nebenwirkungen. https://sz.de/1.4426166
1
3
10",,1,3,10,[],https://twitter.com/SZ/status/1123134560366149632
Süddeutsche Zeitung,@SZ,2019-04-26T18:45:20.000Z,"Süddeutsche Zeitung
@SZ
·
2019年4月27日","China wirbt bei einer Konferenz in Peking vor Vertretern von 100 Staaten für seine ""neue Seidenstraße"" und verspricht Reformen. Viele im Westen sehen das Projekt kritisch: https://sz.de/1.4422978
4
5",,4,,5,[],https://twitter.com/SZ/status/1121847745885736960
Süddeutsche Zeitung,@SZ,2019-05-06T19:33:58.000Z,"Süddeutsche Zeitung
@SZ
·
2019年5月7日","Der Handelsstreit mit China zeigt: Der US-Präsident will kurzfristig punkten. Dass er längerfristig seinem Land schadet, ist ihm egal. https://sz.de/1.4434120
4
7
26",,4,7,26,[],https://twitter.com/SZ/status/1125483866402242560
Süddeutsche Zeitung,@SZ,2019-05-10T18:26:05.000Z,"Süddeutsche Zeitung
@SZ
·
2019年5月11日","Wie geht es weiter im Handelsstreit? US-Präsident Trump hat nicht geblufft - der Zollkonflikt zwischen den größten Volkswirtschaften USA und China eskaliert. https://sz.de/1.4440926
4
4
6",,4,4,6,[],https://twitter.com/SZ/status/1126916334615433216
Süddeutsche Zeitung,@SZ,2019-05-05T16:57:09.000Z,"Süddeutsche Zeitung
@SZ
·
2019年5月6日","Trump: Höhere Zölle für Einfuhren aus China. Von Freitag an sollen Einfuhrzölle von bisher zehn auf 25 Prozent steigen. https://sz.de/1.4434028
2
3
3",,2,3,3,[],https://twitter.com/SZ/status/1125082012992385024
Süddeutsche Zeitung,@SZ,2019-05-06T08:33:50.000Z,"Süddeutsche Zeitung
@SZ
·
2019年5月6日","Handelskonflikt: China will an Gesprächen mit den USA festhalten https://sz.de/1.4434028
1
2",,,1,2,[],https://twitter.com/SZ/status/1125317735330787329
Süddeutsche Zeitung,@SZ,2019-05-07T00:57:54.000Z,"Süddeutsche Zeitung
@SZ
·
2019年5月7日","Die USA geben China die Schuld an der Eskalation im Handelsstreit: https://sz.de/1.4435631
4",,,,4,[],https://twitter.com/SZ/status/1125565387159031808
Süddeutsche Zeitung,@SZ,2019-05-07T08:26:30.000Z,"Süddeutsche Zeitung
@SZ
·
2019年5月7日","Trainer Roger Schmidt hatte genug Angebote, nach Europa zurückzukehren. Aber er blieb in China. Inzwischen sei er gelassener geworden, sagen Vertraute - und erfolgreich ist er mit Beijing Guoan auch. https://sz.de/1.4434507
4",,,,4,[],https://twitter.com/SZ/status/1125678277203570688
Süddeutsche Zeitung,@SZ,2019-05-13T12:38:45.000Z,"Süddeutsche Zeitung
@SZ
·
2019年5月13日","EIL: China reagiert auf Trump - neue Strafzölle auf US-Produkte https://sz.de/1.4444694
1
6
14",,1,6,14,[],https://twitter.com/SZ/status/1127916086832320512
Süddeutsche Zeitung,@SZ,2019-05-13T05:35:41.000Z,"Süddeutsche Zeitung
@SZ
·
2019年5月13日","EU-Handelskommissarin Malmström rechnet damit, dass US-Präsident Trump seine Entscheidung über die Autozölle wegen China vertagen wird. Sollte er das nicht tun, sei die EU jedoch ""auf das Schlimmste vorbereitet"" https://sz.de/1.4443900
3
11",,,3,11,[],https://twitter.com/SZ/status/1127809618703519746
Süddeutsche Zeitung,@SZ,2019-05-16T08:25:50.000Z,"Süddeutsche Zeitung
@SZ
·
2019年5月16日","Trump erklärt den Notstand zum ""Schutz der Telekommunikation"" - de facto richtet sich die Maßnahme gegen Huawei. China reagiert harsch. https://sz.de/1.4449078
3
7
5",,3,7,5,[],https://twitter.com/SZ/status/1128939603342372864
Süddeutsche Zeitung,@SZ,2019-05-15T23:34:30.000Z,"Süddeutsche Zeitung
@SZ
·
2019年5月16日","Handelskrieg mit China: Trump erklärt Notstand - Maßnahme gegen Huawei https://sz.de/1.4449078
3
3
3",,3,3,3,[],https://twitter.com/SZ/status/1128805887399866368
Süddeutsche Zeitung,@SZ,2019-05-13T04:59:39.000Z,"Süddeutsche Zeitung
@SZ
·
2019年5月13日","Trumps Wirtschaftsberater Larry Kudlow sagt, die Erhöhung der Strafzölle gegen China werde auch US-Unternehmen und US-Bürger belasten. https://sz.de/1.4443898
3
5
7",,3,5,7,[],https://twitter.com/SZ/status/1127800551960457216
Süddeutsche Zeitung,@SZ,2019-05-12T09:27:35.000Z,"Süddeutsche Zeitung
@SZ
·
2019年5月12日","Der US-Präsident warnt China, auf Zeit zu spielen und die US-Wahl abzuwarten. Er werde sowieso wiedergewählt - und dann werde ein Deal nur noch ""viel schlimmer"" für China. https://sz.de/1.4442704
4
1
9",,4,1,9,[],https://twitter.com/SZ/status/1127505591642009600
Süddeutsche Zeitung,@SZ,2019-05-13T12:53:44.000Z,"Süddeutsche Zeitung
@SZ
·
2019年5月13日","Handelsstreit: China reagiert auf Trump - neue Strafzölle auf US-Produkte https://sz.de/1.4444694
2
2
7",,2,2,7,[],https://twitter.com/SZ/status/1127919859386523649
Süddeutsche Zeitung,@SZ,2019-05-27T12:28:39.000Z,"Süddeutsche Zeitung
@SZ
·
2019年5月27日","Er ist ganz anders als die anderen: In China ist ein Panda mit schneeweißem Fell in eine Fotofalle getappt.
sueddeutsche.de
Albinismus: Weißer Panda tappt in Fotofalle
Das Fell des Pandas ist ganz weiß, die schwarzen Flecken fehlen ihm. Der kleine Bär mit den roten Augen wurde in China abgelichtet.
3
7
48",,3,7,48,[],https://twitter.com/SZ/status/1132986973780680704
Süddeutsche Zeitung,@SZ,2019-05-22T12:20:03.000Z,"Süddeutsche Zeitung
@SZ
·
2019年5月22日","China scheut vor einer weiteren Eskalation im Handelsstreit nicht zurück: Das Land hat noch einiges in der Hand, was Amerika schaden kann, kommentiert 
@christophgiesen
 https://sz.de/1.4455974
2
3
8",,2,3,8,[],https://twitter.com/SZ/status/1131172872356073472
Süddeutsche Zeitung,@SZ,2019-06-04T16:14:55.000Z,"Süddeutsche Zeitung
@SZ
·
2019年6月5日","Siemens gerät in den Fokus der US-Börsenaufsicht: Beim Verkauf von Medizintechnik in China sollen Zwischenhändler über Jahre Schmiergeld gezahlt haben.
sueddeutsche.de
Siemens gerät in den Fokus der Börsenaufsicht
Beim Verkauf von Medizintechnik in China sollen Zwischenhändler über Jahre Schmiergeld gezahlt haben.
6
5
8",,6,5,8,[],https://twitter.com/SZ/status/1135943018752761856
Süddeutsche Zeitung,@SZ,2019-06-09T12:49:08.000Z,"Süddeutsche Zeitung
@SZ
·
2019年6月9日","Massenproteste: Hunderttausende Menschen in Hongkong demonstrieren gegen Auslieferungen an China https://sz.de/1.4480804
2
20
58",,2,20,58,[],https://twitter.com/SZ/status/1137703171583827968
Süddeutsche Zeitung,@SZ,2019-06-07T17:26:47.000Z,"Süddeutsche Zeitung
@SZ
·
2019年6月8日","Der deutsche Discounter Aldi eröffnet seine ersten Filialen in China - und probiert dort eine ganz andere Strategie als zu Hause.
sueddeutsche.de
Aldi: Auch Chinesen können jetzt bei Aldi einkaufen
Aldi wagt sich in Reich der Mitte - und probiert dort eine ganz andere Strategie als zu Hause.
3
13
18",,3,13,18,['https://pbs.twimg.com/card_img/1501223300378341380/8k4_PhSO?format=jpg&name=medium'],https://twitter.com/SZ/status/1137048268519747584
Süddeutsche Zeitung,@SZ,2019-06-03T13:16:42.000Z,"Süddeutsche Zeitung
@SZ
·
2019年6月3日","30 Jahre nach dem Tiananmen-Massaker leidet China an einer kollektiven Amnesie. Doch eines Tages wird Chinas Regierung Rechenschaft ablegen müssen, schreibt Lea_Deuber.
sueddeutsche.de
Chinas Regierung wird Rechenschaft ablegen müssen
30 Jahre nach dem blutigen Ende der Proteste auf dem Tiananmen-Platz leidet China an einer kollektiven Amnesie. Sie ist das Ergebnis von Unterdrückung und Zensur.
5
20
41",,5,20,41,['https://pbs.twimg.com/card_img/1500756680166068228/kt4mZKCT?format=jpg&name=medium'],https://twitter.com/SZ/status/1135535782620520450
Süddeutsche Zeitung,@SZ,2019-06-08T15:08:16.000Z,"Süddeutsche Zeitung
@SZ
·
2019年6月8日","Die 
@DFB_Frauen
 haben beim WM-Auftakt gegen China Probleme. Doch Giulia Gwinn gelingt der Siegtreffer. #FIFAWWC #GERCHN
sueddeutsche.de
DFB bei Fußball-WM der Frauen: Zum Sieg gewackelt
WM in Frankreich: Deutschlands Fußballerinnen haben beim WM-Auftakt gegen China Probleme. Doch Giulia Gwinn gelingt der Siegtreffer.
2
5
29",,2,5,29,[],https://twitter.com/SZ/status/1137375798657241095
Süddeutsche Zeitung,@SZ,2019-06-08T15:23:16.000Z,"Süddeutsche Zeitung
@SZ
·
2019年6月8日","Die 19-jährige Giulia Gwinn entscheidet mit ihrem Treffer das WM-Auftaktspiel der deutschen Fußballerinnen gegen China. Das DFB-Team hat bei dem 1:0 viel Mühe.
sueddeutsche.de
Deutsche Fußballerinnen: Einfach wird's nicht
Fußball-WM der Frauen: Giulia Gwinn entscheidet mit ihrem Treffer zum 1:0 das Spiel der deutschen Fußballerinnen gegen China.
1
4
20",,1,4,20,[],https://twitter.com/SZ/status/1137379573119762432
Süddeutsche Zeitung,@SZ,2019-06-06T18:07:15.000Z,"Süddeutsche Zeitung
@SZ
·
2019年6月7日","Konzerne wie GE und Siemens sollen systematische Bestechung beim Verkauf von Medizingeräten in China geduldet haben.
sueddeutsche.de
Koffer voller Geld
Konzerne wie GE und Siemens sollen systematische Bestechung beim Verkauf von Medizingeräten in China geduldet haben.
7
9
6",,7,9,6,[],https://twitter.com/SZ/status/1136696066684928003
Süddeutsche Zeitung,@SZ,2019-06-08T15:20:16.000Z,"Süddeutsche Zeitung
@SZ
·
2019年6月8日","Doorsouns Tattoo zieht Grimassen: Die 
@DFB_Frauen
 beim 1:0 gegen China in der #Einzelkritik. #FIFAWWC #GERCHN https://sz.de/1.4480623
1
3",,,1,3,[],https://twitter.com/SZ/status/1137378817020977152
Süddeutsche Zeitung,@SZ,2019-06-07T17:50:51.000Z,"Süddeutsche Zeitung
@SZ
·
2019年6月8日","Wer soll zum WM-Auftakt der 
@DFB_Frauen
 am Samstag gegen China im Tor stehen? Basteln Sie Ihre eigene Aufstellung für das erste deutsche WM-Spiel mit dem 
@SZ
-Aufstellungstool: https://sz.de/1.4479015
3
1
12",,3,1,12,[],https://twitter.com/SZ/status/1137054324385882112
Süddeutsche Zeitung,@SZ,2019-06-06T16:30:00.000Z,"Süddeutsche Zeitung
@SZ
·
2019年6月7日","Die USA haben sich China und Russland zum Feind gemacht – und die beiden Länder damit näher zusammengebracht. Ist ihre Verbrüderung ein Grund zur Sorge?
2:57
4,073 次观看
14
4
18",,14,4,18,[],https://twitter.com/SZ/status/1136671593495531520
Süddeutsche Zeitung,@SZ,2019-06-06T16:30:00.000Z,"Süddeutsche Zeitung
@SZ
·
2019年6月7日","Die USA haben sich China und Russland zum Feind gemacht – und die beiden Länder damit näher zusammengebracht. Ist ihre Verbrüderung ein Grund zur Sorge?
2:49
4,073 次观看
14
4
18",,14,4,18,[],https://twitter.com/SZ/status/1136671593495531520
Süddeutsche Zeitung,@SZ,2019-06-12T04:38:16.000Z,"Süddeutsche Zeitung
@SZ
·
2019年6月12日","Hongkong: Tausende belagern Parlament aus Protest - im Legislativrat sollte über ein geplantes Gesetz zu Auslieferungen nach China beraten werden
sueddeutsche.de
Hongkong: Tausende blockieren Parlament
Der Legislativrat wollte über ein umstrittenes Gesetz beraten, das Auslieferungen nach China vorsieht. Die Sitzung muss verschoben werden.
1
12
29",,1,12,29,['https://pbs.twimg.com/card_img/1501318367621308424/xnJvIMVT?format=jpg&name=medium'],https://twitter.com/SZ/status/1138666807164919809
Süddeutsche Zeitung,@SZ,2019-06-10T05:40:10.000Z,"Süddeutsche Zeitung
@SZ
·
2019年6月10日","Hunderttausende Menschen haben in Hongkong gegen ein Auslieferungsgesetz nach China demonstriert. In der Nacht griff die Polizei vor dem Parlament hart durch:
sueddeutsche.de
Zusammenstöße mit der Polizei vor Parlament in Hongkong
Nach friedlichen Massenproteste gegen ein Auslieferungsgesetz in Hongkong ist es in der Nacht zu Montag zu Zusammenstößen von Demonstranten mit der Polizei gekommen.
7
27
33",,7,27,33,[],https://twitter.com/SZ/status/1137957606763446272
Süddeutsche Zeitung,@SZ,2019-06-10T07:58:11.000Z,"Süddeutsche Zeitung
@SZ
·
2019年6月10日","Hongkong: Das geplante Auslieferungsabkommen gefährdet nach Ansicht von Kritikern den Rest an Rechtsstaatlichkeit in der Sonderverwaltungszone und öffnet die Tür für politische Verfolgung durch China, schreibt 
@Lea_Deuber
 https://sz.de/1.4480898
9
17
41",,9,17,41,[],https://twitter.com/SZ/status/1137992341564907521
Süddeutsche Zeitung,@SZ,2019-06-10T15:40:15.000Z,"Süddeutsche Zeitung
@SZ
·
2019年6月10日","China ignoriert die Sonderrechte Hongkongs. Und bringt damit die Menschen der Stadt, die Freiheit als Grundwert betrachten, gegen sich auf. Viel hängt nun vom Westen ab, kommentiert 
@Lea_Deuber
 https://sz.de/1.4480930
16
27
63",,16,27,63,[],https://twitter.com/SZ/status/1138108624398618624
Süddeutsche Zeitung,@SZ,2019-06-12T18:02:25.000Z,"Süddeutsche Zeitung
@SZ
·
2019年6月13日","Carrie Lam gefährdet Hongkongs Zukunft: Die meisten Demonstranten gegen die geplanten Auslieferungen an China sind junge Menschen. Die Regierung hat ihre Sorgen zu lange ignoriert, kommentiert 
@Lea_Deuber
sueddeutsche.de
Massenproteste - Carrie Lam gefährdet Hongkongs Zukunft
Die meisten Demonstranten gegen die geplanten Auslieferungen an China sind junge Menschen. Die Regierung hat ihre Sorgen zu lange ignoriert.
5
7
15",,5,7,15,['https://pbs.twimg.com/card_img/1499007596145135617/1-NEkExa?format=jpg&name=medium'],https://twitter.com/SZ/status/1138869174959247360
Süddeutsche Zeitung,@SZ,2019-06-12T18:23:25.000Z,"Süddeutsche Zeitung
@SZ
·
2019年6月13日","Svenja Huth wirbelt und leitet den Siegtreffer ein. Sara Doorsoun spielt sicherer als gegen China. Und Verena Schweers hat Glück. Das DFB-Team in der Einzelkritik. Von 
@dreheranna
sueddeutsche.de
DFB-Spielerinnen gegen Spanien in der Einzelkritik
Svenja Huth wirbelt und leitet den Siegtreffer ein. Verena Schweers hat Glück. Das DFB-Team in der Einzelkritik.
2
6",,,2,6,[],https://twitter.com/SZ/status/1138874459593555969
Süddeutsche Zeitung,@SZ,2019-06-10T09:28:12.000Z,"Süddeutsche Zeitung
@SZ
·
2019年6月10日","Die 
@DFB_Frauen
 versuchen, ihre Lehren aus dem rustikalen Start-Sieg gegen China zu ziehen - im Duell mit Spanien muss einiges besser werden. #FIFAWWC https://sz.de/1.4480904
3
1
2",,3,1,2,[],https://twitter.com/SZ/status/1138014994858237952
Süddeutsche Zeitung,@SZ,2019-06-29T05:23:10.000Z,"Süddeutsche Zeitung
@SZ
·
2019年6月29日","G-20-Staaten einigen sich trotz Klimastreits auf Gipfelerklärung. Die USA und China wollen ihre Handelsgespräche wiederaufnehmen. Der Gipfel im Liveblog. #G20 #g20summit #G20OsakaSummit https://sz.de/1.4503138
2
2
7",,2,2,7,[],https://twitter.com/SZ/status/1144838699210797056
Süddeutsche Zeitung,@SZ,2019-06-25T03:16:40.000Z,"Süddeutsche Zeitung
@SZ
·
2019年6月25日","China senkt die Zölle - nur für die USA nicht. Damit bevorzugt China die anderen Handelspartner. Und nutzt damit eine ganz andere Strategie als die USA, schreibt 
@CHulverscheidt
 https://sz.de/1.4496879
6
25
78",,6,25,78,[],https://twitter.com/SZ/status/1143357312100446208
Süddeutsche Zeitung,@SZ,2019-06-29T09:41:12.000Z,"Süddeutsche Zeitung
@SZ
·
2019年6月29日","Amerikanische Unternehmen dürfen wieder an Huawei verkaufen, China muss den USA Landwirtschaftsprodukte abkaufen - das sind zwei wichtige Ergebnisse vom #G20-Gipfel. https://sz.de/1.4504709
7
6
11",,7,6,11,[],https://twitter.com/SZ/status/1144903635480010752
Süddeutsche Zeitung,@SZ,2019-06-21T18:12:55.000Z,"Süddeutsche Zeitung
@SZ
·
2019年6月22日","Bibelnotstand befürchtet: Donald Trump erwägt schon die nächsten Zölle gegen China. Christliche Verlage in den USA sind alarmiert. https://sz.de/1.4493872
10
9
13",,10,9,13,[],https://twitter.com/SZ/status/1142133309910192129
Süddeutsche Zeitung,@SZ,2019-06-27T18:18:50.000Z,"Süddeutsche Zeitung
@SZ
·
2019年6月28日","Es ist auch das Ergebnis von Trumps außenpolitischem Versagen: China hat seinen Einfluss in der Region drastisch ausgebaut - und zeigt unverhohlen seine Ambitionen.
sueddeutsche.de
Ostasien: Chinesisches Selbstbewusstsein
Es ist auch das Ergebnis von Trumps außenpolitischem Versagen: China hat seinen Einfluss in der Region drastisch ausgebaut - und zeigt unverhohlen seine Ambitionen.
6
9
8",,6,9,8,[],https://twitter.com/SZ/status/1144309123913330692
Süddeutsche Zeitung,@SZ,2019-06-29T06:20:11.000Z,"Süddeutsche Zeitung
@SZ
·
2019年6月29日","Der Handelsstreit der USA mit China bremst nicht nur die beiden größten Volkswirtschaften, sondern schadet auch dem Rest der Welt. Nun vereinbaren #Trump und Xi neue Gespräche. Kann die Welt aufatmen?
sueddeutsche.de
Handel: Trump will US-Lieferungen an Huawei erlauben
Beim G20-Gipfel einigen sich die USA und China auf neue Handelsgespräche. Die angedrohten weiteren Strafzölle gibt es wohl nicht.
2
4
7",,2,4,7,['https://pbs.twimg.com/card_img/1501306362130841607/05DlDfbF?format=jpg&name=medium'],https://twitter.com/SZ/status/1144853046717034496
Süddeutsche Zeitung,@SZ,2019-06-21T15:30:55.000Z,"Süddeutsche Zeitung
@SZ
·
2019年6月21日","In Hongkong geht es nicht nur um ein Auslieferungsgesetz, sondern um alles. China kann auf Dauer mit der Oase der Freiheit nicht leben, kommentiert 
@Lea_Deuber
 https://sz.de/1.4492744
1
7
8",,1,7,8,[],https://twitter.com/SZ/status/1142092541870923777
Süddeutsche Zeitung,@SZ,2019-07-08T15:27:53.000Z,"Süddeutsche Zeitung
@SZ
·
2019年7月8日","Junge Deutsche fühlen sich weltgewandt. Und nehmen gar nicht wahr, dass sie gerade von ehrgeizigen Altersgenossen in Asien abgehängt werden. Eine kritische Betrachtung unserer China-Korrespondentin
 #SZPlus
sueddeutsche.de
Europa und China: Schaut auf dieses Land
Junge Deutsche fühlen sich weltgewandt und international. Dabei nehmen sie gar nicht wahr, dass sie von jungen Asiaten abgehängt werden.
8
7
25",,8,7,25,['https://pbs.twimg.com/card_img/1502355820499120132/7_TiaFTN?format=jpg&name=medium'],https://twitter.com/SZ/status/1148252371341979648
Süddeutsche Zeitung,@SZ,2019-07-03T05:40:28.000Z,"Süddeutsche Zeitung
@SZ
·
2019年7月3日","China hat die Überwachung in Xinjiang  massiv ausgeweitet. Im Interview erklärt Xinjiang-Experte Adrian Zenz, warum Peking so gegen die Uiguren vorgeht. https://sz.de/1.4509446
7
16
21",,7,16,21,[],https://twitter.com/SZ/status/1146292603966636032
Süddeutsche Zeitung,@SZ,2019-07-03T13:22:33.000Z,"Süddeutsche Zeitung
@SZ
·
2019年7月3日","Staatstrojaner, Pegasus, Exodus - nicht nur China spioniert auf den Handys seiner Bürger. Zwar gibt es dafür oft hohe gesetzliche Hürden - dennoch sind die Eingriffe auch hierzulande umstritten.
sueddeutsche.de
China-App - Analyse: Blick in andere Länder
Staatstrojaner, Pegasus, Exodus - nicht nur China spioniert auf den Handys seiner Bürger.
2
7
7",,2,7,7,[],https://twitter.com/SZ/status/1146408892529856512
Süddeutsche Zeitung,@SZ,2019-07-03T08:58:32.000Z,"Süddeutsche Zeitung
@SZ
·
2019年7月3日","Das Wichtigste zur 
@SZ
-Recherche: Was Sie über die Ausspäh-App aus #China wissen müssen https://sz.de/1.4507615
4
7
6",,4,7,6,[],https://twitter.com/SZ/status/1146342449335455744
Süddeutsche Zeitung,@SZ,2019-07-01T18:38:54.000Z,"Süddeutsche Zeitung
@SZ
·
2019年7月2日","Vor 22 Jahren wurde die ehemalige britische Kronkolonie an China zurückgegeben. Zum Jahrestag demonstrieren Hunderttausende für die Demokratie. Einige Gruppen fordern eine Radikalisierung der Bewegung im ""letzten Kampf"" um Hongkong https://sz.de/1.4506788
2
4
10",,2,4,10,[],https://twitter.com/SZ/status/1145763728606081025
Süddeutsche Zeitung,@SZ,2019-07-18T09:10:45.000Z,"Süddeutsche Zeitung
@SZ
·
2019年7月18日","Die Filmstarts der Woche: ""Made in China"" ist ein unversöhnlicher Vater-Sohn-Konflikt mit erwartbarem Ausgang. Und in ""Child's Play"" tritt  Chucky die Mörderpuppe als böse KI auf. https://sz.de/1.4528108
1
1",,1,,1,[],https://twitter.com/SZ/status/1151781339911380999
Süddeutsche Zeitung,@SZ,2019-07-25T06:23:32.000Z,"Süddeutsche Zeitung
@SZ
·
2019年7月25日","Ein US-Kriegsschiff fährt nach chinesischen Drohungen durch die Meerenge zwischen China und Taiwan. Die Entscheidung dürfte von Peking als Provokation aufgefasst werden. https://sz.de/1.4539066
9
13
14",,9,13,14,[],https://twitter.com/SZ/status/1154275975670181888
Süddeutsche Zeitung,@SZ,2019-07-20T15:20:20.000Z,"Süddeutsche Zeitung
@SZ
·
2019年7月20日","Mit der #Mondlandung machten die USA eine Serie von Niederlagen gegen die Sowjetunion wett. Nun fordern neue Konkurrenten wie China die Amerikaner im Weltall heraus: https://sz.de/1.4526540
3
5
11",,3,5,11,[],https://twitter.com/SZ/status/1152599125571117056
Süddeutsche Zeitung,@SZ,2019-07-24T18:42:09.000Z,"Süddeutsche Zeitung
@SZ
·
2019年7月25日","FDP-Chef Christian Lindner über den Verlauf einer China-Reise seiner Partei, die mit einem Eklat endete. Interview von 
@dbroessler
sueddeutsche.de
""Na ja, wir haben zurückgekanzelt""
FDP-Chef Christian Lindner über den Verlauf einer China-Reise seiner Partei, die mit einem Eklat endete.
8
4
13",,8,4,13,['https://pbs.twimg.com/card_img/1500247574216953856/dXSZTj3F?format=jpg&name=medium'],https://twitter.com/SZ/status/1154099466338799616
Süddeutsche Zeitung,@SZ,2019-08-06T18:01:05.000Z,"Süddeutsche Zeitung
@SZ
·
2019年8月7日","Trump setzt im Handelskonflikt mit China alles auf eine Karte. Es geht um seine Wiederwahl - doch bald könnten die Finanzmärkte verrückt spielen, eine Rezession wird wahrscheinlicher, kommentiert 
@CHulverscheidt
 https://sz.de/1.4554240
6
6
9",,6,6,9,[],https://twitter.com/SZ/status/1158800171578417152
Süddeutsche Zeitung,@SZ,2019-08-06T00:29:53.000Z,"Süddeutsche Zeitung
@SZ
·
2019年8月6日","Nachdem der #Yuan gegenüber dem #Dollar deutlich nachgibt, will die US-Regierung #China mit Hilfe des IWF zum Einlenken zwingen. https://sz.de/1.4554167
1
4
6",,1,4,6,[],https://twitter.com/SZ/status/1158535629665423363
Süddeutsche Zeitung,@SZ,2019-08-06T09:28:05.000Z,"Süddeutsche Zeitung
@SZ
·
2019年8月6日","Ein Ende der Hongkonger #Proteste ist nicht abzusehen - jetzt kündigt #China eine härtere Linie gegen die Demonstranten an.
sueddeutsche.de
China kündigt härtere Linie gegen Demonstranten an
Die Bestrafung der Hongkonger Protest-Organisatoren sei ""eine Frage der Zeit"". Auch der Einsatz von Soldaten sei bei Demonstrationen möglich.
3
4
5",,3,4,5,['https://pbs.twimg.com/card_img/1500687031822913541/fsnJ6pYo?format=jpg&name=medium'],https://twitter.com/SZ/status/1158671073774374912
Süddeutsche Zeitung,@SZ,2019-08-01T15:20:08.000Z,"Süddeutsche Zeitung
@SZ
·
2019年8月1日","Die amerikanische Notenbank Fed senkt die Zinsen, weil sie die Folgen von Trumps Handelskrieg mit China befürchtet. Diese Möglichkeiten hat die EZB nicht mehr. Eine Gefahr? 
Die neue Folge ""Auf den Punkt"" #Podcast
sueddeutsche.de
SZ-Podcast ""Auf den Punkt"" - Nachrichten vom 01.08.2019
Fed senkt Zinsen. Außerdem: Wohlfahrtsverband warnt vor Ungleichheit bei Kindern, Russland warnt USA, Bundesregierung will erweiterte DNA-Fahndung.
1
3
7",,1,3,7,[],https://twitter.com/SZ/status/1156947728326451200
Süddeutsche Zeitung,@SZ,2019-08-03T01:37:03.000Z,"Süddeutsche Zeitung
@SZ
·
2019年8月3日","US-Präsident #Trump erwartet von #China bei einem neuen Handelsabkommen großes Entgegenkommen. Die neuen Strafzölle wurden offenbar nicht auf direktem Wege überbracht. https://sz.de/1.4551539
3
1
5",,3,1,5,[],https://twitter.com/SZ/status/1157465368211918848
Süddeutsche Zeitung,@SZ,2019-08-06T06:28:04.000Z,"Süddeutsche Zeitung
@SZ
·
2019年8月6日","China warnt die USA: Sollten die USA landgestützte Mittelstreckenraketen in den Asien-Pazifik-Raum verlegen, werde Peking aktiv werden, ""um die nationalen Sicherheitsinteressen entschlossen zu verteidigen"".
sueddeutsche.de
Mittelstreckenraketen: China warnt USA
Sollten die USA landgestützte Mittelstreckenraketen in den Asien-Pazifik-Raum verlegen, werde Peking aktiv werden.
23
3
8",,23,3,8,[],https://twitter.com/SZ/status/1158625770434125824
Süddeutsche Zeitung,@SZ,2019-08-06T10:28:02.000Z,"Süddeutsche Zeitung
@SZ
·
2019年8月6日","Spanische Forscher sollen in China Mischwesen aus menschlichen Zellen und Affenembryonen gezüchtet haben, berichtet die Tageszeitung 
@el_pais
. Ethiker sind alarmiert: https://sz.de/1.4553753
7
8
12",,7,8,12,[],https://twitter.com/SZ/status/1158686160702648321
Süddeutsche Zeitung,@SZ,2019-08-05T17:59:54.000Z,"Süddeutsche Zeitung
@SZ
·
2019年8月6日","China wertet die Währung stark ab - es ist ein Affront gegen US-Präsident Donald Trump. Der wirft der Regierung in Peking Währungsmanipulation vor. https://sz.de/1.4553323
6
1
14",,6,1,14,[],https://twitter.com/SZ/status/1158437488802877441
Süddeutsche Zeitung,@SZ,2019-08-10T09:38:31.000Z,"Süddeutsche Zeitung
@SZ
·
2019年8月10日","Höhere Zölle treffen China stärker als die USA. Doch Peking kann US-Unternehmen im Land ruinieren und Rohstoffe verknappen.
sueddeutsche.de
Trumps Vorteil im Handelsstreit mit China
Zölle treffen China stärker als die USA. Peking setzt deshalb auf Seltene Erden und Druck auf US-Unternehmen
4
7",,,4,7,[],https://twitter.com/SZ/status/1160123249705070592
Süddeutsche Zeitung,@SZ,2019-08-17T15:37:29.000Z,"Süddeutsche Zeitung
@SZ
·
2019年8月17日","Demokratiebewegung: Zehntausende gehen in #Hongkong erneut auf die Straße und fordern mehr Unabhängigkeit von China. Die Proteste verlaufen zunächst friedlich, mahnende Worte an beide Seiten kommen von der EU. https://sz.de/1.4566820
2
5
15",,2,5,15,[],https://twitter.com/SZ/status/1162750302463750144
Süddeutsche Zeitung,@SZ,2019-08-15T08:39:27.000Z,"Süddeutsche Zeitung
@SZ
·
2019年8月15日","#China lässt Truppen nahe der Grenze zu #Hongkong üben: In der südchinesischen Metropole Shenzen üben Militärangehörige in einem Stadion. Mehr als 100 Fahrzeuge wurden gesehen, darunter auch gepanzerte Wagen mit Wasserwerfern.
sueddeutsche.de
Hongkong: Chinas Staatszeitung warnt Protestierer
Die chinesische Staatszeitung droht den Demonstranten in Peking, dass eine gewaltsame Lösung der Proteste ""eindeutig zur Verfügung"" stehe.
5
8
9",,5,8,9,['https://pbs.twimg.com/card_img/1498174699821576193/gi6tKT18?format=jpg&name=medium'],https://twitter.com/SZ/status/1161920324075687936
Süddeutsche Zeitung,@SZ,2019-08-12T16:21:22.000Z,"Süddeutsche Zeitung
@SZ
·
2019年8月13日","Nach tagelangen Protesten am Flughafen Hongkong setzt Peking nun einzelne Fluglinien unter Druck. Wer protestiert, darf nicht mehr nach China reisen - und nicht mehr über dessen Hoheitsgebiet fliegen.
sueddeutsche.de
Hongkong: Wer demonstriert, muss um den Job bangen
Peking setzt einzelne Fluglinien unter Druck. Wer protestiert, darf nicht mehr nach China reisen oder über dessen Hoheitsgebiet fliegen.
11
8",,,11,8,[],https://twitter.com/SZ/status/1160949407208132608
Süddeutsche Zeitung,@SZ,2019-08-11T09:51:49.000Z,"Süddeutsche Zeitung
@SZ
·
2019年8月11日","Mit Hilfe moderner Waffen baut China den Einfluss im Pazifik aus, die USA sehen sich bedroht. Die Region steht vor einem neuen Wettrüsten. https://sz.de/1.4558570
11
8
8",,11,8,8,[],https://twitter.com/SZ/status/1160488985808031746
Süddeutsche Zeitung,@SZ,2019-08-15T11:45:13.000Z,"Süddeutsche Zeitung
@SZ
·
2019年8月15日","#China lässt Truppen nahe der Grenze zu #Hongkong üben. Pekings Botschafter in London droht den Demonstranten in Hongkong mit der Niederschlagung der Prostete.
sueddeutsche.de
Hongkong: Chinas Staatszeitung warnt Protestierer
Die chinesische Staatszeitung droht den Demonstranten in Peking, dass eine gewaltsame Lösung der Proteste ""eindeutig zur Verfügung"" stehe.
1
3
4",,1,3,4,['https://pbs.twimg.com/card_img/1498174699821576193/gi6tKT18?format=jpg&name=medium'],https://twitter.com/SZ/status/1161967072928325633
Süddeutsche Zeitung,@SZ,2019-08-14T22:18:23.000Z,"Süddeutsche Zeitung
@SZ
·
2019年8月15日","Der Handelskrieg mit #China, schwächelnde Anleihenmärkte und weltweit durchwachsene Konjunkturdaten treiben die Kurse in den #USA nach unten. https://sz.de/1.4564159
1
3
6",,1,3,6,[],https://twitter.com/SZ/status/1161764027065917441
Süddeutsche Zeitung,@SZ,2019-08-13T14:58:58.000Z,"Süddeutsche Zeitung
@SZ
·
2019年8月13日","US-Regierung verschiebt neue Strafzölle gegen China: Unter anderem zusätzliche Abgaben auf Smartphones sollen erst kurz vor Weihnachten in Kraft treten. Andere Produkte sollen sogar ganz von der Liste genommen werden. https://sz.de/1.4563502
2
4
4",,2,4,4,[],https://twitter.com/SZ/status/1161291055691681792
Süddeutsche Zeitung,@SZ,2019-08-15T10:30:11.000Z,"Süddeutsche Zeitung
@SZ
·
2019年8月15日","#China lässt Truppen nahe der Grenze zu #Hongkong üben: In der südchinesischen Metropole Shenzhen üben Militärangehörige in einem Stadion. Mehr als 100 Fahrzeuge wurden gesehen, darunter auch gepanzerte Wagen mit Wasserwerfern.
sueddeutsche.de
Hongkong: Chinas Staatszeitung warnt Protestierer
Die chinesische Staatszeitung droht den Demonstranten in Peking, dass eine gewaltsame Lösung der Proteste ""eindeutig zur Verfügung"" stehe.
1
2
8",,1,2,8,['https://pbs.twimg.com/card_img/1498174699821576193/gi6tKT18?format=jpg&name=medium'],https://twitter.com/SZ/status/1161948190456918016
Süddeutsche Zeitung,@SZ,2019-08-24T12:39:21.000Z,"Süddeutsche Zeitung
@SZ
·
2019年8月24日","Es hieß, auf wachsenden Wohlstand werde Demokratie folgen. Der Konflikt in #Hongkong ist der letzte Gegenbeweis. Für internationale Unternehmen in China beginnt nun ein gefährliches Spiel. https://sz.de/1.4573486
6
15
33",,6,15,33,[],https://twitter.com/SZ/status/1165242188269260801
Süddeutsche Zeitung,@SZ,2019-08-23T01:47:48.000Z,"Süddeutsche Zeitung
@SZ
·
2019年8月23日","Über 200 Kanäle und Videos seien gesperrt und gelöscht worden, die mutmaßlich aus China befüllt wurden. https://sz.de/1.4573218
3
9
17",,3,9,17,[],https://twitter.com/SZ/status/1164715830556483589
Süddeutsche Zeitung,@SZ,2019-08-22T13:20:54.000Z,"Süddeutsche Zeitung
@SZ
·
2019年8月22日","Schon seit Jahren ist sie in China eine Persona non grata. Die Sängerin Denise Ho ist eines der wenigen prominenten Gesichter der Demokratiebewegung in Hongkong. https://sz.de/1.4570675
1
7
20",,1,7,20,[],https://twitter.com/SZ/status/1164527867226726405
Süddeutsche Zeitung,@SZ,2019-08-28T05:36:41.000Z,"Süddeutsche Zeitung
@SZ
·
2019年8月28日","Weniger Steuern für brave Firmen, Strafen für Umweltverschmutzer: Ausländische Firmen in China sind auf das Sozialkreditsystem nicht vorbereitet. https://sz.de/1.4578593
3
7
10",,3,7,10,[],https://twitter.com/SZ/status/1166585374002556928
Süddeutsche Zeitung,@SZ,2019-08-20T10:06:46.000Z,"Süddeutsche Zeitung
@SZ
·
2019年8月20日","Ein Mitarbeiter des britischen Konsulats in Hongkong soll bei einer Geschäftsreise nach China festgenommen worden sein. Zuvor hatte er offenbar seiner Freunden geschrieben: ""Ich überquere jetzt die Grenze ... Bete für mich."" https://sz.de/1.4569526
1
9
11",,1,9,11,[],https://twitter.com/SZ/status/1163754239639859201
Süddeutsche Zeitung,@SZ,2019-08-21T09:14:52.000Z,"Süddeutsche Zeitung
@SZ
·
2019年8月21日","Britische Vertretung in Hongkong: China bestätigt Inhaftierung des vermissten Konsulatsmitarbeiters https://sz.de/1.4570732
4
5
12",,4,5,12,[],https://twitter.com/SZ/status/1164103566514171905
Süddeutsche Zeitung,@SZ,2019-08-23T16:51:23.000Z,"Süddeutsche Zeitung
@SZ
·
2019年8月24日","China kündigt neue Strafzölle in Milliardenhöhe an: Prompt droht US-Präsident Trump eine weitere Reaktion an.
sueddeutsche.de
China kündigt neue Strafzölle in Milliardenhöhe an
Prompt droht US-Präsident Trump eine weitere Reaktion an.
2
2
8",,2,2,8,[],https://twitter.com/SZ/status/1164943225133641730
Süddeutsche Zeitung,@SZ,2019-08-24T10:15:23.000Z,"Süddeutsche Zeitung
@SZ
·
2019年8月24日","China lässt britischen Konsulatsmitarbeiter frei: Simon Cheng Man-Kit ist auf freiem Fuß. Angesichts der Proteste in Hongkong wachsen die politischen Spannungen
sueddeutsche.de
China lässt britischen Konsulatsmitarbeiter frei
Simon Cheng Man-Kit ist auf freiem Fuß. Angesichts der Proteste in Hongkong wachsen die politischen Spannungen. Kanadas Konsulat zieht Konsequenzen.
2
1
11",,2,1,11,['https://pbs.twimg.com/card_img/1500761058989916164/tDnKJayZ?format=jpg&name=medium'],https://twitter.com/SZ/status/1165205956499779584
Süddeutsche Zeitung,@SZ,2019-08-24T03:48:17.000Z,"Süddeutsche Zeitung
@SZ
·
2019年8月24日","China erlässt neue Strafzölle - Amerika reagiert prompt. Dabei hatte 
@realDonaldTrump
 jüngst indirekt eingestehen müssen, dass der von ihm angezettelte Handelskonflikt immer mehr zur Belastung für die USA wird. Analyse von 
@CHulverscheidt
:
sueddeutsche.de
Trump könnte Initiator eines globalen Abschwungs werden
Strafzölle: US-Präsident Trump treibt die Eskalation mit China voran. Dabei wird der Handelsstreit immer mehr zur Belastung für die USA.
8
3
23",,8,3,23,[],https://twitter.com/SZ/status/1165108540857618432
Süddeutsche Zeitung,@SZ,2019-08-26T03:07:10.000Z,"Süddeutsche Zeitung
@SZ
·
2019年8月26日","Was kann die Elektro-Konkurrenz aus China? Im SZ-Test zeigt sich: Der Nio ES8 fährt sich besser als mancher Premium-Stromer aus Deutschland. Doch es bleiben Fragen offen, schreiben 
@kunkeline
 und 
@maxhaegler
.
sueddeutsche.de
Elektroauto aus China - Beinahe konkurrenzfähig
Der Nio ES8 fährt sich besser als mancher Premium-Stromer aus Deutschland. Doch es bleiben noch Fragen offen.
6
4
7",,6,4,7,[],https://twitter.com/SZ/status/1165822968427155456
Süddeutsche Zeitung,@SZ,2019-08-28T15:28:42.000Z,"Süddeutsche Zeitung
@SZ
·
2019年8月28日","Ab 2020 soll es in China ein Sozialkreditsystem geben. Bürgerinnen und Bürger sollen Punkte für ihre Handlungen erhalten - und auch Firmen. Die sind der Idee nicht abgeneigt. 
Die neue Folge ""Auf den Punkt"" #Podcast
sueddeutsche.de
SZ-Podcast ""Auf den Punkt"" - Nachrichten vom 28.08.2019
Sozialkreditsystem für Unternehmen in China. Außerdem: Kühnert kandidiert nicht für SPD-Vorsitz, Johnson will Parlament schließen.
3
2
4",,3,2,4,[],https://twitter.com/SZ/status/1166734359614959616
Süddeutsche Zeitung,@SZ,2019-08-23T21:33:20.000Z,"Süddeutsche Zeitung
@SZ
·
2019年8月24日","US-Präsident Trump läutet im Handelsstreit die nächste Runde ein und kündigt an, die Strafzölle auf Importe aus China weiter zu erhöhen.
sueddeutsche.de
Trump kündigt höhere Zölle auf chinesische Waren an
Der US-Präsident läutet im Handelsstreit mit China die nächste Runde ein. Trump will die Strafzölle auf Importe aus China weiter erhöhen.
3
3
3",,3,3,3,[],https://twitter.com/SZ/status/1165014180061241345
Süddeutsche Zeitung,@SZ,2019-08-19T05:52:09.000Z,"Süddeutsche Zeitung
@SZ
·
2019年8月19日","Trump warnt China vor Einsatz von Gewalt in Hongkong - der Abschluss eines Handelsabkommens mit den USA würde dadurch ""viel schwieriger"".
sueddeutsche.de
Trump warnt China vor Einsatz von Gewalt in Hongkong
Ein gewaltsames Vorgehen Chinas in Hongkong machte den Abschluss eines Handelsabkommens mit den USA ""viel schwieriger"".
6
3
7",,6,3,7,[],https://twitter.com/SZ/status/1163327772170903552
Süddeutsche Zeitung,@SZ,2019-08-26T15:07:15.000Z,"Süddeutsche Zeitung
@SZ
·
2019年8月26日","Deutschland reist mit dem vielleicht stärksten Kader seiner Geschichte zur Basketball-Weltmeisterschaft nach China. Was kann die Mannschaft leisten? Die neue Folge ""Und nun zum Sport"" mit 
@jonasbeckenkamp
, Joachim Mölter und 
@MSneijder
:
sueddeutsche.de
Basketball-WM in China: Deutschlands große Chance
Basketballer Schröder, Kleber und Theis: Deutschland reist mit dem vielleicht stärksten Kader seiner Geschichte zur Weltmeisterschaft nach China.
4
10",,,4,10,['https://pbs.twimg.com/card_img/1501675670929350657/EV1UQlyi?format=jpg&name=medium'],https://twitter.com/SZ/status/1166004183792852992
Süddeutsche Zeitung,@SZ,2019-08-27T07:12:37.000Z,"Süddeutsche Zeitung
@SZ
·
2019年8月27日",".
@DBB_Basketball
 reist mit dem vielleicht stärksten Kader seiner Geschichte zum 
@FIBAWC
 nach China. Was kann das Team leisten? Die neue Folge ""Und nun zum Sport"" mit 
@jonasbeckenkamp
, Joachim Mölter und 
@MSneijder
:
sueddeutsche.de
Basketball-WM in China: Deutschlands große Chance
Basketballer Schröder, Kleber und Theis: Deutschland reist mit dem vielleicht stärksten Kader seiner Geschichte zur Weltmeisterschaft nach China.
1
4",,,1,4,['https://pbs.twimg.com/card_img/1501675670929350657/EV1UQlyi?format=jpg&name=medium'],https://twitter.com/SZ/status/1166247125228949504
Süddeutsche Zeitung,@SZ,2019-09-04T07:46:56.000Z,"Süddeutsche Zeitung
@SZ
·
2019年9月4日","Berichte: Hongkonger Regierung zieht umstrittenes Gesetz komplett zurück. Die geplante Regelung sah die Möglichkeit vor, Menschen von Hongkong an China auszuliefern und hatte eine Protestwelle ausgelöst.
sueddeutsche.de
Hongkonger Regierung zieht umstrittenes Gesetz zurück
Die geplante Regelung sah die Möglichkeit vor, Menschen von Hongkong an China auszuliefern.
5
32
90",,5,32,90,['https://pbs.twimg.com/card_img/1500812191699804161/uWiD79oL?format=jpg&name=medium'],https://twitter.com/SZ/status/1169154863806238730
Süddeutsche Zeitung,@SZ,2019-09-06T06:19:58.000Z,"Süddeutsche Zeitung
@SZ
·
2019年9月6日","China: Merkel mahnt in Peking friedliche Lösung für Hongkong an
sueddeutsche.de
China: Merkel mahnt friedliche Lösung für Hongkong an
Bei ihrer China-Reise hat Kanzlerin Merkel in Peking eine friedliche Lösung für den Hongkong-Konflikt angemahnt.
4
3
22",,4,3,22,[],https://twitter.com/SZ/status/1169857757551321088
Süddeutsche Zeitung,@SZ,2019-08-30T17:43:15.000Z,"Süddeutsche Zeitung
@SZ
·
2019年8月31日","Die Lage in Hongkong spitzt sich zu: Aktivisten werden von der Polizei ins Auto gezerrt, andere mit dem Messer attackiert. Und China droht, seine Soldaten würden im Zweifel nicht untätig bleiben. https://sz.de/1.4581899
5
18
16",,5,18,16,[],https://twitter.com/SZ/status/1167492992715939840
Süddeutsche Zeitung,@SZ,2019-08-29T12:37:28.000Z,"Süddeutsche Zeitung
@SZ
·
2019年8月29日","Huaweis neues Spitzenmodell Mate 30 kommt wohl ohne Android und Google-Dienste. Dafür sind die Sanktionen von US-Präsident Donald Trump verantwortlich, der den Handelsstreit mit China eskalieren lässt. https://sz.de/1.4580456
2
4
13",,2,4,13,[],https://twitter.com/SZ/status/1167053654010077184
Süddeutsche Zeitung,@SZ,2019-09-06T10:41:03.000Z,"Süddeutsche Zeitung
@SZ
·
2019年9月6日","Die Kanzlerin trifft bei ihrem Besuch in China auf eine nervöse Führung. Die Krise in Hongkong, der Handelsstreit mit den USA, dazu Misstöne in Handelsfragen – derzeit belasten zahlreiche Baustellen die Beziehungen, berichtet 
@braunsteff
 aus Peking https://sz.de/1.4590602
1
6
11",,1,6,11,[],https://twitter.com/SZ/status/1169923459054485505
Süddeutsche Zeitung,@SZ,2019-09-05T17:41:22.000Z,"Süddeutsche Zeitung
@SZ
·
2019年9月6日","Angela Merkel besucht China: Reise in die Zukunft https://sz.de/1.4588737
1
1
2",,1,1,2,[],https://twitter.com/SZ/status/1169666846435479554
Süddeutsche Zeitung,@SZ,2019-09-06T15:26:00.000Z,"Süddeutsche Zeitung
@SZ
·
2019年9月6日","Am 12. September beginnt die Autoschau IAA in Frankfurt. Die selbst ernannte Zukunftsmesse verliert an Bedeutung, stattdessen entwickelt sich China zum Leitmarkt. https://sz.de/1.4584692
5
1
5",,5,1,5,[],https://twitter.com/SZ/status/1169995167497166849
Süddeutsche Zeitung,@SZ,2019-09-06T15:02:14.000Z,"Süddeutsche Zeitung
@SZ
·
2019年9月6日","Die Bundeskanzlerin besucht China zum zwölften Mal. Die deutsche Wirtschaft setzt große Hoffnungen in sie - im Vordergrund steht aber ein anderes Thema. 
Die neue Folge ""Auf den Punkt"" #Podcast
sueddeutsche.de
SZ-Podcast ""Auf den Punkt"" - Nachrichten vom 06.09.2019
Merkel besucht China. Außerdem: Britische Opposition weiter gegen Neuwahlen, Umweltministerium für Plastiktütenverbot, Bundesregierung will Griechenland bei Rückführungen helfen.
2
1
3",,2,1,3,[],https://twitter.com/SZ/status/1169989189930291204
Süddeutsche Zeitung,@SZ,2019-09-01T14:32:12.000Z,"Süddeutsche Zeitung
@SZ
·
2019年9月1日","So wird es schwer in China: 
@DBB_Basketball
 erlebt gegen Frankreich einen fehlerhaften Start in die WM - vor allem die erste Hälfte geht daneben. 
@FIBAWC
 https://sz.de/1.4583498
1
2",,,1,2,[],https://twitter.com/SZ/status/1168169692315488257
Süddeutsche Zeitung,@SZ,2019-09-12T00:56:44.000Z,"Süddeutsche Zeitung
@SZ
·
2019年9月12日","Der US-Präsident will dies als ""Geste des guten Willens"" verstanden wissen. Zuvor hatte es aus China Zeichen der Entspannung gegeben. https://sz.de/1.4597707
1
5",,,1,5,[],https://twitter.com/SZ/status/1171950736898478081
Süddeutsche Zeitung,@SZ,2019-09-11T03:02:10.000Z,"Süddeutsche Zeitung
@SZ
·
2019年9月11日","Vor allem jüngere Deutsche könnten sich mit einem staatlichen System für Verhaltensbewertung anfreunden. In China wird es bereits eingeführt.
sueddeutsche.de
Sehnsucht nach dem Überwachungsstaat
Vor allem jüngere Deutsche könnten sich mit einem staatlichen System für Verhaltensbewertung anfreunden. In China wird es bereits eingeführt.
189
287
115",,189,287,115,['https://pbs.twimg.com/card_img/1501825504520851457/fvElXgTy?format=jpg&name=medium'],https://twitter.com/SZ/status/1171619914983137281
Süddeutsche Zeitung,@SZ,2019-09-10T18:03:59.000Z,"Süddeutsche Zeitung
@SZ
·
2019年9月11日","Träum weiter, Schätzchen: ""Hong"" und ""Kong"" sollen die zwei neuen Pandas im Berliner Zoo heißen, finden einige Berliner. Das aber kommt bei China, dem Leihgeber der Panda-Eltern, gar nicht gut an.
sueddeutsche.de
Panda-Babys in Berlin: Streit um Namensgebung
""Hong"" und ""Kong"", das ist ein Vorschlag für die Namen der zwei neuen Pandas im Zoo von Berlin. Doch das kommt bei China gar nicht gut an.
10
12
51",,10,12,51,['https://pbs.twimg.com/card_img/1502547827477594115/IGa5OB4n?format=jpg&name=medium'],https://twitter.com/SZ/status/1171484478268534785
Süddeutsche Zeitung,@SZ,2019-09-11T19:35:18.000Z,"Süddeutsche Zeitung
@SZ
·
2019年9月12日","Die Handelsbeziehungen zwischen Deutschland und China gedeien prächtig, aber der Besuch des Hongkonger Freiheitskämpfers Joshua Wong zeigt: Die Geschäfte haben einen politischen Preis.
sueddeutsche.de
China: Die Zeit der Sonnenschein-Politik ist vorbei
Die Handelsbeziehungen zwischen Deutschland und China gedeien prächtig, aber die Geschäfte haben einen politischen Preis.
2
10
15",,2,10,15,[],https://twitter.com/SZ/status/1171869845652217856
Süddeutsche Zeitung,@SZ,2019-09-08T09:28:16.000Z,"Süddeutsche Zeitung
@SZ
·
2019年9月8日","China-Zeit ist Studienzeit für Angela Merkel. Bei ihrer zwölften Visite im Land besucht sie eine Uni und ein deutsch-chinesisches Krankenhaus. 
@braunsteff
 hat sie begleitet.
sueddeutsche.de
Merkel in China
China-Zeit ist Studienzeit für Angela Merkel. Bei ihrer zwölften Visite besucht sie eine Uni und ein deutsch-chinesisches Krankenhaus.
1
5
22",,1,5,22,['https://pbs.twimg.com/card_img/1502174937775235072/AAkkGn9D?format=jpg&name=medium'],https://twitter.com/SZ/status/1170629918121779201
Süddeutsche Zeitung,@SZ,2019-09-11T17:50:17.000Z,"Süddeutsche Zeitung
@SZ
·
2019年9月12日","Auf der Automesse IAA wollen die europäischen Autobosse unbedingt sehen, was die Konkurrenz aus China zeigt. Denn die ist den großen Marken oft sogar ein bisschen voraus.
sueddeutsche.de
Automesse IAA - Schlange stehen bei den Chinesen
Auf der IAA wollen die europäischen Autobosse unbedingt sehen, was die Konkurrenz aus China zeigt. Denn die ist den großen Marken oft voraus.
2
2
4",,2,2,4,['https://pbs.twimg.com/card_img/1499790344313049092/ZbK7io5c?format=jpg&name=medium'],https://twitter.com/SZ/status/1171843420224143361
Süddeutsche Zeitung,@SZ,2019-09-11T15:32:15.000Z,"Süddeutsche Zeitung
@SZ
·
2019年9月11日","Die Überraschungen bei der #BasketballWM in China reißen nicht ab: Für Titelverteidiger #USA geht es nun darum, das schlechteste Abschneiden seiner Geschichte zu verhindern. https://sz.de/1.4596689
4",,,,4,[],https://twitter.com/SZ/status/1171808680049876993
Süddeutsche Zeitung,@SZ,2019-09-20T09:20:12.000Z,"Süddeutsche Zeitung
@SZ
·
2019年9月20日","Die Volksrepublik China feiert im Oktober ihren 70. Jahrestag. Vor dem Nationalfeiertag legt die Führung nun das Internet lahm - vor allem VPN-Nutzer sind betroffen. https://sz.de/1.4607363
1
3",,,1,3,[],https://twitter.com/SZ/status/1174976540897005570
Süddeutsche Zeitung,@SZ,2019-09-30T11:07:32.000Z,"Süddeutsche Zeitung
@SZ
·
2019年9月30日","Die Menschen im Westen neigen dazu, China zu dämonisieren. Dabei fürchten wir uns in Wahrheit vor uns selbst. https://sz.de/1.4618534
6
15
23",,6,15,23,[],https://twitter.com/SZ/status/1178627432867385344
Süddeutsche Zeitung,@SZ,2019-10-01T16:19:49.000Z,"Süddeutsche Zeitung
@SZ
·
2019年10月2日","Die Volksrepublik China feiert den 70. Jahrestag ihrer Gründung mit der größten Militärparade ihrer Geschichte und mit Versprechen von ""noch mehr Wohlstand"". In Hongkong eskalieren derweil die Proteste.
sueddeutsche.de
China: Jahrestag mit Tränengas und Schlagstöcken
Die Volksrepublik feiert den 70. Jahrestag ihrer Gründung. In Hongkong eskalieren derweil die Proteste.
4
7
12",,4,7,12,[],https://twitter.com/SZ/status/1179068411084754944
Süddeutsche Zeitung,@SZ,2019-10-01T17:46:49.000Z,"Süddeutsche Zeitung
@SZ
·
2019年10月2日","Die Jubiläumsfeiern zeigen, wie schal und leblos China in Wahrheit ist. Das Land wollte innere Größe und Geschlossenheit zeigen, jetzt wird es diesen Anspruch womöglich mit Gewalt durchsetzen.
sueddeutsche.de
70 Jahre China - Parade der Ohnmacht
Die Jubiläumsfeiern zeigen, wie schal und leblos China in Wahrheit ist.
10
7
18",,10,7,18,['https://pbs.twimg.com/card_img/1501760260507320321/jOUP3nLB?format=jpg&name=medium'],https://twitter.com/SZ/status/1179090304013615104
Süddeutsche Zeitung,@SZ,2019-10-03T18:23:01.000Z,"Süddeutsche Zeitung
@SZ
·
2019年10月4日","Ukraine-Affäre: Trump fordert jetzt auch China zu Ermittlungen gegen Biden auf
sueddeutsche.de
Trump fordert China zu Biden-Untersuchungen auf
US-Präsident Donald Trump appelliert an China und Xi Jinping, gegen Joe Biden und dessen Sohn zu ermitteln.
3
5
5",,3,5,5,[],https://twitter.com/SZ/status/1179824188800024576
Süddeutsche Zeitung,@SZ,2019-10-04T10:00:45.000Z,"Süddeutsche Zeitung
@SZ
·
2019年10月4日","In einem Interview ruft Trump China dazu auf, gegen seinen politischen Gegner Biden zu ermitteln. Was hat das mit der Ukraine-Affäre zu tun? Und steigert es die Wahrscheinlichkeit eines Impeachments? Die wichtigsten Fragen und Antworten.
sueddeutsche.de
US-Präsident Trump: Fehlverhalten vor laufender Kamera
In einem Interview ruft Trump China dazu auf, gegen seinen politischen Gegner Biden zu ermitteln. Was hat das mit der Ukraine-Affäre zu tun?
10
4
11",,10,4,11,[],https://twitter.com/SZ/status/1180060178890272768
Süddeutsche Zeitung,@SZ,2019-10-01T13:19:52.000Z,"Süddeutsche Zeitung
@SZ
·
2019年10月1日","70 Jahre Volksrepublik China bedeuten auch 70 Jahre Kommunistische Partei. Pekings Führung meint, demokratische Freiheiten passten nicht zu China und unterdrückt die eigenen Bürger sowie einige historische Wahrheiten. Ein Kommentar von 
@Lea_Deuber
sueddeutsche.de
70 Jahre Volksrepublik China – Die Angst der Partei
Demokratische Freiheiten passten nicht zu China, meint Pekings Führung und unterdrückt die eigenen Bürger und einige historische Wahrheiten.
3
9
9",,3,9,9,[],https://twitter.com/SZ/status/1179023123871612928
Süddeutsche Zeitung,@SZ,2019-10-01T06:43:49.000Z,"Süddeutsche Zeitung
@SZ
·
2019年10月1日","China feiert 70 Jahre Volksrepublik - die Bilder https://sz.de/1.4623214
8
3
6",,8,3,6,[],https://twitter.com/SZ/status/1178923455133171712
Süddeutsche Zeitung,@SZ,2019-10-02T18:02:33.000Z,"Süddeutsche Zeitung
@SZ
·
2019年10月3日","回复 
@SteidlVerlag
Der vollständige Name des Fotografen steht im ersten Absatz unter dem Bild: ""Der opulente Bildband ""Life in a Sea of Red"" zeigt Aufnahmen, die der Pressefotograf Liu Heung Shing seit 1976 im kommunistischen China und in der Sowjetunion machte.""",,,,,[],https://twitter.com/SZ/status/1179456650228506625
Süddeutsche Zeitung,@SZ,2019-10-26T09:20:31.000Z,"Süddeutsche Zeitung
@SZ
·
2019年10月26日","Die neu eingeführte Fußball-Klub-WM 2021 findet ausgerechnet in China statt. Das Land vergrößert seinen Einfluss in verschiedenen Sportarten - Menschenrechte interessieren höchstens am Rande. Ein Kommentar. https://sz.de/1.4656199
9
4
13",,9,4,13,[],https://twitter.com/SZ/status/1188022586900406273
Süddeutsche Zeitung,@SZ,2019-10-23T17:12:52.000Z,"Süddeutsche Zeitung
@SZ
·
2019年10月24日","Facebook-Chef Mark Zuckerberg verteidigt vor dem US-Kongress seine Digitalwährung Libra. Er mahnt zur Eile, weil China in den Startlöchern stehe - und die Amerikaner sind plötzlich gar nicht mehr so abgeneigt https://sz.de/1.4652521
3
6
5",,3,6,5,[],https://twitter.com/SZ/status/1187054291028205574
Süddeutsche Zeitung,@SZ,2019-10-24T11:00:49.000Z,"Süddeutsche Zeitung
@SZ
·
2019年10月24日","Britische Polizei bestätigt: Tote aus Lkw kommen aus China https://sz.de/1.4654242
1
6",,1,,6,[],https://twitter.com/SZ/status/1187323050984910849
Süddeutsche Zeitung,@SZ,2019-10-30T06:42:20.000Z,"Süddeutsche Zeitung
@SZ
·
2019年10月30日","Deutschland und andere Länder kritisieren China wegen des Umgangs mit den Uiguren: Insgesamt 23 Staaten schlossen sich der Stellungnahme vor den Vereinten Nationen in New York an. China solle seinen Verpflichtungen zur Achtung der Menschenwürde nachkommen.
sueddeutsche.de
23 Länder kritisieren China wegen Uiguren
Auch Deutschland schloss sich der Stellungnahme vor den Vereinten Nationen in New York an. China solle die Menschenwürde achten.
12
30
66",,12,30,66,['https://pbs.twimg.com/card_img/1500232231272521732/EuSZT1vZ?format=jpg&name=medium'],https://twitter.com/SZ/status/1189432330412314624
Süddeutsche Zeitung,@SZ,2019-11-04T20:03:47.000Z,"Süddeutsche Zeitung
@SZ
·
2019年11月5日","Der saudische Öl-Konzern Aramco geht an die Börse - und es ist geopolitisch überaus aufschlussreich, wer sich als Investor andient: Staatsfonds aus Russland und China
sueddeutsche.de
Aramco: Es festigen sich Allianzen illiberaler Staaten
Der saudische Öl-Konzern Aramco geht an die Börse - und es ist geopolitisch überaus aufschlussreich, wer sich als Investor andient.
2
14
15",,2,14,15,[],https://twitter.com/SZ/status/1191445959064068097
Süddeutsche Zeitung,@SZ,2019-11-06T04:03:10.000Z,"Süddeutsche Zeitung
@SZ
·
2019年11月6日","Frankreichs Präsident Macron warnt in China vor den Folgen des Dauerstreits zwischen Washington und Peking: https://sz.de/1.4668579
1
5",,1,,5,[],https://twitter.com/SZ/status/1191928990136766470
Süddeutsche Zeitung,@SZ,2019-11-07T09:51:30.000Z,"Süddeutsche Zeitung
@SZ
·
2019年11月7日","China verkündet eine Mini-Einigung im Handelsstreit: Demnach wollen beide Seiten die Zölle schrittweise zurücknehmen. Doch was sagt die US-Regierung dazu?
sueddeutsche.de
China: Wollen Zölle schrittweise zurücknehmen
China verkündet eine Mini-Einigung im Handelsstreit - während die andere Seite noch schläft. Was wird die US-Regierung entgegnen?
3
1
7",,3,1,7,[],https://twitter.com/SZ/status/1192379039278866432
Süddeutsche Zeitung,@SZ,2019-11-07T17:24:36.000Z,"Süddeutsche Zeitung
@SZ
·
2019年11月8日","USA und China wollen erste Zölle abbauen. Aus Peking kommen vorsichtige Signale der Verständigung - Donald Trump allerdings schweigt bisher.
sueddeutsche.de
Handelsstreit: USA und China wollen erste Zölle abbauen
Aus Peking kommen vorsichtige Signale der Verständigung - Donald Trump allerdings schweigt bisher.
1",,,,1,[],https://twitter.com/SZ/status/1192493064948011008
Süddeutsche Zeitung,@SZ,2019-11-24T20:30:00.000Z,"Süddeutsche Zeitung
@SZ
·
2019年11月25日","#ChinaCables: Adrian Zenz spricht über die Internierung von Uiguren in China und die staatliche Überwachung in Xinjiang: https://sz.de/1.4690446
6
39
45",,6,39,45,['https://pbs.twimg.com/media/EKKdE0aXsAIw2pS?format=jpg&name=medium'],https://twitter.com/SZ/status/1198700313718525953
Süddeutsche Zeitung,@SZ,2019-11-26T09:01:54.000Z,"Süddeutsche Zeitung
@SZ
·
2019年11月26日","""Was zum Teufel hat Volkswagen in diesem Polizeistaat verloren?"", fragt China-Experty Ross Anthony und fordert, dass VW seine Automobilfertigung in der Uiguren-Region Xinjiang so schnell wie möglich einstellen soll. #ChinaCables
sueddeutsche.de
China Cables: Volkswagen soll Fabrik schließen
VW soll seine Automobilfertigung in Xinjiang so schnell wie möglich einstellen, fordert China-Experte Ross Anthony. In der Region betreibt die chinesische Führung Internierungslager.
26
51
109",,26,51,109,['https://pbs.twimg.com/card_img/1500572444985233409/Dg6hVvUP?format=jpg&name=medium'],https://twitter.com/SZ/status/1199251922747842560
Süddeutsche Zeitung,@SZ,2019-11-24T18:06:43.000Z,"Süddeutsche Zeitung
@SZ
·
2019年11月25日","Was steht in den geheimen Dokumenten und wie reagiert China? Antworten auf die wichtigsten Fragen zu den #ChinaCables
sueddeutsche.de
China Cables:Die wichtigsten Fakten zu den Dokumenten
Was steht in den geheimen Dokumenten und wie reagiert China? Fragen und Antworten zu dem Leak.
4
45
53",,4,45,53,['https://pbs.twimg.com/card_img/1501717113203011584/9B8WtXHc?format=jpg&name=medium'],https://twitter.com/SZ/status/1198664255370911750
Süddeutsche Zeitung,@SZ,2019-11-25T03:59:41.000Z,"Süddeutsche Zeitung
@SZ
·
2019年11月25日","Vor zwei Jahren gibt es erste, unbestätigte Meldungen über internierte Uiguren in China, aber die Welt erlangt kaum Kenntnis davon. Wieso? #ChinaCables
sueddeutsche.de
China: Warum die Welt spät von den Lagern erfahren hat
Hunderttausende Uiguren werden in Xinjiang in China interniert und überwacht – und kaum jemand nimmt davon Notiz. Wie kann das sein?
8
15
26",,8,15,26,['https://pbs.twimg.com/card_img/1501269455397023744/oSiLRzzk?format=jpg&name=medium'],https://twitter.com/SZ/status/1198813482591903746
Süddeutsche Zeitung,@SZ,2019-11-25T03:59:41.000Z,"Süddeutsche Zeitung
@SZ
·
2019年11月25日","China sieht sich als Opfer des internationalen islamistischen Terrors und rechtfertigt damit die Unterdrückung der Uiguren. Was an dem Terrorvorwurf dran ist #ChinaCables
sueddeutsche.de
Uiguren: Was an Chinas Terrorvorwurf dran ist
Chinas Regierung behauptet, die Uiguren planen einen islamistischen Gottesstaat. Was über Extremisten in Xinjiang bekannt ist – und was nicht.
4
9
12",,4,9,12,['https://pbs.twimg.com/card_img/1501252331781988353/z4zs1dwb?format=jpg&name=medium'],https://twitter.com/SZ/status/1198813483296600064
Süddeutsche Zeitung,@SZ,2019-11-20T09:32:31.000Z,"Süddeutsche Zeitung
@SZ
·
2019年11月20日","Der US-Senat billigt ein Menschenrechtsgesetz zu #Hongkong und stellt sich so hinter die Protestierenden. #China reagiert empört - und auch die Führung Hongkongs ist pikiert. https://sz.de/1.4689360
3
3
9",,3,3,9,[],https://twitter.com/SZ/status/1197085300398448641
Süddeutsche Zeitung,@SZ,2019-11-25T16:02:03.000Z,"Süddeutsche Zeitung
@SZ
·
2019年11月26日","In China interniert die Regierung Hunderttausende Angehörige der uigurischen Minderheit in Lagern. Die ""China Cables"" beschreiben Zustände wie in George Orwells schrecklicher Vision ""1984"". 
Die neue Folge ""Auf den Punkt"" #Podcast
sueddeutsche.de
SZ-Podcast ""Auf den Punkt"" - Nachrichten vom 25.11.19
Überwacht, verfolgt, eingesperrt. ""China Cables"" über die Uiguren. Außerdem: Einbruch in Dresdens Schatzkammer, Ministerinnen wollen Quote in Vorständen.
8
9
10",,8,9,10,['https://pbs.twimg.com/card_img/1500925347268894720/8frDhkPk?format=jpg&name=medium'],https://twitter.com/SZ/status/1198995269066641411
Süddeutsche Zeitung,@SZ,2019-11-25T14:19:53.000Z,"Süddeutsche Zeitung
@SZ
·
2019年11月25日","Uiguren in China - Bundesregierung äußert sich besorgt anlässlich der Enthüllungen zu den Internierungslagern in den China Cables
sueddeutsche.de
Uiguren in China - Bundesregierung besorgt
""Mit größter Sorge"" reagiert das Auswärtige Amt auf die Enthüllung der China Cables. Sanktionen seien allerdings nicht geplant.
4
5
14",,4,5,14,['https://pbs.twimg.com/card_img/1502111176708214785/isF35yMl?format=jpg&name=medium'],https://twitter.com/SZ/status/1198969561434996736
Süddeutsche Zeitung,@SZ,2019-11-20T12:47:32.000Z,"Süddeutsche Zeitung
@SZ
·
2019年11月20日","Drei Menschen sind in China an der Pest erkrankt. 
@ChristophvonEi
 fasst zusammen, was über die Fälle bekannt ist: https://sz.de/1.4689661
1
4
3",,1,4,3,[],https://twitter.com/SZ/status/1197134380176756741
Süddeutsche Zeitung,@SZ,2019-11-27T23:56:01.000Z,"Süddeutsche Zeitung
@SZ
·
2019年11月28日","China hat den US-Präsidenten aufgerufen, sein Veto gegen das Gesetz einzulegen - ohne Erfolg. Ärger mit Peking ist nun vorprogrammiert https://sz.de/1.4701145
10
4
17",,10,4,17,[],https://twitter.com/SZ/status/1199839325934047233
Süddeutsche Zeitung,@SZ,2019-12-02T08:45:01.000Z,"Süddeutsche Zeitung
@SZ
·
2019年12月2日","Streit um Hongkong: China verhängt Sanktionen gegen die USA.
sueddeutsche.de
Hongkong: China verhängt Sanktionen gegen die USA
Die chinesische Führung hat im Streit um Hongkong Sanktionen gegen die USA verhängt.
4
4
8",,4,4,8,['https://pbs.twimg.com/card_img/1471671082872627201/c99atWTd?format=jpg&name=medium'],https://twitter.com/SZ/status/1201422002168500224
Süddeutsche Zeitung,@SZ,2019-12-03T14:56:18.000Z,"Süddeutsche Zeitung
@SZ
·
2019年12月3日","In der Abschlusserklärung des Nato-Treffens in London geht es erstmals auch um China. Besonders der Mobilfunkstandard 5G und die Firma Huawei gelten als Problemfelder:
sueddeutsche.de
Nato-Staaten einigen sich auf Abschlusserklärung
In der Abschlusserklärung des Nato-Treffens in London geht es erstmals auch um China. Besonders 5G und die Firma Huawei gelten als Probleme.
6
346
343",,6,346,343,['https://pbs.twimg.com/card_img/1500928812762206216/zKjhyqK6?format=jpg&name=medium'],https://twitter.com/SZ/status/1201877825801854978
Süddeutsche Zeitung,@SZ,2019-11-27T02:20:02.000Z,"Süddeutsche Zeitung
@SZ
·
2019年11月27日","Die neue Kommissionspräsidentin will offenbar bereits an ihrem ersten Tag mit Peking über die Lage der Uiguren sprechen. Auch US-Außenminister Mike Pompeo kritisiert China scharf.
sueddeutsche.de
EU schaltet sich in Debatte um Uiguren in China ein
Die neue Kommissionspräsidentin will offenbar bereits an ihrem ersten Tag mit Peking über das Thema sprechen.
7
10
34",,7,10,34,['https://pbs.twimg.com/card_img/1502662314033483784/naELxkLG?format=jpg&name=medium'],https://twitter.com/SZ/status/1199513180768231425
Süddeutsche Zeitung,@SZ,2019-11-28T19:22:43.000Z,"Süddeutsche Zeitung
@SZ
·
2019年11月29日","""Ohne ehrgeizige Ziele erreichen wir nichts"": Charles Michel ist neuer EU-Ratspräsident. Er glaubt, dass der Kampf gegen den Klimawandel das neue einende Projekt Europas wird - und warnt vor einem Kalten Krieg zwischen den USA und China. #SZPlus
sueddeutsche.de
EU-Ratspräsident Michel: ""Brauchen ehrgeizige Projekte""
Der neue EU-Ratspräsident Charles Michel glaubt, dass Klimaschutz das neue einende Projekt Europas wird und warnt vor einem Kalten Krieg.
6
5
9",,6,5,9,[],https://twitter.com/SZ/status/1200132935225098240
Süddeutsche Zeitung,@SZ,2019-11-27T17:05:46.000Z,"Süddeutsche Zeitung
@SZ
·
2019年11月28日","Gülziye Taschmamat vermutet, dass ihre Schwester in einem der Lager ist, in dem Uiguren inhaftiert und indoktriniert werden. Ein Schicksal hinter den China Cables. Eine neue Podcastfolge ""Das Thema"": http://zpr.io/tYjeX
7
9",,,7,9,[],https://twitter.com/SZ/status/1199736079710130178
Süddeutsche Zeitung,@SZ,2019-11-28T03:40:54.000Z,"Süddeutsche Zeitung
@SZ
·
2019年11月28日","China protestiert gegen US-Unterstützung für Demokraten in Hongkong https://sz.de/1.4701145
1
2
7",,1,2,7,[],https://twitter.com/SZ/status/1199895917278760965
Süddeutsche Zeitung,@SZ,2019-12-17T06:04:51.000Z,"Süddeutsche Zeitung
@SZ
·
2019年12月17日","Laut der Jahresbilanz der Nichtregierungsorganisation Reporter ohne Grenzen sitzen damit 12 Prozent mehr Journalisten und Medienschaffende in Haft als im Vorjahr. Traurige Spitzenreiter: China, Ägypten und Saudi-Arabien.
sueddeutsche.de
Reporter ohne Grenzen - 389 inhaftierte Journalisten
Laut der Jahresbilanz der Nichtregierungsorganisation Reporter ohne Grenzen sitzen damit 12 Prozent mehr Journalisten und Medienschaffende in Haft als im Vorjahr. Traurige Spitzenreiter: China,...
28
672
661",,28,672,661,['https://pbs.twimg.com/card_img/1502781828784029699/tAOGUVzw?format=jpg&name=medium'],https://twitter.com/SZ/status/1206817513893482496
Süddeutsche Zeitung,@SZ,2019-12-20T03:43:06.000Z,"Süddeutsche Zeitung
@SZ
·
2019年12月20日","Seit China der Sonderwirtschaftszone erlaubt hat, alles auf  Kasinos zu setzen, gedeiht Portugals Ex-Kolonie. Rebellion wie im nahen Hongkong gibt es nicht, besorgt ist China dennoch.
sueddeutsche.de
Macau, Chinas wohlerzogenere Tochter
Seit China der Sonderwirtschaftszone erlaubt hat, alles auf Kasinos zu setzen, gedeiht Portugals Ex-Kolonie. Rebellion wie im nahen Hongkong gibt es nicht, besorgt ist die chinesische Regierung...
20
688
685",,20,688,685,['https://pbs.twimg.com/card_img/1500904514039209996/teK4dgDt?format=jpg&name=medium'],https://twitter.com/SZ/status/1207869005282848769
Süddeutsche Zeitung,@SZ,2019-12-19T09:02:00.000Z,"Süddeutsche Zeitung
@SZ
·
2019年12月19日","Der chinesische Hersteller der Fußball-Simulation ""Pro Evolution Soccer"" löscht Mesut Özils virtuellem Charakter aus seinem Spiel - und begründet das mit dessen „extremen Aussagen über China“. https://sz.de/1.4729934
50
72
124",,50,72,124,[],https://twitter.com/SZ/status/1207586872471494656
Süddeutsche Zeitung,@SZ,2019-12-24T04:17:59.000Z,"Süddeutsche Zeitung
@SZ
·
2019年12月24日","Tannenbäume, Geschenke und viel Bling-Bling in den Einkaufszentren: Auch in China, Japan und Südkorea feiert man Weihnachten. Es ist vor allem ein Fest von Kommerz und Konsum. https://sz.de/1.4732491
10
13
20",,10,13,20,[],https://twitter.com/SZ/status/1209327334727323648
Süddeutsche Zeitung,@SZ,2019-12-23T10:06:47.000Z,"Süddeutsche Zeitung
@SZ
·
2019年12月23日","China senkt Zölle auf Schweinefleisch und Hightech-Teile. Mit dem Handelskonflikt zwischen China und den USA hat die Zollsenkung zwar nichts zu tun. Dafür aber mit teurem Schweinefleisch.
sueddeutsche.de
China senkt Zölle auf Schweinefleisch und Hightech
Mit dem Handelskonflikt zwischen China und den USA hat die Zollsenkung zwar nichts zu tun. Dafür aber mit teurem Schweinefleisch.
1
1
3",,1,1,3,[],https://twitter.com/SZ/status/1209052725863952384
Süddeutsche Zeitung,@SZ,2019-12-21T12:27:08.000Z,"Süddeutsche Zeitung
@SZ
·
2019年12月21日","Der Vorsitzende des Mitgliederrates kritisiert die Verhältnisse in China, der 
@fckoeln
 distanziert sich. Im Klub fürchtet man sich vor den möglichen Folgen der Aussagen des Funktionärs. https://sz.de/1.4732145
4
1
2",,4,1,2,[],https://twitter.com/SZ/status/1208363269070753797
