UserScreenName,UserName,Timestamp,Text,Embedded_text,Emojis,Comments,Likes,Retweets,Image link,Tweet URL
Süddeutsche Zeitung,@SZ,2013-01-02T18:36:50.000Z,"Süddeutsche Zeitung
@SZ
·
2013年1月3日","#China boomt und überholt Europa: Erstmals war der chinesische #Automarkt im Jahr 2012 größer als der europäische.
sueddeutsche.de
Chinesen kaufen mehr Autos als die Europäer
China boomt, der Westen fällt zurück. Erstmals war der chinesische Automarkt im vergangenen Jahr größer als der von Europa. Nach 2030 wird der Pkw-Markt in China vermutlich so groß sein wie der von...
5
3",,,5,3,[],https://twitter.com/SZ/status/286541576228982786
Süddeutsche Zeitung,@SZ,2013-01-14T17:04:11.000Z,"Süddeutsche Zeitung
@SZ
·
2013年1月15日","Der Staat fährt mit: Marcel Grzanna 
@asienreporter
 berichtet aus Peking über den Autoboom in China. http://sz.de/1.1572934",,,,,[],https://twitter.com/SZ/status/290866917185560576
Süddeutsche Zeitung,@SZ,2013-02-25T17:50:54.000Z,"Süddeutsche Zeitung
@SZ
·
2013年2月26日","Mit bunten Smartphones will #Nokia an frühere Erfolge anknüpfen und vor allem im Zukunftsmarkt #China punkten: http://sz.de/1.1609531
3",,,3,,[],https://twitter.com/SZ/status/306098963700920320
Süddeutsche Zeitung,@SZ,2013-03-05T07:45:08.000Z,"Süddeutsche Zeitung
@SZ
·
2013年3月5日","Die Zeichen stehen auf Konfrontation: #USA und #China wollen #Nordkorea für #Atomtest bestrafen. http://sz.de/1.1615797
3
1",,,3,1,[],https://twitter.com/SZ/status/308845619638845440
Süddeutsche Zeitung,@SZ,2013-03-20T07:25:51.000Z,"Süddeutsche Zeitung
@SZ
·
2013年3月20日","#Rückrufaktion: #VW ruft in #China 384.000 Autos wegen Getriebeproblemen zurück in die Werkstatt.
sueddeutsche.de
VW ruft in China 384.000 Autos zurück
VW startet in China die größte Rückrufaktion der Konzerngeschichte. 384.000 Autos von Volkswagen werden zurückgerufen. Machte China Druck?
4",,,4,,[],https://twitter.com/SZ/status/314276582925668352
Süddeutsche Zeitung,@SZ,2013-04-15T09:43:32.000Z,"Süddeutsche Zeitung
@SZ
·
2013年4月15日","Das #Wirtschaftswachstum in #China schrumpft. http://sz.de/1.1648945
3",,,3,,[],https://twitter.com/SZ/status/323733318321442816
Süddeutsche Zeitung,@SZ,2013-04-14T11:21:50.000Z,"Süddeutsche Zeitung
@SZ
·
2013年4月14日","Beim #F1SA in China gewinnt Fernando Alonso vor Räikkönen und Hamilton. Jonas Beckenkamp mit dem Rennbericht. http://sz.de/1.1648462
1
1",,1,1,,[],https://twitter.com/SZ/status/323395668444065793
Süddeutsche Zeitung,@SZ,2013-04-20T15:06:48.000Z,"Süddeutsche Zeitung
@SZ
·
2013年4月20日","Darum sind XL-Limousinen in China so beliebt http://sz.de/1.1653817
1
3
2",,1,3,2,[],https://twitter.com/SZ/status/325626610923474944
Süddeutsche Zeitung,@SZ,2013-04-20T13:12:48.000Z,"Süddeutsche Zeitung
@SZ
·
2013年4月20日","Erneut ein starkes #Erdbeben in #China: Laut offiziellen Angaben sind Hunderte Menschen verletzt oder getötet worden. http://sz.de/1.1654032
7
1",,,7,1,[],https://twitter.com/SZ/status/325597922085457920
Süddeutsche Zeitung,@SZ,2013-05-07T03:33:18.000Z,"Süddeutsche Zeitung
@SZ
·
2013年5月7日","Die USA machen China direkt für eine andauernde #Hacker-Kampagne auf Server der US-Regierung verantwortlich. http://sz.de/1.1666981
2
1",,,2,1,[],https://twitter.com/SZ/status/331612677640163328
Süddeutsche Zeitung,@SZ,2013-05-03T05:50:35.000Z,"Süddeutsche Zeitung
@SZ
·
2013年5月3日","Die erste Hälfte der Odyssee: #Helmut #Schmidt schwadroniert bei #Beckmann über #China. TV-Kritik von 
@OliverKlasen
 http://sz.de/1.1663593
2
2",,,2,2,[],https://twitter.com/SZ/status/330197674571726848
Süddeutsche Zeitung,@SZ,2013-05-06T05:34:09.000Z,"Süddeutsche Zeitung
@SZ
·
2013年5月6日","China und Indien legen Medienberichten zufolge ihren jüngsten Grenzkonflikt am Himalaya bei http://sz.de/1.1666028
4",,,4,,[],https://twitter.com/SZ/status/331280704606441473
Süddeutsche Zeitung,@SZ,2013-05-21T14:39:48.000Z,"Süddeutsche Zeitung
@SZ
·
2013年5月21日","Konflikt zwischen Europa und China und wachsende Zweifel am freien Handel: Gefahr eines #Handelskriegs wächst http://sz.de/1.1676800
1
5
2",,1,5,2,[],https://twitter.com/SZ/status/336853840504705024
Süddeutsche Zeitung,@SZ,2013-05-16T12:48:53.000Z,"Süddeutsche Zeitung
@SZ
·
2013年5月16日","Schutzzölle auf #Solarmodule, Porzellan und im Telekommunikationssektor: #China warnt vor Handelskrieg mit EU. http://sz.de/1.1674125
2
1",,,2,1,[],https://twitter.com/SZ/status/335013986091290624
Süddeutsche Zeitung,@SZ,2013-06-04T11:34:31.000Z,"Süddeutsche Zeitung
@SZ
·
2013年6月4日","Jahrestag: #China verhindert Gedenken an #Tiananmen-Massaker http://sz.de/1.1688001
5",,,5,,[],https://twitter.com/SZ/status/341880642088345600
Süddeutsche Zeitung,@SZ,2013-06-13T10:23:32.000Z,"Süddeutsche Zeitung
@SZ
·
2013年6月13日","Snowdens Bericht über amerikanische Digitalspionage sorgt in China für Wirbel - Demonstration in Hongkong angekündigt http://sz.de/1.1695408
3
1",,,3,1,[],https://twitter.com/SZ/status/345124269824544769
Süddeutsche Zeitung,@SZ,2013-06-19T05:53:12.000Z,"Süddeutsche Zeitung
@SZ
·
2013年6月19日","""Rote Fahne"", Modell H7 ohne Spucknapf: #China will deutsche Autos verdrängen und setzt auf heimische Luxusmarken http://sz.de/1.1700021
1
2
1",,1,2,1,[],https://twitter.com/SZ/status/347230563104608256
Süddeutsche Zeitung,@SZ,2013-06-26T06:27:59.000Z,"Süddeutsche Zeitung
@SZ
·
2013年6月26日","Blutige Ausschreitungen in China: Bei Unruhen in der Provinz Xinjiang sind mehr als 20 Menschen ums Leben gekommen
sueddeutsche.de
27 Tote bei Unruhen in China
Blutige Ausschreitungen in China: Bei Zusammenstößen in der Provinz Xinjiang sind mehr als zwanzig Menschen ums Leben gekommen.
4",,,4,,[],https://twitter.com/SZ/status/349776035086209025
Süddeutsche Zeitung,@SZ,2013-07-06T10:28:00.000Z,"Süddeutsche Zeitung
@SZ
·
2013年7月6日","#China und die #Schweiz haben ein #Freihandelsabkommen abgeschlossen. #Wirtschaft http://sz.de/1.1714172
4",,,4,,[],https://twitter.com/SZ/status/353460313309446145
Süddeutsche Zeitung,@SZ,2013-07-08T10:57:21.000Z,"Süddeutsche Zeitung
@SZ
·
2013年7月8日","Rekordabsätze auf dem Automarkt: #BMW und #Audi verkaufen so viele Autos wie nie zuvor. China & USA als Absatzmärkte
sueddeutsche.de
BMW und Audi verkaufen mehr Autos als je zuvor
Die deutschen Premium-Autobauer melden Rekordzahlen. Audi und BMW verkauften im ersten Halbjahr 2013 mehr Autos als je zuvor.
1
4
2",,1,4,2,[],https://twitter.com/SZ/status/354192474924789760
Süddeutsche Zeitung,@SZ,2013-07-05T14:51:49.000Z,"Süddeutsche Zeitung
@SZ
·
2013年7月5日","Planschen in grüner Soße - Touristen trotzen Algenplage in China http://sz.de/1.1713782
2",,,2,,[],https://twitter.com/SZ/status/353164316993798148
Süddeutsche Zeitung,@SZ,2013-07-28T17:54:22.000Z,"Süddeutsche Zeitung
@SZ
·
2013年7月29日","Hilft weder #Solarindustrie noch Verbraucher: Michael Bauchmüller zu Kompromiss zwischen EU und China zu #Dumping. http://sz.de/1.1732900
4
1",,,4,1,[],https://twitter.com/SZ/status/361545180534415360
Süddeutsche Zeitung,@SZ,2013-07-28T10:54:20.000Z,"Süddeutsche Zeitung
@SZ
·
2013年7月28日","Bericht von China Labor Watch: NGO kritisiert erneut Arbeitsbedingungen bei #Apple-Zulieferern http://sz.de/1.1732358
2",,,2,,[],https://twitter.com/SZ/status/361439476054102016
Süddeutsche Zeitung,@SZ,2013-07-25T05:53:03.000Z,"Süddeutsche Zeitung
@SZ
·
2013年7月25日","Korruption und Machtmissbrauch: In China muss sich der Ex-Spitzenpolitiker #BoXilai vor Gericht verantworten. http://sz.de/1.1730197
1",,,1,,[],https://twitter.com/SZ/status/360276491206004736
Süddeutsche Zeitung,@SZ,2013-07-24T11:04:51.000Z,"Süddeutsche Zeitung
@SZ
·
2013年7月24日","Plan gegen Verschwendung und Protz: #China verbietet Bau neuer Regierungsgebäude - für fünf Jahre. http://sz.de/1.1729279
1",,,1,,[],https://twitter.com/SZ/status/359992570484494336
Süddeutsche Zeitung,@SZ,2013-08-02T08:45:16.000Z,"Süddeutsche Zeitung
@SZ
·
2013年8月2日","Aus in Läden gelagerten Eiern schlüpfen plötzlich Küken: China kämpft mit einer Hitzewelle
sueddeutsche.de
Hitze in China: Menschen kämpfen mit Hitzewelle
In China belastet die Hitze viele Menschen. Bei Temperaturen von mehr als 40 Grad in China schlüpfen plötzlich Küken aus Eiern im Laden.
3
36
2",,3,36,2,[],https://twitter.com/SZ/status/363218933932756992
Süddeutsche Zeitung,@SZ,2013-07-31T09:30:21.000Z,"Süddeutsche Zeitung
@SZ
·
2013年7月31日","#Lebensmittelskandale in #China: Warum in Deutschland die Regale mit #Babynahrung leer stehen http://sz.de/1.1734790
2
8
1",,2,8,1,[],https://twitter.com/SZ/status/362505501700923393
Süddeutsche Zeitung,@SZ,2013-08-23T08:40:21.000Z,"Süddeutsche Zeitung
@SZ
·
2013年8月23日","China statuiert ein Exempel: Das Verfahren gegen Bo Xilai ist der größte Schauprozess in China seit 30 Jahren. http://sz.de/1.1752659
1",,,1,,[],https://twitter.com/SZ/status/370827840641839104
Süddeutsche Zeitung,@SZ,2013-08-20T06:07:44.000Z,"Süddeutsche Zeitung
@SZ
·
2013年8月20日","Vetternwirtschaft oder bloß ein guter Draht zur politischen Elite? Börsenaufsicht ermittelt gegen JP Morgan in China. http://sz.de/1.1749911
1
4
1",,1,4,1,[],https://twitter.com/SZ/status/369702269262241793
Süddeutsche Zeitung,@SZ,2013-08-23T10:07:23.000Z,"Süddeutsche Zeitung
@SZ
·
2013年8月23日","Vorwurf der #Korruption: Ehefrau sagt gegen früheren Politstar #BoXilau aus. #China http://sz.de/1.1752802
1",,,1,,[],https://twitter.com/SZ/status/370849742903066624
Süddeutsche Zeitung,@SZ,2013-08-22T06:41:46.000Z,"Süddeutsche Zeitung
@SZ
·
2013年8月22日","Machterhalt mit dem Mao-Revival: In #China steht Ex-Politstar #Bo Xilai vor Gericht http://sz.de/1.1751808
1",,,1,,[],https://twitter.com/SZ/status/370435610697564160
Süddeutsche Zeitung,@SZ,2013-09-12T08:07:34.000Z,"Süddeutsche Zeitung
@SZ
·
2013年9月12日","Unwissen über #Holocaust in #China: Erste chinesische #Auschwitz-Ausstellung schockiert Besucher: http://sz.de/1.1768847
2
8
1",,2,8,1,[],https://twitter.com/SZ/status/378067349074870272
Süddeutsche Zeitung,@SZ,2013-09-10T11:43:48.000Z,"Süddeutsche Zeitung
@SZ
·
2013年9月10日","China will #Hausaufgaben und Prüfungen für jüngere #Schüler abschaffen. Die Eltern protestieren. #bildungsrecherche http://sz.de/1.1766586
4
1",,,4,1,[],https://twitter.com/SZ/status/377396988087910401
Süddeutsche Zeitung,@SZ,2013-09-03T13:51:12.000Z,"Süddeutsche Zeitung
@SZ
·
2013年9月3日","Beispiellos und riskant: Korruptionsuntersuchung gegen Ex-Sicherheitschef in #China http://sz.de/1.1761090
3
1",,,3,1,[],https://twitter.com/SZ/status/374892336796663808
Süddeutsche Zeitung,@SZ,2013-09-05T10:14:44.000Z,"Süddeutsche Zeitung
@SZ
·
2013年9月5日","Debatte um Militärschlag in Syrien: China befürchtet Schaden für die Weltwirtschaft http://sz.de/1.1762967
2
1",,,2,1,[],https://twitter.com/SZ/status/375562633455624192
Süddeutsche Zeitung,@SZ,2013-09-22T14:26:37.000Z,"Süddeutsche Zeitung
@SZ
·
2013年9月22日","Ringen um Nahrungsmittel: China pachtet gigantische Ackerfläche in der Ukraine http://sz.de/1.1777437
2
12
1",,2,12,1,[],https://twitter.com/SZ/status/381786616421163008
Süddeutsche Zeitung,@SZ,2013-09-26T05:20:34.000Z,"Süddeutsche Zeitung
@SZ
·
2013年9月26日","Viele kämpften für Xia Junfeng, doch es hat ihm nicht geholfen: Der Straßenverkäufer wird in #China hingerichtet http://sz.de/1.1780900
1
6
1",,1,6,1,[],https://twitter.com/SZ/status/383098750207815681
Süddeutsche Zeitung,@SZ,2013-09-23T17:23:31.000Z,"Süddeutsche Zeitung
@SZ
·
2013年9月24日","Miserable Arbeitsbedingungen in China: Aufstand gegen Apple
sueddeutsche.de
China: Arbeiter wehren sich gegen Apple
In China kommt es bei Foxconn, das für Apple herstellt, immer wieder zu Protesten. Nun soll es Tote bei Protesten gegen Apple gegeben haben.
2
8
1",,2,8,1,[],https://twitter.com/SZ/status/382193524986617856
Süddeutsche Zeitung,@SZ,2013-09-20T03:51:38.000Z,"Süddeutsche Zeitung
@SZ
·
2013年9月20日","Überflug verweigert: Venezuelas Präsident #Maduro darf bei seiner Reise nach China nicht über die #USA fliegen. http://sz.de/1.1775660
1
5",,1,5,,[],https://twitter.com/SZ/status/380902042963034112
Süddeutsche Zeitung,@SZ,2013-09-28T09:17:17.000Z,"Süddeutsche Zeitung
@SZ
·
2013年9月28日","Angriff auf das ökonomische System in #China: In #Shanghai eröffnet eine Freihandelszone. http://sz.de/1.1782877
3",,,3,,[],https://twitter.com/SZ/status/383883097454174208
Süddeutsche Zeitung,@SZ,2013-10-03T09:25:36.000Z,"Süddeutsche Zeitung
@SZ
·
2013年10月3日","Kampf gegen Korruption in China: Aus Maos Keller http://sz.de/1.1785461
1
3",,1,3,,[],https://twitter.com/SZ/status/385697131203690496
Süddeutsche Zeitung,@SZ,2013-10-22T09:30:38.000Z,"Süddeutsche Zeitung
@SZ
·
2013年10月22日","Smog in China: Die Stadt Harbin versinkt unter einem schmutzigem Schleier http://sz.de/1.1800329
3
2",,,3,2,[],https://twitter.com/SZ/status/392583768521072640
Süddeutsche Zeitung,@SZ,2013-10-22T05:55:04.000Z,"Süddeutsche Zeitung
@SZ
·
2013年10月22日","Firmen aus Europa und China dürfen Öl vor Brasilien fördern http://sz.de/1.1800256
4",,,4,,[],https://twitter.com/SZ/status/392529516155121664
Süddeutsche Zeitung,@SZ,2013-10-28T16:17:00.000Z,"Süddeutsche Zeitung
@SZ
·
2013年10月29日","Deutschland verwehrt seinen Bürgern viele Daten. Anders als China, zeigt der Open-Data-Index. http://sz.de/1.1805654
1
2
1",,1,2,1,[],https://twitter.com/SZ/status/394860358160371712
Süddeutsche Zeitung,@SZ,2013-10-29T14:39:29.000Z,"Süddeutsche Zeitung
@SZ
·
2013年10月29日","#Apple übertrumpft sich selbst. Aber ausgerechnet in China ist der Umsatz mickrig. http://sz.de/1.1806642
1",,,1,,[],https://twitter.com/SZ/status/395198204863860736
Süddeutsche Zeitung,@SZ,2013-10-29T14:51:29.000Z,"Süddeutsche Zeitung
@SZ
·
2013年10月29日","Tödlicher Zwischenfall auf Tiananmen-Platz : China vermutet Selbstmordanschlag http://sz.de/1.1806505
3",,,3,,[],https://twitter.com/SZ/status/395201226696310785
Süddeutsche Zeitung,@SZ,2013-11-05T11:44:25.000Z,"Süddeutsche Zeitung
@SZ
·
2013年11月5日","Indien hat eine Mars-Sonde gestartet. Mit der Mission will das Land den Rivalen China überflügeln. http://sz.de/1.1810811
2
4
1",,2,4,1,[],https://twitter.com/SZ/status/397690865311047680
Süddeutsche Zeitung,@SZ,2013-11-16T10:12:38.000Z,"Süddeutsche Zeitung
@SZ
·
2013年11月16日",Reformen unter Xi Jingping: Aktivisten warnen Westen vor Naivität gegenüber #China http://sz.de/1.1820235,,,,,[],https://twitter.com/SZ/status/401654034693914624
Süddeutsche Zeitung,@SZ,2013-11-15T11:39:58.000Z,"Süddeutsche Zeitung
@SZ
·
2013年11月15日","So zensiert #China: 
@ProPublica
 zeigt, welche Inhalte bei Sina Weibo verboten sind. Von 
@jakobschulz
 http://sz.de/1.1819353
1
5
5",,1,5,5,[],https://twitter.com/SZ/status/401313621919416320
Süddeutsche Zeitung,@SZ,2013-11-25T08:48:04.000Z,"Süddeutsche Zeitung
@SZ
·
2013年11月25日","#China verlangt von den USA, sich aus dem Inselstreit mit #Japan herauszuhalten http://sz.de/1.1826691
1
1",,,1,1,[],https://twitter.com/SZ/status/404894240763039744
Süddeutsche Zeitung,@SZ,2013-11-26T12:34:59.000Z,"Süddeutsche Zeitung
@SZ
·
2013年11月26日","Inselstreit zwischen Japan und China: Historisches Kräftemessen ist neu entflammt. http://sz.de/1.1828169
4
1",,,4,1,[],https://twitter.com/SZ/status/405313735512059904
Süddeutsche Zeitung,@SZ,2013-11-30T12:18:07.000Z,"Süddeutsche Zeitung
@SZ
·
2013年11月30日","Tierversuche in der Kosmetikbranche - Rückzug aus China http://sz.de/1.1831954
6
2",,,6,2,[],https://twitter.com/SZ/status/406759042171011072
Süddeutsche Zeitung,@SZ,2013-12-02T05:53:14.000Z,"Süddeutsche Zeitung
@SZ
·
2013年12月2日","Weiß Peking um das Risiko seines Handelns? China will der Welt zeigen, dass es eine große Nation ist. http://sz.de/1.1832829
7
4",,,7,4,[],https://twitter.com/SZ/status/407386957321625600
Süddeutsche Zeitung,@SZ,2013-12-04T04:59:22.000Z,"Süddeutsche Zeitung
@SZ
·
2013年12月4日","Vor Besuch von US-Vizepräsident in Peking: Biden solle sich keine Fortschritte im #Inselstreit erhoffen, sagt China http://sz.de/1.1834954
2
3",,,2,3,[],https://twitter.com/SZ/status/408098179390140416
Süddeutsche Zeitung,@SZ,2013-11-27T05:23:11.000Z,"Süddeutsche Zeitung
@SZ
·
2013年11月27日","Inselstreit zwischen China und Japan: USA provozieren mit Flugzeugeinsatz http://sz.de/1.1828965
3
2",,,3,2,[],https://twitter.com/SZ/status/405567456674324480
Süddeutsche Zeitung,@SZ,2013-12-23T11:57:18.000Z,"Süddeutsche Zeitung
@SZ
·
2013年12月23日","Die Musik spielt in China: Deutsche Klavierbauer können mit der Konkurrenz aus Fernost nicht mehr mithalten http://sz.de/1.1849907
5
4",,,5,4,[],https://twitter.com/SZ/status/415088723173588992
Süddeutsche Zeitung,@SZ,2013-12-26T08:54:14.000Z,"Süddeutsche Zeitung
@SZ
·
2013年12月26日","Japans Premier Shinzo Abe besucht #Yasukuni-Schrein - China und Südkorea sind empört. http://sz.de/1.1850847
2
3",,,2,3,[],https://twitter.com/SZ/status/416129816950493184
