UserScreenName,UserName,Timestamp,Text,Embedded_text,Emojis,Comments,Likes,Retweets,Image link,Tweet URL
Süddeutsche Zeitung,@SZ,2015-01-05T18:29:50.000Z,"Süddeutsche Zeitung
@SZ
·
2015年1月6日","Der Pika-Hase diente als Vorlage für ""Pikachu"". China versucht nun verstärkt, ihn auszurotten. http://sz.de/1.2291887
1
11
5",,1,11,5,[],https://twitter.com/SZ/status/552170120454610944
Süddeutsche Zeitung,@SZ,2015-01-08T07:28:14.000Z,"Süddeutsche Zeitung
@SZ
·
2015年1月8日","Repressalien gegen westliche Journalisten in China nehmen zu. Jüngstes Beispiel: die Korrespondentin der ZEIT.
sueddeutsche.de
Pressefreiheit in China: Journalisten werden bedroht
Die Repressalien gegen ausländische Journalisten in China nehmen zu. Die Korrespondentin der ""Zeit"" hat China nach Verhören verlassen.
6
4",,,6,4,[],https://twitter.com/SZ/status/553090788348157952
Süddeutsche Zeitung,@SZ,2015-01-09T11:32:35.000Z,"Süddeutsche Zeitung
@SZ
·
2015年1月9日","Uber streitet sich auf der ganzen Welt mit Gerichten, jetzt hat auch China dem Fahrdienst den Kampf angesagt http://sz.de/1.2296909
4
1",,,4,1,[],https://twitter.com/SZ/status/553514667214381056
Süddeutsche Zeitung,@SZ,2015-01-05T10:01:29.000Z,"Süddeutsche Zeitung
@SZ
·
2015年1月5日","China gibt den Handel mit Seltenen Erden wieder frei - aber erst nach internationalem Druck http://sz.de/1.2291728
1
1
1",,1,1,1,[],https://twitter.com/SZ/status/552042189946376192
Süddeutsche Zeitung,@SZ,2015-01-20T06:36:21.000Z,"Süddeutsche Zeitung
@SZ
·
2015年1月20日","Die Wirtschaft in #China verfehlt erstmals seit 1998 das Planziel aus Peking. Und die Probleme werden größer. http://sz.de/1.2312385
1
5
1",,1,5,1,[],https://twitter.com/SZ/status/557426385527255040
Süddeutsche Zeitung,@SZ,2015-01-16T10:58:35.000Z,"Süddeutsche Zeitung
@SZ
·
2015年1月16日","Gegen den Vizeminister für Staatssicherheit in China wird wegen Korruption ermittelt. http://sz.de/1.2306839
1
2
1",,1,2,1,[],https://twitter.com/SZ/status/556042826409332737
Süddeutsche Zeitung,@SZ,2015-01-26T08:57:57.000Z,"Süddeutsche Zeitung
@SZ
·
2015年1月26日","In China sollen mehr iPhones verkauft werden als in den USA. Eine schlechte Nachricht: für Samsung. http://sz.de/1.2075840
1",,,,1,[],https://twitter.com/SZ/status/559636348412649472
Süddeutsche Zeitung,@SZ,2015-02-02T17:02:09.000Z,"Süddeutsche Zeitung
@SZ
·
2015年2月3日","Deutsche Automobilhersteller profitieren vom Boom in China. Bereits 2015 verkaufen sie dort mehr Autos als in der EU. http://sz.de/1.2332463
1
4",,1,4,,[],https://twitter.com/SZ/status/562294914655199233
Süddeutsche Zeitung,@SZ,2015-02-02T13:22:58.000Z,"Süddeutsche Zeitung
@SZ
·
2015年2月2日","In China sind Mitglieder der #Quannengshen hingerichtet worden. Sie sollen bei McDonald’s eine Frau getötet haben.
sueddeutsche.de
Vater und Tochter in China hingerichtet
In China sind Mitglieder der ""Quannengshen"" hingerichtet worden. Sie sollen bei McDonald’s eine Frau getötet haben.
2",,,,2,[],https://twitter.com/SZ/status/562239757775011840
Süddeutsche Zeitung,@SZ,2015-02-11T08:57:12.000Z,"Süddeutsche Zeitung
@SZ
·
2015年2月11日","Angriff aus China: Hacker attackierten US-Unternehmen - indem sie 
@Forbes
 hackten http://sz.de/1.2345915
4
1",,,4,1,[],https://twitter.com/SZ/status/565434363366871041
Süddeutsche Zeitung,@SZ,2015-02-13T14:38:12.000Z,"Süddeutsche Zeitung
@SZ
·
2015年2月13日","Verluste? Probleme in China? Egal. Laut CEO Elon Musk soll @TeslaMotors bald so viel wert sein wie 
@AppleOfficial
.
sueddeutsche.de
Tesla-Chef Elon Musk - So groß wie Apple
Verluste? Probleme in China? Egal. Laut Firmenchef Elon Musk soll Tesla bald so viel wert sein wie der riesige IT-Konzern.
1
1",,1,1,,[],https://twitter.com/SZ/status/566244956747354112
Süddeutsche Zeitung,@SZ,2015-03-05T04:14:31.000Z,"Süddeutsche Zeitung
@SZ
·
2015年3月5日","Einst arbeitete Chai Jing beim Staatssender, nun beherrscht sie die öffentliche Debatte in #China - mit einem Film. http://sz.de/1.2377693
1
4",,,1,4,[],https://twitter.com/SZ/status/573335758955806720
Süddeutsche Zeitung,@SZ,2015-03-06T09:40:28.000Z,"Süddeutsche Zeitung
@SZ
·
2015年3月6日","Nein, der Körper gewöhnt sich nicht an Smog. 
@kaistrittmatter
 über die Umweltverschmutzung in China http://sz.de/1.2378942
4
4",,,4,4,[],https://twitter.com/SZ/status/573780173117636608
Süddeutsche Zeitung,@SZ,2015-03-15T08:45:24.000Z,"Süddeutsche Zeitung
@SZ
·
2015年3月15日","Vom Dalai Lama bis zum Oberhaupt der Kommunistischen Partei - Über diese Themen darf man in China nicht reden: http://sz.de/1.2392042
8
6",,,8,6,[],https://twitter.com/SZ/status/577027806082809856
Süddeutsche Zeitung,@SZ,2015-03-31T08:17:55.000Z,"Süddeutsche Zeitung
@SZ
·
2015年3月31日","Die Apple Watch kommt Ende April - außer in China, da gibt es sie bereits jetzt zu haben. Als Kopie jedenfalls. http://sz.de/1.2416653
4
5",,,4,5,[],https://twitter.com/SZ/status/582819098486304768
Süddeutsche Zeitung,@SZ,2015-03-27T07:45:28.000Z,"Süddeutsche Zeitung
@SZ
·
2015年3月27日","Frühstücksflocke - Erstmals seit 35 Jahren gibt es Bilder vom extrem seltenen  Ili-Pfeifhasen aus China
espresso.sueddeutsche.de
Frühstücksflocke
Seltener als ein Panda, besser als jedes Katzenvideo. Der Ili-Pfeifhase sieht aus wie eine Mischung aus Zwergkaninchen und Murmeltier und ist vom Aussterben bedroht. Im chinesischen Tianshan-Gebirg...
2
2
3",,2,2,3,[],https://twitter.com/SZ/status/581361378482642944
Süddeutsche Zeitung,@SZ,2015-03-23T09:06:33.000Z,"Süddeutsche Zeitung
@SZ
·
2015年3月23日","Chem China kauft Pirelli: Italien verliert das nächste Traditionsunternehmen an chinesische Investoren. http://sz.de/1.2404939
1
6
1",,1,6,1,[],https://twitter.com/SZ/status/579932233445838848
Süddeutsche Zeitung,@SZ,2015-04-09T13:00:44.000Z,"Süddeutsche Zeitung
@SZ
·
2015年4月9日","Yiwu, China: Ausgediente Lastwagen auf einer Schrotthalde. #bilderdestages
http://sueddeutsche.de/leben/bilder-des-tages-momentaufnahmen-im-april-1.2419453-2…
1
4
3",,1,4,3,[],https://twitter.com/SZ/status/586151758298275840
Süddeutsche Zeitung,@SZ,2015-04-13T17:31:33.000Z,"Süddeutsche Zeitung
@SZ
·
2015年4月14日","Die Exporte aus #China brechen ein, die #Konjunktur-Lokomotive wird schwächer. Die Notenbank dürfte nun reagieren. http://sz.de/1.2432910
1
2",,,1,2,[],https://twitter.com/SZ/status/587669466726735872
Süddeutsche Zeitung,@SZ,2015-04-12T09:38:23.000Z,"Süddeutsche Zeitung
@SZ
·
2015年4月12日","#China: Mehr als 1700 Studenten schreiben ihr Examen unter freiem Himmel. #bilderdestages http://bit.ly/1DvDF3O
7
48
39",,7,48,39,[],https://twitter.com/SZ/status/587187998946635776
Süddeutsche Zeitung,@SZ,2015-04-16T16:27:19.000Z,"Süddeutsche Zeitung
@SZ
·
2015年4月17日","Illegale Autorennen von Funktionärssöhnchen mit Luxusautos schüren den Reichenhass in China. http://sz.de/1.2436020
3
3",,,3,3,[],https://twitter.com/SZ/status/588740463898812416
Süddeutsche Zeitung,@SZ,2015-04-17T05:40:31.000Z,"Süddeutsche Zeitung
@SZ
·
2015年4月17日","Umstrittener Prozess: China steckt kritische Journalistin Gao Yu ins Gefängnis http://sz.de/1.2439469
2
6
2",,2,6,2,[],https://twitter.com/SZ/status/588940080175263744
Süddeutsche Zeitung,@SZ,2015-04-23T10:10:48.000Z,"Süddeutsche Zeitung
@SZ
·
2015年4月23日","Mercedes-Benz muss in China wegen eines Kartellverstoßes Strafe zahlen. http://sz.de/1.2448719
1
1",,,1,1,[],https://twitter.com/SZ/status/591182423800606722
Süddeutsche Zeitung,@SZ,2015-04-24T05:25:47.000Z,"Süddeutsche Zeitung
@SZ
·
2015年4月24日","#Frühstücksflocke - China will gegen Stripper bei Beerdigungen vorgehen.  http://tmblr.co/Z6hDus1jBcPS7
3
4",,,3,4,[],https://twitter.com/SZ/status/591473085770903553
Süddeutsche Zeitung,@SZ,2015-04-28T14:59:53.000Z,"Süddeutsche Zeitung
@SZ
·
2015年4月28日","Wein aus China? In Deutschland kein Thema. Doch die Volksrepublik hat Ambitionen. http://sz.de/1.2456312
1
1",,,1,1,[],https://twitter.com/SZ/status/593067113541181440
Süddeutsche Zeitung,@SZ,2015-05-04T13:00:20.000Z,"Süddeutsche Zeitung
@SZ
·
2015年5月4日","Motorräder sind in China noch ein Luxusgut. Doch der Markt wächst schnell, die ersten Hersteller positionieren sich. http://sz.de/1.2456719
1",,,1,,[],https://twitter.com/SZ/status/595211355893977088
Süddeutsche Zeitung,@SZ,2015-05-14T18:25:46.000Z,"Süddeutsche Zeitung
@SZ
·
2015年5月15日","#DerTagKompakt Postbeamte als Streikbrecher /Kooperation: China trifft Indien /Nato:Türkei will stärkere Rolle http://tmblr.co/Z6hDus1kodcdw
1
1
1",,1,1,1,[],https://twitter.com/SZ/status/598917131149963264
Süddeutsche Zeitung,@SZ,2015-05-18T14:13:27.000Z,"Süddeutsche Zeitung
@SZ
·
2015年5月18日","Ein sogenanntes Nagelhaus wird abgerissen in Luoyang, China. #bilderdestages http://sueddeutsche.de/leben/bilder-des-tages-momentaufnahmen-im-mai-1.2461851-3…
1
7
6",,1,7,6,[],https://twitter.com/SZ/status/600303187225145344
Süddeutsche Zeitung,@SZ,2015-05-18T22:15:59.000Z,"Süddeutsche Zeitung
@SZ
·
2015年5月19日","Ein sogenanntes Nagelhaus steht inmitten einer neu gebauten Straße in Luoyang/China. (Bild: REUTERS) #bilderdestages
2
10
15",,2,10,15,[],https://twitter.com/SZ/status/600424619238137856
Süddeutsche Zeitung,@SZ,2015-05-11T10:58:04.000Z,"Süddeutsche Zeitung
@SZ
·
2015年5月11日","Uiguren-Provinz Xinjiang, China: Zwei Jungs spielen während eines Sandsturms. 
#bilderdestages http://bit.ly/1Id04oa
8",,,,8,[],https://twitter.com/SZ/status/597717303120306176
Süddeutsche Zeitung,@SZ,2015-05-28T11:00:07.000Z,"Süddeutsche Zeitung
@SZ
·
2015年5月28日","Der 
@FCBayern
 hatte bislang Probleme, China für sich zu begeistern. Doch nun hat er sechs Weltmeister. http://sz.de/1.2496141
1
1
1",,1,1,1,[],https://twitter.com/SZ/status/603878410243481600
Süddeutsche Zeitung,@SZ,2015-05-29T15:02:44.000Z,"Süddeutsche Zeitung
@SZ
·
2015年5月29日","China fusioniert Staatskonzerne zu riesigen Monopolbetrieben. Müssen europäische Firmen sich fürchten? http://sz.de/1.2497458
1
2
3",,1,2,3,[],https://twitter.com/SZ/status/604301854642696192
Süddeutsche Zeitung,@SZ,2015-06-02T04:14:08.000Z,"Süddeutsche Zeitung
@SZ
·
2015年6月2日","#China: Nach einem Schiffsunglück auf dem #Jangtse werden mehrere Hundert Menschen vermisst. http://sz.de/1.2503343
2
1",,,2,1,[],https://twitter.com/SZ/status/605588183234015232
Süddeutsche Zeitung,@SZ,2015-06-01T12:35:02.000Z,"Süddeutsche Zeitung
@SZ
·
2015年6月1日","China baut in einem umstrittenen Gebiet Inseln aus, die USA sind beunruhigt. Was will Peking? http://sz.de/1.2501050
3
5",,3,5,,[],https://twitter.com/SZ/status/605351849412149249
Süddeutsche Zeitung,@SZ,2015-06-19T08:00:35.000Z,"Süddeutsche Zeitung
@SZ
·
2015年6月19日","Heftige Regenfälle haben die Straßen in Changzhou, China, überschwemmt. #bilderdestages http://sueddeutsche.de/leben/bilder-des-tages-momentaufnahmen-im-juni-1.2502418…
3
2",,,3,2,[],https://twitter.com/SZ/status/611805765683187714
Süddeutsche Zeitung,@SZ,2015-06-14T07:15:34.000Z,"Süddeutsche Zeitung
@SZ
·
2015年6月14日","Geheimdienst-Enthüllungen: Russland und China fischen Snowden-Dokumente ab - Großbritannien muss Agenten abziehen. http://sz.de/1.2519920
4
8
3",,4,8,3,[],https://twitter.com/SZ/status/609982495069761536
Süddeutsche Zeitung,@SZ,2015-06-11T11:28:08.000Z,"Süddeutsche Zeitung
@SZ
·
2015年6月11日","Anti-Korruptionskampagne - Ex-Sicherheitschef Zhou Yongkang muss in China lebenslang ins Gefängnis http://sz.de/1.2516332
1
1",,1,,1,[],https://twitter.com/SZ/status/608958891922190336
Süddeutsche Zeitung,@SZ,2015-06-14T07:50:50.000Z,"Süddeutsche Zeitung
@SZ
·
2015年6月14日","Guten Sonntagmorgen aus dem 
@SZ
-Hochhaus. Die Themen: Analyse der Wahlkampfrede von 
@HillaryClinton
; Moskau & China fischen #Snowden-Dok ab.
1
1",,1,,1,[],https://twitter.com/SZ/status/609991371387240448
Süddeutsche Zeitung,@SZ,2015-06-26T09:39:00.000Z,"Süddeutsche Zeitung
@SZ
·
2015年6月26日","Fotograf Ma Hongjie beeindruckt mit seiner Bilderserie ""Familiy Belongings"", für die er Familien in China porträtiert http://sz.de/1.2513551",,,,,[],https://twitter.com/SZ/status/614367245049982976
Süddeutsche Zeitung,@SZ,2015-07-08T16:20:04.000Z,"Süddeutsche Zeitung
@SZ
·
2015年7月9日","In China rauschen die Aktienkurse in den Keller. Die Regierung reagiert hektisch http://sz.de/1.2556295
5
1",,,5,1,[],https://twitter.com/SZ/status/618816832401743873
Süddeutsche Zeitung,@SZ,2015-07-18T14:35:15.000Z,"Süddeutsche Zeitung
@SZ
·
2015年7月18日","Ein Land soll Rot tragen: Bilder vom Trainingslager des 
@FCBayern
 in China. #FCB http://sz.de/1.2571421
2",,,,2,[],https://twitter.com/SZ/status/622414332610105344
Süddeutsche Zeitung,@SZ,2015-07-19T07:34:38.000Z,"Süddeutsche Zeitung
@SZ
·
2015年7月19日","Der 
@FCBayern
 erlebt in China ungewöhnliche PR-Termine. Nebenbei gelingt ein 4:1 gegen 
@valenciavf
 http://sz.de/1.2570579
2",,,,2,[],https://twitter.com/SZ/status/622670868221685760
Süddeutsche Zeitung,@SZ,2015-07-28T03:36:18.000Z,"Süddeutsche Zeitung
@SZ
·
2015年7月28日","#Börsencrash in China: Kurssturz geht weiter http://sz.de/1.2585033
1
7
3",,1,7,3,[],https://twitter.com/SZ/status/625872382666915840
Süddeutsche Zeitung,@SZ,2015-07-22T14:21:55.000Z,"Süddeutsche Zeitung
@SZ
·
2015年7月22日","Vier Jahre lang konnte #aiweiwei china nicht verlassen - jetzt hat er seinen Pass zurück bekommen. http://sz.de/1.2578130
8
9",,,8,9,[],https://twitter.com/SZ/status/623860527769473024
Süddeutsche Zeitung,@SZ,2015-07-29T15:24:33.000Z,"Süddeutsche Zeitung
@SZ
·
2015年7月29日","Die Fechterin Imke Duplitzer schildert, wie sehr es einen Athleten belastet, in Katar oder China antreten zu müssen. http://sz.de/1.2483645
4
11
17",,4,11,17,[],https://twitter.com/SZ/status/626413005824204800
Süddeutsche Zeitung,@SZ,2015-07-22T10:24:53.000Z,"Süddeutsche Zeitung
@SZ
·
2015年7月22日","In #China hat ein 57-Jähriger 143 Gemälde einer Galerie gefälscht - und sie gegen die Originale ausgetauscht. http://sz.de/1.2577227
1
4
4",,1,4,4,[],https://twitter.com/SZ/status/623800879200665600
Süddeutsche Zeitung,@SZ,2015-08-11T08:01:11.000Z,"Süddeutsche Zeitung
@SZ
·
2015年8月11日","China: Die Wirtschaft lahmt - Chinas Zentralbank reagiert mit einer Abwertung des Yuan http://sz.de/1.2603487
7
3",,,7,3,[],https://twitter.com/SZ/status/631012472405757952
Süddeutsche Zeitung,@SZ,2015-08-12T17:01:20.000Z,"Süddeutsche Zeitung
@SZ
·
2015年8月13日","China wertet ab, Kritiker fürchten einen Währungskrieg. Dabei hat Europa damit angefangen http://sz.de/1.2605933
2
3
3",,2,3,3,[],https://twitter.com/SZ/status/631510792521818113
Süddeutsche Zeitung,@SZ,2015-08-14T07:13:22.000Z,"Süddeutsche Zeitung
@SZ
·
2015年8月14日","32 Stunden nach Explosionen in China ist ein Mann gerettet worden. Noch immer werden in Tianjin Menschen vermisst. http://sz.de/1.2608392
2
1",,,2,1,[],https://twitter.com/SZ/status/632087601743286272
Süddeutsche Zeitung,@SZ,2015-08-13T10:57:07.000Z,"Süddeutsche Zeitung
@SZ
·
2015年8月13日","Explosionen in China: Korruption und ungeschultes Personal erschweren die Umsetzung von Sicherheitsbestimmungen http://sz.de/1.2607150
5
1",,,5,1,[],https://twitter.com/SZ/status/631781522832494592
Süddeutsche Zeitung,@SZ,2015-08-24T15:51:45.000Z,"Süddeutsche Zeitung
@SZ
·
2015年8月24日","Was eine schärfere Kontrolle am Bahnhof bewirken kann, zeigt das Beispiel #China http://sz.de/1.2620144
6
6",,,6,6,[],https://twitter.com/SZ/status/635841936658702336
Süddeutsche Zeitung,@SZ,2015-08-24T07:19:52.000Z,"Süddeutsche Zeitung
@SZ
·
2015年8月24日","Der Boom in China endet - ein Risiko auch für Europa. Wir sind für eine neue Krise schlecht gerüstet. http://sz.de/1.2617995
5
10
6",,5,10,6,[],https://twitter.com/SZ/status/635713113984249856
Süddeutsche Zeitung,@SZ,2015-08-24T14:39:41.000Z,"Süddeutsche Zeitung
@SZ
·
2015年8月24日","Der #Börsencrash in #China großteils hausgemacht. Peking hat die Kurse künstlich hochgetrieben und Kritik verhindert. http://sz.de/1.2619689
1
8
3",,1,8,3,[],https://twitter.com/SZ/status/635823798374268928
Süddeutsche Zeitung,@SZ,2015-08-22T15:43:40.000Z,"Süddeutsche Zeitung
@SZ
·
2015年8月22日","Erneut kam es in China zu einer Explosion in einer Chemiefabrik. Das Unglück ereignete sich nahe einer Wohngegend.
sueddeutsche.de
Shandong in China - Erneut Explosion in Chemiefabrik
Erneut kam es in China zu einer Explosion in einer Chemiefabrik. Das Unglück ereignete sich in der Nähe einer Wohngegend.
5
3",,,5,3,[],https://twitter.com/SZ/status/635115125503037440
Süddeutsche Zeitung,@SZ,2015-09-05T09:51:27.000Z,"Süddeutsche Zeitung
@SZ
·
2015年9月5日","#G20-Treffen in Ankara: China gesteht überraschend offen Fehler ein. Japan reagiert mit peinlicher Kritik. http://sz.de/1.2635831
1
5
3",,1,5,3,[],https://twitter.com/SZ/status/640099917915136000
Süddeutsche Zeitung,@SZ,2015-09-03T10:23:29.000Z,"Süddeutsche Zeitung
@SZ
·
2015年9月3日","Der IWF warnt vor einer taumelnden Weltwirtschaft - und hat Forderungen an China, die USA und Europa http://sz.de/1.2632940
1
2
1",,1,2,1,[],https://twitter.com/SZ/status/639383203946610688
Süddeutsche Zeitung,@SZ,2015-08-31T07:28:20.000Z,"Süddeutsche Zeitung
@SZ
·
2015年8月31日","Der Kurssturz an der Börse in China hat die Welt erschüttert. Nun will die Regierung erste Schuldige gefunden haben. http://sz.de/1.2628172
2
3",,,2,3,[],https://twitter.com/SZ/status/638251961696043008
Süddeutsche Zeitung,@SZ,2015-09-03T07:32:47.000Z,"Süddeutsche Zeitung
@SZ
·
2015年9月3日",Börsenturbulenzen weltweit: Reagiert die EZB auf China? http://sz.de/1.2631320,,,,,[],https://twitter.com/SZ/status/639340246241570816
Süddeutsche Zeitung,@SZ,2015-09-10T12:56:56.000Z,"Süddeutsche Zeitung
@SZ
·
2015年9月10日","In China wurde die Kopie einer kompletten dm-Filiale entdeckt. Sogar der Werbeslogan im Schaufenster ist auf deutsch
sueddeutsche.de
Kopie von kompletter dm-Filiale in China entdeckt
Sogar der Werbeslogan im Schaufenster ist auf Deutsch.
4
11
13",,4,11,13,[],https://twitter.com/SZ/status/641958537166462976
Süddeutsche Zeitung,@SZ,2015-09-08T07:02:23.000Z,"Süddeutsche Zeitung
@SZ
·
2015年9月8日","China: Handelshürden und schlechtes Krisenmanagement - die europäische Handelskammer kritisiert Reformstau http://sz.de/1.2638605
1
2
3",,1,2,3,[],https://twitter.com/SZ/status/641144535687499776
Süddeutsche Zeitung,@SZ,2015-09-08T15:05:30.000Z,"Süddeutsche Zeitung
@SZ
·
2015年9月8日","#Kohle in sauber? 
@Ch_Behrens
 hat im effizientesten #Kraftwerk von #China recherchiert, ob #CleanCoal funktioniert
sueddeutsche.de
Chinas Kohleboom - Reportage aus Kraftwerk in Shanghai
""Waigaoqiao 3"" gilt als außerordentlich effizientes und umweltfreundliches Kohlekraftwerk - und dient der Kohlelobby als Argument für die Idee ""Clean Coal"".
2
4",,,2,4,[],https://twitter.com/SZ/status/641266112819298304
Süddeutsche Zeitung,@SZ,2015-10-07T09:27:19.000Z,"Süddeutsche Zeitung
@SZ
·
2015年10月7日","Die Konjunktur im Deutschland bleibt laut #Herbstgutachten auch 2016 robust. Nur #China trübt die Laune.
sueddeutsche.de
Herbstgutachten - Deutsche Wirtschaft gibt sich robust
Die Konjunktur im Deutschland bleibt laut Herbstgutachten auch 2016 robust. Nur China trübt die Laune.
5
3",,,5,3,[],https://twitter.com/SZ/status/651690256769634304
Süddeutsche Zeitung,@SZ,2015-11-03T13:53:40.000Z,"Süddeutsche Zeitung
@SZ
·
2015年11月3日","China wirft seine Währung auf den freien Markt. Zumindest verspricht das der nächste Fünf-Jahres-Plan. http://sz.de/1.2720550
6
5",,,6,5,[],https://twitter.com/SZ/status/661541755477708801
Süddeutsche Zeitung,@SZ,2015-10-29T05:15:58.000Z,"Süddeutsche Zeitung
@SZ
·
2015年10月29日","Großes Geschäft beim Merkel-Besuch in Peking - Airbus soll 130 Flugzeuge im Wert von 17 Mrd. $ an China liefern http://sz.de/1.2713490
4
3
5",,4,3,5,[],https://twitter.com/SZ/status/659599535270924288
Süddeutsche Zeitung,@SZ,2015-10-30T05:03:35.000Z,"Süddeutsche Zeitung
@SZ
·
2015年10月30日","Chinas Marinechef warnt USA vor Krieg im Südchinesischen Meer. China und die USA streiten wegen künstlicher Inseln. http://sz.de/1.2715193
2
7
2",,2,7,2,[],https://twitter.com/SZ/status/659958804726071296
Süddeutsche Zeitung,@SZ,2015-10-29T11:06:26.000Z,"Süddeutsche Zeitung
@SZ
·
2015年10月29日","Geburtenkontrolle: China schafft Ein-Kind-Politik ab http://sz.de/1.2713905
10
3",,,10,3,[],https://twitter.com/SZ/status/659687730457272320
Süddeutsche Zeitung,@SZ,2015-11-25T12:04:25.000Z,"Süddeutsche Zeitung
@SZ
·
2015年11月25日","In China sollen geklonte Rinder den Fleischbedarf decken. Die Steaks sind angeblich besonders saftig http://sz.de/1.2753498
3
6
5",,3,6,5,[],https://twitter.com/SZ/status/669486797399973888
Süddeutsche Zeitung,@SZ,2015-12-16T15:30:51.000Z,"Süddeutsche Zeitung
@SZ
·
2015年12月16日","In den USA und Europa wird die Luft langsam besser - selbst in China gibt es Fortschritte. Doch es gibt Ausnahmen: http://sz.de/1.2783547
2
2
4",,2,2,4,[],https://twitter.com/SZ/status/677148894162255872
Süddeutsche Zeitung,@SZ,2015-12-14T09:33:26.000Z,"Süddeutsche Zeitung
@SZ
·
2015年12月14日","China: Prozess gegen prominenten Anwalt beginnt http://sz.de/1.2780673
1
1",,,1,1,[],https://twitter.com/SZ/status/676334172219301888
Süddeutsche Zeitung,@SZ,2015-12-22T04:06:54.000Z,"Süddeutsche Zeitung
@SZ
·
2015年12月22日","Nach dem Erdrutsch in China gibt es ein erstes Todesopfer http://sz.de/1.2793414
2
1",,,2,1,[],https://twitter.com/SZ/status/679151097873870849
