UserScreenName,UserName,Timestamp,Text,Embedded_text,Emojis,Comments,Likes,Retweets,Image link,Tweet URL
ZEIT ONLINE,@zeitonline,2017-01-05T08:28:10.000Z,"ZEIT ONLINE
@zeitonline
·
2017年1月5日","#Apple hat seine #NYTimes-App in #China gelöscht. Sie verstoße gegen ""lokale Regularien"".
zeit.de
China: Apple entfernt ""New York Times"" aus App Store
Die Nachrichten-App der ""New York Times"" kann in China nicht mehr heruntergeladen werden. Apple begründet die Löschung mit den chinesischen Regularien.
4
14
4",,4,14,4,[],https://twitter.com/zeitonline/status/816924236463927296
ZEIT ONLINE,@zeitonline,2017-01-05T10:00:20.000Z,"ZEIT ONLINE
@zeitonline
·
2017年1月5日","Wegen ""chinesischen Regularien"": #Apple entfernt in China die New York Times aus dem App Store.
zeit.de
China: Apple entfernt ""New York Times"" aus App Store
Die Nachrichten-App der ""New York Times"" kann in China nicht mehr heruntergeladen werden. Apple begründet die Löschung mit den chinesischen Regularien.
2
15
6",,2,15,6,[],https://twitter.com/zeitonline/status/816947432734990336
ZEIT ONLINE,@zeitonline,2017-01-12T06:34:06.000Z,"ZEIT ONLINE
@zeitonline
·
2017年1月12日","Kritik an #China und #Russland: Die Anhörung von Trumps US-Außenminister ist nach 9 Stunden zu Ende. #tillerson http://zeit.de/politik/ausland/2017-01/rex-tillerson-kritik-china-us-senat-donald-trump…
3
5
8",,3,5,8,[],https://twitter.com/zeitonline/status/819432246503411713
ZEIT ONLINE,@zeitonline,2017-01-13T09:07:03.000Z,"ZEIT ONLINE
@zeitonline
·
2017年1月13日","Top-Aufsteiger im Ranking der Schande: China. Wir haben unseren #Doping-Medaillenspiegel aktualisiert: http://bit.ly/2j7d3Pa
1
10
11",,1,10,11,[],https://twitter.com/zeitonline/status/819833125228445696
ZEIT ONLINE,@zeitonline,2017-01-15T04:35:21.000Z,"ZEIT ONLINE
@zeitonline
·
2017年1月15日","Der künftige US-Präsident Donald Trump stellt die Ein-China-Politik infrage. Die Regierung in Peking warnt die USA.
zeit.de
Taiwan: China sieht Beziehungen zu den USA in Gefahr
China betrachtet Taiwan als untrennbaren Teil des Landes. Donald Trump stellt diese Doktrin infrage. Das chinesische Außenministerium reagiert besorgt.
5
4
9",,5,4,9,[],https://twitter.com/zeitonline/status/820489527378767872
ZEIT ONLINE,@zeitonline,2017-01-20T08:57:05.000Z,"ZEIT ONLINE
@zeitonline
·
2017年1月20日","Die chinesische Staatsführung baut die Wirtschaft des Landes um. Das wirkt sich auch auf das Wachstum aus. #China http://bit.ly/2j0NroN
3
3",,,3,3,[],https://twitter.com/zeitonline/status/822367333108826112
ZEIT ONLINE,@zeitonline,2017-01-24T08:50:11.000Z,"ZEIT ONLINE
@zeitonline
·
2017年1月24日","Australien will das #Freihandelsabkommen #TPP auch ohne die #USA umsetzen. #China könnte einspringen. http://bit.ly/2jMha3M
4
9
16",,4,9,16,[],https://twitter.com/zeitonline/status/823815148515299329
ZEIT ONLINE,@zeitonline,2017-01-27T13:10:27.000Z,"ZEIT ONLINE
@zeitonline
·
2017年1月27日","#China ist erstmals der wichtigste deutsche Handelspartner und verdrängt damit die USA von der Spitze. http://bit.ly/2kAMzJu
5
32
38",,5,32,38,[],https://twitter.com/zeitonline/status/824967810208120833
ZEIT ONLINE,@zeitonline,2017-01-23T19:24:13.000Z,"ZEIT ONLINE
@zeitonline
·
2017年1月24日","#China hat Trumps Drohungen lange abgetan. Jetzt wird klar, wie ernst sie sind – darauf war China nicht vorbereitet.
zeit.de
Donald Trumps Außenpolitik: Darauf war China nicht vorbereitet
Die chinesische Führung hat Donald Trumps Drohungen lange Zeit nicht ernst genommen. Doch nun dämmert es ihr: Der US-Präsident hat es voll und ganz auf China abgesehen.
9
18
14",,9,18,14,[],https://twitter.com/zeitonline/status/823612319481597953
ZEIT ONLINE,@zeitonline,2017-01-22T08:40:44.000Z,"ZEIT ONLINE
@zeitonline
·
2017年1月22日","China will künftig trotz internationaler Kritik regelmäßig Übungen auf hoher See abhalten.
zeit.de
Südchinesisches Meer: China will regelmäßig Seemanöver abhalten
Die chinesische Marine soll trotz internationaler Kritik auf hoher See Übungen abhalten. In einem Parteiblatt wird der neue US-Außenminister deutlich kritisiert.
7
11
9",,7,11,9,[],https://twitter.com/zeitonline/status/823087994282328066
ZEIT ONLINE,@zeitonline,2017-01-31T07:49:05.000Z,"ZEIT ONLINE
@zeitonline
·
2017年1月31日","Zwischen #China und den #USA droht ein Kalter Krieg, vielleicht irgendwann sogar ein heißer, schreibt Theo Sommer http://bit.ly/2klOVM2
4
16
18",,4,16,18,[],https://twitter.com/zeitonline/status/826336485603426304
ZEIT ONLINE,@zeitonline,2017-01-31T16:28:18.000Z,"ZEIT ONLINE
@zeitonline
·
2017年2月1日","EU-Ratspräsident Donald Tusk, 
@eucopresident
, warnt Europa vor China, Russland – und den USA.
zeit.de
EU-Ratspräsident: Tusk warnt EU vor Trumps Politik
Der EU-Ratspräsident distanziert sich scharf von der neuen US-Regierung. Für die Europäische Union sei sie gefährlich wie China, Russland und der Terror im Nahen Osten.
15
23
31",,15,23,31,[],https://twitter.com/zeitonline/status/826467151569678336
ZEIT ONLINE,@zeitonline,2017-02-03T12:49:25.000Z,"ZEIT ONLINE
@zeitonline
·
2017年2月3日","Trotz Trumps Provokationen: China will gute Beziehungen zu den USA erhalten.
zeit.de
Donald Trump: China hofft auf gute Beziehungen zu den USA
Die Regierung in Peking lässt sich vom US-Präsidenten nicht provozieren: Sie weist seine Vorwürfe zurück und bietet Gespräche an. Trumps Enkelin erobert Chinas Internet.
6
4
9",,6,4,9,[],https://twitter.com/zeitonline/status/827499231602757632
ZEIT ONLINE,@zeitonline,2017-02-09T15:54:18.000Z,"ZEIT ONLINE
@zeitonline
·
2017年2月9日","US-Präsident #Trump hat einen Brief an Xi Jinping geschrieben. Das wird in #China positiv gesehen. http://bit.ly/2kqyk6s
2
4
4",,2,4,4,[],https://twitter.com/zeitonline/status/829720086948802560
ZEIT ONLINE,@zeitonline,2017-02-10T06:34:07.000Z,"ZEIT ONLINE
@zeitonline
·
2017年2月10日","Taiwan: Donald #Trump hat mit Chinas Staatschef telefoniert und akzeptiert die Ein-China-Politik Pekings
zeit.de
USA: Trump erkennt Ein-China-Politik an
In einem Telefonat mit Chinas Staatschef Xi hat US-Präsident Donald Trump die Ein-China-Politik Pekings akzeptiert. Die Präsidenten wollen sich nun gegenseitig besuchen.
4
7
9",,4,7,9,[],https://twitter.com/zeitonline/status/829941496929468416
ZEIT ONLINE,@zeitonline,2017-02-10T07:04:10.000Z,"ZEIT ONLINE
@zeitonline
·
2017年2月10日","Ideologen, Militärs, Geschäftsleute: Für China Parteiführung dürfte die neue US-Regierung eher verwirrend sein. http://bit.ly/2kVkTPz
3
5
7",,3,5,7,[],https://twitter.com/zeitonline/status/829949060194906114
ZEIT ONLINE,@zeitonline,2017-02-22T08:37:50.000Z,"ZEIT ONLINE
@zeitonline
·
2017年2月22日","Absurde Welt: Ausgerechnet #China versucht, dem Westen die Angst vor der Globalisierung zu nehmen. http://bit.ly/2maXmrC
1
8
14",,1,8,14,[],https://twitter.com/zeitonline/status/834321288969744384
ZEIT ONLINE,@zeitonline,2017-02-28T18:33:23.000Z,"ZEIT ONLINE
@zeitonline
·
2017年3月1日","Russland und China haben im UN-Sicherheitsrat erneut Sanktionen gegen #Syrien verhindert.
zeit.de
UN-Sicherheitsrat: Russland und China stimmen gegen Syrien-Sanktionen
Mit ihrem Vetorecht haben China und Russland einmal mehr eine Strafmaßnahme gegen Syrien verhindert. Der Entwurf sah Sanktionen wegen des Einsatzes von Giftgas vor.
14
22
20",,14,22,20,[],https://twitter.com/zeitonline/status/836645489676267522
ZEIT ONLINE,@zeitonline,2017-03-06T11:19:59.000Z,"ZEIT ONLINE
@zeitonline
·
2017年3月6日","Schwaches Wachstum, steigende Schulden: #China steht vor schwierigen Entscheidungen. Und dann wäre da noch #Trump.
zeit.de
China: Die Grenzen des Staatskapitalismus
Chinas Führung stimmt beim Volkskongress auf schwierige Entscheidungen ein: Das Wachstum lässt nach und die Schulden steigen. Und dann wäre da noch Donald Trump.
6
6",,,6,6,[],https://twitter.com/zeitonline/status/838710749941940225
ZEIT ONLINE,@zeitonline,2017-03-09T00:05:58.000Z,"ZEIT ONLINE
@zeitonline
·
2017年3月9日","USA und Südkorea führen Militärmanöver trotz Mahnungen von China im Süd-Pazifik fort
zeit.de
Pazifik: USA halten an Militärmanöver mit Südkorea fest
Die Lage im Südpazifik bleibt angespannt. Die USA wollen ihre Militärübung mit Südkorea fortführen. China warnt vor einem schweren Konflikt mit Nordkorea.
4
6
8",,4,6,8,[],https://twitter.com/zeitonline/status/839628290008678401
ZEIT ONLINE,@zeitonline,2017-03-04T15:55:24.000Z,"ZEIT ONLINE
@zeitonline
·
2017年3月4日","#China will den Rüstungsetat um sieben Prozent erhöhen. Das ist der geringste Anstieg seit 2010.
zeit.de
Volkskongress: China will Militärausgaben um sieben Prozent erhöhen
Der Anstieg des Rüstungsetats ist geringer als in den vergangenen Jahren. China behält sich jedoch Mehrausgaben vor, sollte sich der Konflikt mit den USA verschärfen.
2
3
5",,2,3,5,[],https://twitter.com/zeitonline/status/838055282542534656
ZEIT ONLINE,@zeitonline,2017-03-05T03:42:11.000Z,"ZEIT ONLINE
@zeitonline
·
2017年3月5日","Volkskongress: China peilt für dieses Jahr geringeres Wachstum von 6,5 Prozent an http://zeit.de/politik/2017-03/china-volkskongress-li-keqiang-wirtschaftswachstum…
3
4
7",,3,4,7,[],https://twitter.com/zeitonline/status/838233150790721536
ZEIT ONLINE,@zeitonline,2017-03-14T09:07:22.000Z,"ZEIT ONLINE
@zeitonline
·
2017年3月14日","#Trier bekommt von China eine riesige Statue von Karl Marx geschenkt.
zeit.de
Rheinland-Pfalz: Eine riesige Marx-Statue aus China
Die Volksrepublik China schenkt Trier zum 200. Geburtstag von Karl Marx eine sechs Meter hohe Statue des Denkers. In der Stadt hat das zu Diskussionen geführt.
6
30
42",,6,30,42,[],https://twitter.com/zeitonline/status/841576478953345024
ZEIT ONLINE,@zeitonline,2017-03-19T12:39:19.000Z,"ZEIT ONLINE
@zeitonline
·
2017年3月19日","Die USA und China wollen gemeinsam mäßigend auf Nordkorea einwirken.
zeit.de
Raketentests: USA und China wollen Nordkorea mäßigen
US-Außenminister Tillerson hat in Peking eine engere Zusammenarbeit mit China angekündigt. Man werde gemeinsam auf eine ""Kurskorrektur"" von Nordkorea hinwirken.
5
12
12",,5,12,12,[],https://twitter.com/zeitonline/status/843441756742057984
ZEIT ONLINE,@zeitonline,2017-03-18T04:55:21.000Z,"ZEIT ONLINE
@zeitonline
·
2017年3月18日","Kurz vor seiner Reise nach Peking hat US-Außenminister #Tillerson #China gegen #Nordkorea in die Pflicht genommen.
zeit.de
Nordkorea: Tillerson fordert China auf, Sanktionen durchzusetzen
Vor seiner Reise nach Peking hat der US-Außenminister China aufgefordert, sich klar gegen Nordkorea zu positionieren. Einen Abrüstungsvorschlag schlug er aus.
1
5
5",,1,5,5,[],https://twitter.com/zeitonline/status/842962608378535938
ZEIT ONLINE,@zeitonline,2017-03-20T17:50:18.000Z,"ZEIT ONLINE
@zeitonline
·
2017年3月21日","Was will #Trump von China? Der Besuch von Außenminister Rex #Tillerson in Peking wirkt verwirrend. http://zeit.de/politik/ausland/2017-03/china-usa-trump-tillerson-nordkorea…
8
3
6",,8,3,6,[],https://twitter.com/zeitonline/status/843882403076694017
ZEIT ONLINE,@zeitonline,2017-03-31T05:25:32.000Z,"ZEIT ONLINE
@zeitonline
·
2017年3月31日","Geschäftsgeheimnisse sollte man in #China wohl nicht mehr digital erfassen – der Staat liest womöglich mit.
zeit.de
China: Peking will gläserne Unternehmen
Daten her: Durch neue Regeln zur Cybersicherheit können in China auch ausländische Betriebe zur Offenlegung ihrer Daten verpflichtet werden. Diese Kontrollwut hat Folgen.
6
13
8",,6,13,8,[],https://twitter.com/zeitonline/status/847681242820558848
ZEIT ONLINE,@zeitonline,2017-03-25T19:13:55.000Z,"ZEIT ONLINE
@zeitonline
·
2017年3月26日","Zwischen den USA und Nordkorea eskaliert der Streit um Atomwaffen. Auf welcher Seite steht China?
zeit.de
Atomwaffen: Krieg der großen Egos
Zwischen den USA und Nordkorea eskaliert der Streit um Atomwaffen. Auf welcher Seite steht China?
5
9
14",,5,9,14,[],https://twitter.com/zeitonline/status/845715385953538050
ZEIT ONLINE,@zeitonline,2017-04-13T18:27:34.000Z,"ZEIT ONLINE
@zeitonline
·
2017年4月14日","Drüben ist schon #Nordkorea: In China riskieren Touristen einen Blick über die Grenze.  http://zeit.de/politik/ausland/2017-04/nordkorea-china-grenze-fs…
2
3
9",,2,3,9,[],https://twitter.com/zeitonline/status/852589092026155008
ZEIT ONLINE,@zeitonline,2017-04-13T09:24:06.000Z,"ZEIT ONLINE
@zeitonline
·
2017年4月13日","China hat die USA gewarnt, dass Militärschläge gegen Nordkorea ""unerträgliche"" Konsequenzen haben könnten. http://bit.ly/2pbIT09
6
12
16",,6,12,16,[],https://twitter.com/zeitonline/status/852452325918638080
ZEIT ONLINE,@zeitonline,2017-04-28T00:32:10.000Z,"ZEIT ONLINE
@zeitonline
·
2017年4月28日","Laut US-Außenminister Rex Tillerson hat China #Nordkorea zur Aufgabe seiner Atomtests aufgefordert.
zeit.de
Nordkorea: China soll Nordkorea mit Sanktionen gedroht haben
Die USA setzen im Konflikt mit Nordkorea auf China, das laut Außenminister Tillerson den Druck auf den Verbündeten erhöht hat. Trump hält Kim Jong Un für ""vernünftig"".
7
7",,,7,7,[],https://twitter.com/zeitonline/status/857754275551870976
ZEIT ONLINE,@zeitonline,2017-05-04T06:03:51.000Z,"ZEIT ONLINE
@zeitonline
·
2017年5月4日","Im Atomkonflikt kritisiert #Nordkorea seinen Verbündeten #China ungewohnt deutlich. http://zeit.de/politik/ausland/2017-05/nordkorea-atomkonflikt-china-kritik-usa-drohung…
2
3
6",,2,3,6,[],https://twitter.com/zeitonline/status/860012073480327168
ZEIT ONLINE,@zeitonline,2017-05-05T09:07:11.000Z,"ZEIT ONLINE
@zeitonline
·
2017年5月5日","Jungfernflug für Mittelstrecken-Jet: #China startet mit #Comac zum Angriff auf Boeing und Airbus.
zeit.de
Passagierflugzeug: China startet zum Angriff auf Boeing und Airbus
Der staatliche Flugzeugbauer Comac bringt erstmals einen Mittelstrecken-Jet in die Luft: China will in der Luftfahrt unabhängiger von ausländischen Herstellern werden.
4
7",,,4,7,[],https://twitter.com/zeitonline/status/860420600145334273
ZEIT ONLINE,@zeitonline,2017-05-21T00:41:14.000Z,"ZEIT ONLINE
@zeitonline
·
2017年5月21日","China hat zwischen den Jahren 2010 und 2012 etliche CIA-Informanten getötet - US-Behörden suchen einen Maulwurf.
zeit.de
Geheimdienst: Mehrere CIA-Informanten in China getötet
China hat etliche CIA-Quellen umgebracht. Die USA sprechen vom gravierendsten Vorfall solcher Art seit Jahrzehnten. Ob ein Maulwurf dahinter steckt, ist noch nicht klar.
4
18
15",,4,18,15,[],https://twitter.com/zeitonline/status/866091480884051968
ZEIT ONLINE,@zeitonline,2017-05-24T04:53:36.000Z,"ZEIT ONLINE
@zeitonline
·
2017年5月24日","Sigmar Gabriel in China unterwegs: Der Außenminister will, dass China im Nordkorea-Konflikt vermittelt.
zeit.de
Chinareise: Gabriel warnt vor gefährlicher Situation in Nordkorea
Der Außenminister hat bei seinem Antrittsbesuch in China an dessen Verantwortung im Konflikt mit Nordkorea erinnert. Die Regierung müsse auf das Regime einwirken.
8
6
17",,8,6,17,[],https://twitter.com/zeitonline/status/867242152803405824
ZEIT ONLINE,@zeitonline,2017-05-24T07:26:16.000Z,"ZEIT ONLINE
@zeitonline
·
2017年5月24日","Sigmar Gabriel fordert in China weniger Auflagen für deutsche Autohersteller. http://bit.ly/2qa2yBE
7
7
6",,7,7,6,[],https://twitter.com/zeitonline/status/867280572175011840
ZEIT ONLINE,@zeitonline,2017-06-07T07:48:07.000Z,"ZEIT ONLINE
@zeitonline
·
2017年6月7日","Der Einfluss der #USA nimmt ab, der von #China nimmt zu. Nicht nur, aber auch wegen Donald #Trump. #5vor8 http://bit.ly/2r08jCi
4
6
9",,4,6,9,[],https://twitter.com/zeitonline/status/872359502238056451
ZEIT ONLINE,@zeitonline,2017-06-07T08:17:07.000Z,"ZEIT ONLINE
@zeitonline
·
2017年6月7日","Nach dem Ausstieg der USA aus dem Pariser Klimaabkommen hat Kalifornien einen eigenen Vertrag mit China geschlossen.
zeit.de
Pariser Klimaschutzabkommen: Kalifornien schließt Klimavertrag mit China
Nach dem Ausstieg der USA aus dem Klimaabkommen geht Kalifornien eigene Wege: Mit China will der Bundesstaat im Bereich Erneuerbare und Stadtentwicklung zusammenarbeiten.
4
20
66",,4,20,66,[],https://twitter.com/zeitonline/status/872366799660232705
ZEIT ONLINE,@zeitonline,2017-06-06T08:08:29.000Z,"ZEIT ONLINE
@zeitonline
·
2017年6月6日","Ein US-Diplomat in #China hat gekündigt – laut Medien wegen Trumps Austritt aus dem Pariser Klimapakt. http://zeit.de/politik/ausland/2017-06/china-us-botschafter-peking-ruecktritt…
4
6
24",,4,6,24,[],https://twitter.com/zeitonline/status/872002239111606272
ZEIT ONLINE,@zeitonline,2017-06-01T13:30:32.000Z,"ZEIT ONLINE
@zeitonline
·
2017年6月1日","Wenn Trump das Klimaabkommen aufkündigt: Wie reagiert China? http://zeit.to/2ro8yEc
2
3
11",,2,3,11,[],https://twitter.com/zeitonline/status/870271346386882560
ZEIT ONLINE,@zeitonline,2017-06-26T17:03:46.000Z,"ZEIT ONLINE
@zeitonline
·
2017年6月27日","Der krebskranke Nobelpreisträger Liu Xiaobo ist zur Behandlung aus dem Gefängnis in China entlassen worden. http://bit.ly/2rTSWaV
3
23
31",,3,23,31,[],https://twitter.com/zeitonline/status/879384705027776512
ZEIT ONLINE,@zeitonline,2017-06-28T09:41:47.000Z,"ZEIT ONLINE
@zeitonline
·
2017年6月28日","#China ist seit Jahren der größte Investor und Handelspartner Afrikas – und viele Afrikaner begrüßen das. http://zeit.de/wirtschaft/2017-06/china-handel-investition-entwicklungshilfe…
3
15
12",,3,15,12,[],https://twitter.com/zeitonline/status/879998253797867520
ZEIT ONLINE,@zeitonline,2017-06-26T08:42:17.000Z,"ZEIT ONLINE
@zeitonline
·
2017年6月26日","Der Friedensnobelpreisträger Liu Xiaobo ist aufgrund einer Erkrankung aus der Haft in China entlassen worden. http://bit.ly/2sS0o7E
1
3
12",,1,3,12,[],https://twitter.com/zeitonline/status/879258501046034432
ZEIT ONLINE,@zeitonline,2017-07-05T04:24:05.000Z,"ZEIT ONLINE
@zeitonline
·
2017年7月5日","#China will gar keine #Marktwirtschaft sein, die machen da etwas, das eine Art Technologienationalismus ist.
zeit.de
Xi Jinping in Berlin: Chinas Technologienationalismus
Geht es nach Chinas Präsidenten, soll sein Land führende Technologiemacht werden. Dafür lässt er zu Hause ausländische Unternehmen diskriminieren. Kann Merkel das ändern?
4
8
12",,4,8,12,[],https://twitter.com/zeitonline/status/882455014454816768
ZEIT ONLINE,@zeitonline,2017-07-08T11:21:18.000Z,"ZEIT ONLINE
@zeitonline
·
2017年7月8日","Der an Krebs erkrankte Nobelpreisträger Liu Xiaobo wird in China von einem deutschen Krebsspezialisten behandelt.
zeit.de
Liu Xiaobo: Sorge um chinesischen Friedensnobelpreisträger
Der Zustand des an Leberkrebs erkrankten Liu Xiaobo verschlechtert sich. Jetzt wird der Regierungskritiker von einem deutschen Spezialisten behandelt.
7
17",,,7,17,[],https://twitter.com/zeitonline/status/883647173140905984
ZEIT ONLINE,@zeitonline,2017-08-03T16:34:24.000Z,"ZEIT ONLINE
@zeitonline
·
2017年8月4日","#LiuXia ist seit der Beerdigung ihres Mannes Liu Xiaobo verschwunden http://zeit.to/2vtlEUP #China
zeit.de
Liu Xia: Liu Xiaobos Witwe ist verschwunden
Der Anwalt Jared Genser verdächtigt chinesische Behörden, Liu Xia an einem unbekannten Ort isoliert festzuhalten. Deshalb hat er Beschwerde bei den UN eingelegt.
2
13
11",,2,13,11,[],https://twitter.com/zeitonline/status/893148053296885767
ZEIT ONLINE,@zeitonline,2017-07-31T07:41:46.000Z,"ZEIT ONLINE
@zeitonline
·
2017年7月31日","Nach Nordkoreas neuem Raketentest wollen Donald Trump und Shinzo Abe den Druck auf China erhöhen. #nordkorea
zeit.de
Nordkorea: USA sehen keinen Sinn in Gesprächen über Nordkorea
Donald Trump und Shinzo Abe drängen China wegen Nordkoreas Raketentests zu einer Reaktion. Eine Dringlichkeitssitzung des UN-Sicherheitsrates sei zurzeit nutzlos.
7
14",,,7,14,[],https://twitter.com/zeitonline/status/891926847356907520
ZEIT ONLINE,@zeitonline,2017-09-12T16:58:50.000Z,"ZEIT ONLINE
@zeitonline
·
2017年9月13日","#Nordkorea: China und die USA arbeiten trotz aller Differenzen zusammen – die neuen UN-Sanktionen zeigen es.
zeit.de
Nordkorea-Konflikt: Um Kim wird es sehr einsam
China und die USA arbeiten im Nordkorea-Konflikt trotz aller Interessenunterschiede zusammen. Die neuen UN-Sanktionen zeigen dies.
2
9
9",,2,9,9,[],https://twitter.com/zeitonline/status/907649718506983429
ZEIT ONLINE,@zeitonline,2017-09-14T20:12:58.000Z,"ZEIT ONLINE
@zeitonline
·
2017年9月15日","US-Präsident Donald #Trump reist im November nach China, Japan und Südkorea.
zeit.de
USA: Trump reist im November nach China
Inmitten der Nordkorea-Krise wird Trump nach Asien reisen. Seit Längerem will der US-Präsident China davon überzeugen, einen härteren Kurs gegen Nordkorea einzuschlagen.
4
6
3",,4,6,3,[],https://twitter.com/zeitonline/status/908423348635541506
ZEIT ONLINE,@zeitonline,2017-09-28T12:45:00.000Z,"ZEIT ONLINE
@zeitonline
·
2017年9月28日","Im Zuge der UN-Sanktionen hat China die Schließung aller nordkoreanischen Firmen im Land angeordnet.
zeit.de
UN-Sanktionen: Nordkoreanische Firmen in China sollen schließen
China gilt als wichtigster Handelspartner Nordkoreas. Jetzt setzt das Land UN-Sanktionen um: Bis Januar müssen alle nordkoreanischen Unternehmen in China schließen.
1
10
21",,1,10,21,[],https://twitter.com/zeitonline/status/913384043361775616
ZEIT ONLINE,@zeitonline,2017-10-01T08:29:01.000Z,"ZEIT ONLINE
@zeitonline
·
2017年10月1日","China will mit Elektromobilität den weltweiten Automarkt revolutionieren. Nur die Chinesen sind nicht überzeugt.
zeit.de
Elektromobilität: Die Chinesen winken ab
China will mit Elektromobilität den weltweiten Automarkt revolutionieren. Nur die Chinesen sind davon noch nicht richtig überzeugt.
6
7
6",,6,7,6,[],https://twitter.com/zeitonline/status/914406786152660992
ZEIT ONLINE,@zeitonline,2017-10-17T15:31:29.000Z,"ZEIT ONLINE
@zeitonline
·
2017年10月17日","Für bessere Luft: Chinas Regierung schließt Zigtausende Fabriken und Kohlekraftwerke. #Klima #Kohle #China
zeit.de
Klimaschutz in China: ""Kohlefreie Zone"" Peking
Im Kampf gegen dreckige Luft greift Chinas Führung durch. Zigtausende Fabriken und Kohlekraftwerke mussten seit Monatsbeginn schließen. Gegen Umweltsünder wird ermittelt.
5
22
48",,5,22,48,[],https://twitter.com/zeitonline/status/920311308570038272
ZEIT ONLINE,@zeitonline,2017-10-13T23:05:35.000Z,"ZEIT ONLINE
@zeitonline
·
2017年10月14日","#Qualcomm strebt mit #Klage gegen #Apple #iPhone-Verbot in #China an
zeit.de
Apple: Qualcomm strebt mit Klage iPhone-Verbot in China an
Der Chiphersteller reichte gegen Apple Klage wegen angeblicher Patentverletzung ein. Eine gerichtliche Verfügung soll die Produktion von iPhones in China untersagen.
1
3
7",,1,3,7,[],https://twitter.com/zeitonline/status/918976038096506882
ZEIT ONLINE,@zeitonline,2017-11-04T11:01:05.000Z,"ZEIT ONLINE
@zeitonline
·
2017年11月4日","In #Japan und #China wird #Trump mit viel Pomp empfangen. Das wird ihm gefallen. http://zeit.de/politik/ausland/2017-11/donald-trump-ostasien-reise-china-japan-suedkorea-nordkorea…
1
2
4",,1,2,4,[],https://twitter.com/zeitonline/status/926766245034196993
ZEIT ONLINE,@zeitonline,2017-11-14T06:21:18.000Z,"ZEIT ONLINE
@zeitonline
·
2017年11月14日","Nur Trump bringt es fertig, binnen wenigen Tagen zwei völlig gegensätzliche Positionen im Umgang mit China zu vertreten. #5vor8
zeit.de
Donald Trump: Aufwachen!
Trumps Asienreise zeigt, dass er weiterhin keine klaren außenpolitischen Vorstellungen hat. Es ist höchste Zeit, dass die Europäer eine eigene Strategie entwickeln.
3
14
29",,3,14,29,[],https://twitter.com/zeitonline/status/930319711753195520
ZEIT ONLINE,@zeitonline,2017-11-10T11:09:01.000Z,"ZEIT ONLINE
@zeitonline
·
2017年11月10日","Donald Trumps Fehltritte wurden in Peking höflich ignoriert. Das zeigt, wie sehr China auf die #USA angewiesen ist. http://bit.ly/2AvMzPL
8
7
10",,8,7,10,[],https://twitter.com/zeitonline/status/928942568271990784
ZEIT ONLINE,@zeitonline,2017-11-19T06:30:40.000Z,"ZEIT ONLINE
@zeitonline
·
2017年11月19日","Unfälle, Stau, fliegende Händler: Bilder aus dem Grenzgebiet zwischen #China und der #Mongolei, wo der Kohlehandel boomt.
zeit.de
Stau in der Wüste
Tausende Lastwagen bringen Kohle aus der Mongolei nach China. Durch die Weite der Wüste Gobi zieht sich ein Stau, der ein Eigenleben entwickelt hat. Wir zeigen Bilder.
4
12",,,4,12,[],https://twitter.com/zeitonline/status/932134007168487425
ZEIT ONLINE,@zeitonline,2017-11-26T14:59:57.000Z,"ZEIT ONLINE
@zeitonline
·
2017年11月26日","China drängt an die wissenschaftliche Weltspitze. In Deutschland wird die neue Konkurrenz noch unterschätzt.
zeit.de
China: Die unterschätzte Konkurrenz
Spitzenunis und Austausch auf Augenhöhe: China drängt an die wissenschaftliche Weltspitze. Deutschland ist darauf nicht vorbereitet.
1
8
9",,1,8,9,[],https://twitter.com/zeitonline/status/934798888313196544
ZEIT ONLINE,@zeitonline,2017-11-24T15:40:15.000Z,"ZEIT ONLINE
@zeitonline
·
2017年11月24日","#DFB verschiebt Freundschaftsspiele von China-Nachwuchs U21 – Tibet-Initiative protestiert
zeit.de
Deutscher Fußball-Bund: DFB setzt Freundschaftsspiele gegen China-Nachwuchs aus
Chinas U20-Nationalmannschaft spielt vorerst nicht mehr in der Regionalliga Südwest. Die Entscheidung hat einen politischen Hintergrund – Tibet-Unterstützer protestieren.
2
5
5",,2,5,5,[],https://twitter.com/zeitonline/status/934084255810023426
ZEIT ONLINE,@zeitonline,2017-11-24T13:59:08.000Z,"ZEIT ONLINE
@zeitonline
·
2017年11月24日","Ein Gesetz in #China erschwert weiterhin die Arbeit von deutschen Elite-Unis und Nichtregierungsorganisationen.
zeit.de
China: Deutsche Hochschulen haben große Probleme in China
Seit einem Jahr müssen ausländische Organisationen in China registriert sein, viele bekommen die Registrierung aber nicht. Das behindert auch die Arbeit deutscher Unis.
2
4
7",,2,4,7,[],https://twitter.com/zeitonline/status/934058807805775872
ZEIT ONLINE,@zeitonline,2017-12-05T16:43:04.000Z,"ZEIT ONLINE
@zeitonline
·
2017年12月6日","Frei war das Internet in #China nie. Doch heute gehen Überwachung und Zensur weiter als je zuvor. Die Regierung erstickt die noch junge Zivilgesellschaft gleich wieder.
zeit.de
China: Die Grenzen des Sagbaren werden neu gezogen
Frei war das Internet in China nie. Doch heute gehen Überwachung und Zensur weiter als je zuvor. Die Regierung erstickt die noch junge Zivilgesellschaft gleich wieder.
6
47
42",,6,47,42,[],https://twitter.com/zeitonline/status/938086329019183104
ZEIT ONLINE,@zeitonline,2017-12-01T07:43:46.000Z,"ZEIT ONLINE
@zeitonline
·
2017年12月1日","#China plant, die Aktivitäten seiner Bürger lückenlos durch Datenspeicherung und Gesichtserkennung zu überwachen. Jeder bekommt ein Punktekonto zugewiesen. Hier entsteht die Welt der Zukunft. (Für Abonnenten)
zeit.de
China: Die Big-Data-Diktatur
China plant, die Aktivitäten seiner Bürger lückenlos durch Datenspeicherung und Gesichtserkennung zu überwachen. Jeder bekommt ein Punktekonto. Ist das die Zukunft?
12
31
15",,12,31,15,[],https://twitter.com/zeitonline/status/936501057886347264
ZEIT ONLINE,@zeitonline,2017-12-12T18:09:16.000Z,"ZEIT ONLINE
@zeitonline
·
2017年12月13日","Zwangsruhe gegen den Smog: #China verordnet der Industrie vier Monate Stillstand.
zeit.de
China: Zwangsferien gegen den Smog
Chinas Regierung will etwas gegen den Wintersmog tun und verordnet der Industrie Stillstand. Vier Monate lang sollen die Werke im Smoggürtel um Peking still stehen.
1
14
13",,1,14,13,[],https://twitter.com/zeitonline/status/940644735823249410
ZEIT ONLINE,@zeitonline,2017-12-15T07:29:47.000Z,"ZEIT ONLINE
@zeitonline
·
2017年12月15日","#China soll weitere Militärstützpunkte auf den künstlichen Inseln im Südchinesischen Meer errichtet haben.
zeit.de
Südchinesisches Meer: China baut Militärstützpunkte weiter aus
Die USA werfen China vor, Militärgebäude auf künstlichen Inseln errichtet zu haben. Neue Satellitenbilder sollen unterirdische Munitionslager und Flugzeughangars zeigen.
4
2
7",,4,2,7,[],https://twitter.com/zeitonline/status/941570969860235264
ZEIT ONLINE,@zeitonline,2017-12-19T10:59:08.000Z,"ZEIT ONLINE
@zeitonline
·
2017年12月19日","#China drängt #Trump zu Kooperation und bemängelt das die amerikanische Sicherheitsstrategie ihr Ziel verfehle.
zeit.de
Peking: China kritisiert ""altes Denken"" von US-Präsident Trump
Russland und China als Rivalen der USA? Präsident Trumps Sicherheitsstrategie verfehle ihr Ziel, kritisiert die Regierung in Peking. Der Schlüssel sei die Zusammenarbeit.
3
3
6",,3,3,6,[],https://twitter.com/zeitonline/status/943073208114253824
ZEIT ONLINE,@zeitonline,2017-12-19T18:43:18.000Z,"ZEIT ONLINE
@zeitonline
·
2017年12月20日","Zur Nationalen Sicherheitsstrategie der #USA: Männerfreundschaft auf der einen und harte Kritik auf der anderen Seite machen Donald #Trump in China und Russland nicht unbedingt glaubwürdig.
zeit.de
US-Sicherheitsstrategie: Männerfreundschaften und Feinde
Die Analyse des US-Sicherheitsberichts ist eindeutig: Russland und China sind Gegner der USA. US-Präsident Trump macht da aber nicht ganz mit.
1
4
4",,1,4,4,[],https://twitter.com/zeitonline/status/943190018268585985
