UserScreenName,UserName,Timestamp,Text,Embedded_text,Emojis,Comments,Likes,Retweets,Image link,Tweet URL
ZEIT ONLINE,@zeitonline,2015-01-05T06:59:24.000Z,"ZEIT ONLINE
@zeitonline
·
2015年1月5日","Handelsstreit beendet: China erlaubt wieder uneingeschränkten Export Seltener Erden (tst) http://zeit.de/wirtschaft/2015-01/china-export-seltene-erden…
7
3",,,7,3,[],https://twitter.com/zeitonline/status/551996367091302400
ZEIT ONLINE,@zeitonline,2015-01-03T17:29:59.000Z,"ZEIT ONLINE
@zeitonline
·
2015年1月4日","In #China bringt ein Deutscher zwei Menschen um. Die Bundesregierung versucht, seine #Todesstrafe zu verhindern. (lc)
zeit.de
Todesstrafe: Diplomatie für einen Mörder
In China bringt ein Deutscher zwei Menschen um. Ihm droht die Hinrichtung. Die Bundesregierung kämpft um sein Leben. Ein Blick auf die unbekannte Seite der Außenpolitik
5
5
10",,5,5,10,[],https://twitter.com/zeitonline/status/551430285263654912
ZEIT ONLINE,@zeitonline,2015-01-13T11:05:53.000Z,"ZEIT ONLINE
@zeitonline
·
2015年1月13日",".
@zeitonline
 auf Chinesisch. Wie die ZEIT-Assistentin in China inhaftiert wurde: http://zeit.to/freemiao #freemiao
4
55
21",,4,55,21,[],https://twitter.com/zeitonline/status/554957501528297473
ZEIT ONLINE,@zeitonline,2015-01-13T11:04:46.000Z,"ZEIT ONLINE
@zeitonline
·
2015年1月13日","Die chinesische 
@DIEZEIT
-Assistentin ist in Haft. Was unsere Pekinger Korrespondentin in China erlebte: http://zeit.to/freemiao #freemiao
zeit.de
Pressefreiheit: Sie haben Miao
Seit Wochen ist eine chinesische ZEIT-Mitarbeiterin in Haft. Auch unsere Korrespondentin wurde bedroht und reiste aus. Über Chinas Umgang mit der Pressefreiheit
76
26",,,76,26,[],https://twitter.com/zeitonline/status/554957221902450688
ZEIT ONLINE,@zeitonline,2015-01-26T11:40:14.000Z,"ZEIT ONLINE
@zeitonline
·
2015年1月26日","China verschäft die Internetzensur: VPN-Tunnelverbindungen werden seit Kurzem effektiver gestört. (nd) http://zeit.de/digital/internet/2015-01/china-internet-zensur-vpn…
6
3",,,6,3,[],https://twitter.com/zeitonline/status/559677187553763328
ZEIT ONLINE,@zeitonline,2015-01-28T05:31:57.000Z,"ZEIT ONLINE
@zeitonline
·
2015年1月28日","Russland statt China: Nordkoreas Staatschef Kim Jong Un hat seine erste Auslandsreise im Mai bestätigt. (nd) http://zeit.de/politik/2015-01/kim-nordkorea-moskau…
1
7
2",,1,7,2,[],https://twitter.com/zeitonline/status/560309283376877568
ZEIT ONLINE,@zeitonline,2015-02-08T18:31:11.000Z,"ZEIT ONLINE
@zeitonline
·
2015年2月9日","80.000 Euro für einen MBA? Weil Bildung in China so viel zählt, ist das kein Hindernis. (asw) http://zeit.de/2015/04/mba-china-wirtschaft-fuehrungsposition-beziehung…
1
2",,1,2,,[],https://twitter.com/zeitonline/status/564491649267826688
ZEIT ONLINE,@zeitonline,2015-02-16T09:58:21.000Z,"ZEIT ONLINE
@zeitonline
·
2015年2月16日","Nordkorea will sich für Touristen öffnen. China unterstützt das Vorhaben und wirbt für Urlaub beim Nachbarn. (mbr) http://blog.zeit.de/china/2015/02/16/china-foerdert-urlaub-nordkorea…
3
2
11",,3,2,11,[],https://twitter.com/zeitonline/status/567261691327807488
ZEIT ONLINE,@zeitonline,2015-03-04T10:49:41.000Z,"ZEIT ONLINE
@zeitonline
·
2015年3月4日","Die Bremer Automarke Borgward, 1963 untergegangen, wird wiederbelebt: mit Geld aus China. (mbr) http://zeit.de/mobilitaet/2015-03/autohersteller-borgward-comeback…
1
8
7",,1,8,7,[],https://twitter.com/zeitonline/status/573072816117026817
ZEIT ONLINE,@zeitonline,2015-03-05T01:34:49.000Z,"ZEIT ONLINE
@zeitonline
·
2015年3月5日","#China senkt sein Ziel für das Wirtschaftswachstum 2015 auf rund 7 Prozent - die niedrigste Rate seit 25 Jahren.(kim) http://zeit.de/politik/ausland/2015-03/china-senkt-wachstumsziel…
4
1",,,4,1,[],https://twitter.com/zeitonline/status/573295569713692673
ZEIT ONLINE,@zeitonline,2015-03-11T21:08:33.000Z,"ZEIT ONLINE
@zeitonline
·
2015年3月12日","#China fördert Elektroautos massiv – aber nur die aus heimischer Produktion. Ein Problem für deutsche Hersteller. mbr http://blog.zeit.de/china/2015/03/11/china-rettet-mit-e-mobilitaet-heimische-autoindustrie/…
3
16
9",,3,16,9,[],https://twitter.com/zeitonline/status/575765275758497792
ZEIT ONLINE,@zeitonline,2015-03-02T19:55:12.000Z,"ZEIT ONLINE
@zeitonline
·
2015年3月3日","China macht sich zunehmend unabhängig von ausländischer IT-Technologie. Diese Entwicklung birgt auch Gefahren. (msg) http://zeit.de/wirtschaft/2015-03/cebit-china-cyber-security…
4
8
7",,4,8,7,[],https://twitter.com/zeitonline/status/572485326087823361
ZEIT ONLINE,@zeitonline,2015-03-14T12:54:03.000Z,"ZEIT ONLINE
@zeitonline
·
2015年3月14日","#China entsendet Kampfjets an die Grenze zu #Myanmar. (nd) http://zeit.de/politik/ausland/2015-03/myanmar-china-bombe-mndaa-rebellen…
6
6",,,6,6,[],https://twitter.com/zeitonline/status/576727995194429440
ZEIT ONLINE,@zeitonline,2015-03-15T23:58:24.000Z,"ZEIT ONLINE
@zeitonline
·
2015年3月16日","China hat Deutschland aus der Liste der drei größten Rüstungsexporteure der Welt verdrängt. (nd) http://zeit.de/politik/ausland/2015-03/china-waffenexporte…
13
4",,,13,4,[],https://twitter.com/zeitonline/status/577257570781495296
ZEIT ONLINE,@zeitonline,2015-03-25T13:30:48.000Z,"ZEIT ONLINE
@zeitonline
·
2015年3月25日","Auslandssemester in China geplant? Das Land will westliche Werte aus seinen Unis entfernen. (akg) http://zeit.to/1xgtg9m
1
4
5",,1,4,5,[],https://twitter.com/zeitonline/status/580723507484577792
ZEIT ONLINE,@zeitonline,2015-03-27T22:15:25.000Z,"ZEIT ONLINE
@zeitonline
·
2015年3月28日","China-Blog: In Spielzeug aus China finden Kontrolleure nach wie vor oft Gift. Was könnte die EU dagegen tun? (ft)
blog.zeit.de
Giftiges Spielzeug aus China
90% des in Deutschland verkauften Spielzeugs kommen aus China. Und das obwohl viele der Produkte gesundheitsschädliche Stoffe enthalten.
3
8
6",,3,8,6,[],https://twitter.com/zeitonline/status/581580308119752705
ZEIT ONLINE,@zeitonline,2015-04-01T17:19:20.000Z,"ZEIT ONLINE
@zeitonline
·
2015年4月2日","Warum China in drei Jahren mehr Beton verbaut als die USA im gesamten 20. Jahrhundert, erklärt unser #Teilchen http://zeit.to/1MA5tbs (ds)
blog.zeit.de
Warum China in drei Jahren mehr Beton verbaut hat als die USA im gesamten 20. Jahrhundert
In den nächsten Jahrzehnten muss China 400 Millionen Menschen vom Land in Großstädte umsiedeln. Die müssen dafür großenteils erst noch gebaut werden.
8
12",,,8,12,[],https://twitter.com/zeitonline/status/583317737470066688
ZEIT ONLINE,@zeitonline,2015-04-08T19:45:37.000Z,"ZEIT ONLINE
@zeitonline
·
2015年4月9日","Binnen weniger Jahre ist #Xiaomi in #China zum führenden #Smartphone-Anbieter geworden. Woher kommt der Erfolg? (mbr)
blog.zeit.de
Xiaomi: Apple-Optik für Chinas handybegeisterte Jugend
In Europa ist Xiaomi unbekannt – doch in China ist das Unternehmen zum größten Smartphone-Anbieter aufgestiegen. Woher kommt der Erfolg?
1
8
6",,1,8,6,[],https://twitter.com/zeitonline/status/585891265776115712
ZEIT ONLINE,@zeitonline,2015-04-08T15:16:32.000Z,"ZEIT ONLINE
@zeitonline
·
2015年4月8日","China kauft Metalle auf der ganzen Welt. Wie viel, zeigt unsere Grafik. (ae) http://zeit.to/1alh5NY
2
7
4",,2,7,4,[],https://twitter.com/zeitonline/status/585823548897370112
ZEIT ONLINE,@zeitonline,2015-04-15T05:28:30.000Z,"ZEIT ONLINE
@zeitonline
·
2015年4月15日","#China gründet eine Infrastrukturbank; ein selbst verschuldeter Affront für die #USA, kommentiert Matthias Naß. (muk)
zeit.de
Neue Infrastrukturbank AIIB: Niederlage für die Finanzmacht USA
China gründet eigene Infrastrukturbank und mischt so das Weltfinanzsystem neu auf. Die neue Bank ist ein Affront für die USA – den Washington selbst zu verantworten hat.
1
7
2",,1,7,2,[],https://twitter.com/zeitonline/status/588212279512059904
ZEIT ONLINE,@zeitonline,2015-04-13T06:09:30.000Z,"ZEIT ONLINE
@zeitonline
·
2015年4月13日","Außenhandel: Exporte aus #China brechen überraschend ein. (tst) http://zeit.de/wirtschaft/2015-04/china-aussenhandel-export-maerz-import…
5
3",,,5,3,[],https://twitter.com/zeitonline/status/587497822800502785
ZEIT ONLINE,@zeitonline,2015-04-20T14:08:44.000Z,"ZEIT ONLINE
@zeitonline
·
2015年4月20日","Automesse Shanghai: Chinesische Hersteller schließen zu West-Marken auf – bei SUVs, den neuen Rennern in China. (mbr) http://zeit.to/1HnP3OG
3
2",,,3,2,[],https://twitter.com/zeitonline/status/590155137932464128
ZEIT ONLINE,@zeitonline,2015-04-27T20:45:49.000Z,"ZEIT ONLINE
@zeitonline
·
2015年4月28日","Ein Junge in #China trägt seinen Freund jeden Tag zur Schule - weil der keinen Rollstuhl hat. #inklusion http://bit.ly/1HPVsnB
1
34
33",,1,34,33,[],https://twitter.com/zeitonline/status/592791782775218177
ZEIT ONLINE,@zeitonline,2015-05-16T08:49:06.000Z,"ZEIT ONLINE
@zeitonline
·
2015年5月16日","#Indien und #China beschließen wirtschaftliche Kooperation im Volumen von 22 Milliarden Dollar (nd) http://zeit.de/politik/ausland/2015-05/indien-china-modi…
10
4",,,10,4,[],https://twitter.com/zeitonline/status/599496787108454400
ZEIT ONLINE,@zeitonline,2015-05-14T13:19:22.000Z,"ZEIT ONLINE
@zeitonline
·
2015年5月14日","Foodie oder Partygänger? Welcher Reisetyp sind Sie? Und wo könnte es hingehen? China? Paxos? Tipps aus der Redaktion http://zeit.de/zeit-magazin/2015/18/reisearten-abenteuer-familie-bildung-stadt-party…
2
4
5",,2,4,5,[],https://twitter.com/zeitonline/status/598840024071798784
ZEIT ONLINE,@zeitonline,2015-05-20T05:31:39.000Z,"ZEIT ONLINE
@zeitonline
·
2015年5月20日","Diktatur in China, Demokratie in Hongkong? Der Kampf um das neue Wahlrecht zeigt: Das kann nicht funktionieren. (lj) http://zeit.de/politik/ausland/2015-05/hongkong-china-wahlrecht-protest-system…
4
5",,,4,5,[],https://twitter.com/zeitonline/status/600896648366202880
ZEIT ONLINE,@zeitonline,2015-05-19T16:09:10.000Z,"ZEIT ONLINE
@zeitonline
·
2015年5月20日","Aus Tausenden Tonnen Sand und Schutt lässt China im südchinesischen Meer Dutzende neue Inseln bauen. (nd) http://blog.zeit.de/china/2015/05/19/chinas-landgrabbing-im-suedchinesischen-meer/…
1
3
1",,1,3,1,[],https://twitter.com/zeitonline/status/600694696785084417
ZEIT ONLINE,@zeitonline,2015-05-27T13:41:59.000Z,"ZEIT ONLINE
@zeitonline
·
2015年5月27日","China, die Werkbank der Welt? Das soll bald vorbei sein. Das Land will weg von der Schnell- und Billig-Kultur. (muk) http://zeit.to/1FD8stz
6
2",,,6,2,[],https://twitter.com/zeitonline/status/603556759681290240
ZEIT ONLINE,@zeitonline,2015-05-27T07:53:27.000Z,"ZEIT ONLINE
@zeitonline
·
2015年5月27日","Wie China seinen Einfluss ausweitet und auf welche Schwierigkeiten es dabei stößt. (ft) http://zeit.to/1FCM03B
3
1",,,3,1,[],https://twitter.com/zeitonline/status/603469045535498240
ZEIT ONLINE,@zeitonline,2015-06-07T18:56:30.000Z,"ZEIT ONLINE
@zeitonline
·
2015年6月8日","""China 8"" ist eine Ausstellung der Superlative. Warum aber wirken die Werke nur so belanglos? (dav) http://zeit.de/2015/21/kunst-china-china-8-ruhrgebiet-rheinland…
3
4",,,3,4,[],https://twitter.com/zeitonline/status/607622176695570432
ZEIT ONLINE,@zeitonline,2015-06-03T05:17:12.000Z,"ZEIT ONLINE
@zeitonline
·
2015年6月3日","""Freiheit ist der Abstand zwischen Jäger und Gejagtem."" So klingt politische Poesie aus #China. (ae)
zeit.de
China: ""Freiheit ist der Abstand zwischen Jäger und Gejagtem""
Der Lyriker Bei Dao ist eine Symbolfigur des demokratischen Chinas, obwohl er lange im Exil lebte. Er will sein Land immer noch verändern: mit der Kraft der Poesie.
1
15
18",,1,15,18,[],https://twitter.com/zeitonline/status/605966442475999232
ZEIT ONLINE,@zeitonline,2015-06-01T17:10:35.000Z,"ZEIT ONLINE
@zeitonline
·
2015年6月2日","Neu in China: Raucher verpetzen. (td) http://zeit.to/1AFBk5F
1
7
6",,1,7,6,[],https://twitter.com/zeitonline/status/605421194674860032
ZEIT ONLINE,@zeitonline,2015-05-31T09:20:07.000Z,"ZEIT ONLINE
@zeitonline
·
2015年5月31日","China ist fragile Ordnung, Indien ist stabiles Chaos. Wer ist mächtiger? Wem gehört die Zukunft? (lu)
zeit.de
Asien: China ist fragile Ordnung, Indien stabiles Chaos
Größte Demokratie gegen kommunistisches Riesenreich: China und Indien sind misstrauische Rivalen. Wer ist mächtiger? Wo lebt es sich besser? Wem gehört die Zukunft?
1
12
15",,1,12,15,[],https://twitter.com/zeitonline/status/604940411124228096
ZEIT ONLINE,@zeitonline,2015-06-13T08:59:49.000Z,"ZEIT ONLINE
@zeitonline
·
2015年6月13日","#Uber erobert #China - doch auch dort gibt's Ärger. Und einen mächtigen lokalen Rivalen. (mbr) http://blog.zeit.de/china/2015/06/12/uber-china-taxi/…
5
6",,,5,6,[],https://twitter.com/zeitonline/status/609646343783624704
ZEIT ONLINE,@zeitonline,2015-06-18T10:52:02.000Z,"ZEIT ONLINE
@zeitonline
·
2015年6月18日","Werden die Alten böse? Nein, die Bösen werden alt! Der Generationenkonflikt in China tritt offen zutage. (sk) http://zeit.to/1d3DrVp
7
6",,,7,6,[],https://twitter.com/zeitonline/status/611486522831937537
ZEIT ONLINE,@zeitonline,2015-06-14T07:27:24.000Z,"ZEIT ONLINE
@zeitonline
·
2015年6月14日","Russland und China haben sich offenbar Einblick in die Geheimdienst-Datensätze von Edward Snowden verschafft. (nd) http://zeit.de/politik/ausland/2015-06/snowden-russland-china-dokumente-spionage…
6
9
8",,6,9,8,[],https://twitter.com/zeitonline/status/609985472253820928
ZEIT ONLINE,@zeitonline,2015-06-12T07:53:59.000Z,"ZEIT ONLINE
@zeitonline
·
2015年6月12日","Kim Jong Un sagt einen Besuch in Peking ab. Die Beziehungen zwischen #Nordkorea und #China sind frostig. (nd) http://zeit.to/1TfTBwk
2
2",,2,2,,[],https://twitter.com/zeitonline/status/609267387221835776
ZEIT ONLINE,@zeitonline,2015-06-25T01:28:18.000Z,"ZEIT ONLINE
@zeitonline
·
2015年6月25日","Obama fordert von China konkretes Handeln im Kampf gegen #Cyberkriminalität (nd) http://zeit.de/politik/ausland/2015-06/usa-china-cyberkriminalitaet…
1
2
2",,1,2,2,[],https://twitter.com/zeitonline/status/613881369370959872
ZEIT ONLINE,@zeitonline,2015-06-21T06:50:05.000Z,"ZEIT ONLINE
@zeitonline
·
2015年6月21日","Angela Köckritz, Ex-#China-Korrespondentin der ZEIT, schildert, wie brutal Pekings Behörden mit Bürgern umgehen (lg)
zeit.de
Peking: Herr Meng muss weg
In China muss überall das Alte Neuem Weichen. In Peking werden ganze Viertel abgerissen. Mit den Bewohnern gehen die Behörden dabei äußerst rücksichtslos um.
3
6
9",,3,6,9,[],https://twitter.com/zeitonline/status/612512796497080320
ZEIT ONLINE,@zeitonline,2015-07-08T10:18:47.000Z,"ZEIT ONLINE
@zeitonline
·
2015年7月8日","In #China geht ein #Aktienfieber zu Ende, die Kurse stürzen ab, bloggt Felix Lee
blog.zeit.de
Chinas Börse: Die Aktienblase platzt
An der Börse in China stürzen die Aktienkurse ein. Den Boom zuvor hatte die Regierung selbst entfacht.
5
7",,,5,7,[],https://twitter.com/zeitonline/status/618725911534415872
ZEIT ONLINE,@zeitonline,2015-07-03T12:36:38.000Z,"ZEIT ONLINE
@zeitonline
·
2015年7月3日","China – Weltmarktführer synthetischer Drogen (lu) http://zeit.to/1LHVAWZ
1
5",,,1,5,[],https://twitter.com/zeitonline/status/616948664582434816
ZEIT ONLINE,@zeitonline,2015-07-14T05:27:57.000Z,"ZEIT ONLINE
@zeitonline
·
2015年7月14日","Geopolitik: Russland und China entwerfen eine neue Weltordnung (lu)
zeit.de
Geopolitik: Russland und China entwerfen eine neue Weltordnung
Wenn die aufstrebenden Länder nicht in die Führungsetage der Weltpolitik gelassen werden, schaffen sie sich eben ein eigenes System. Russland und China kommt das gelegen.
1
12
19",,1,12,19,[],https://twitter.com/zeitonline/status/620827047246602240
ZEIT ONLINE,@zeitonline,2015-07-11T13:27:59.000Z,"ZEIT ONLINE
@zeitonline
·
2015年7月11日","China hat dutzende Anwälte festgenommen, auch weitere Verteidiger von ZEIT-Mitarbeiterin Zhang Miao. #freemiao (nd)
zeit.de
Menschenrechte: Weitere Anwälte von Zhang Miao festgenommen
Nach einer Razzia sind in China über 50 Anwälte und Aktivisten verschwunden oder inhaftiert worden. Darunter sind Verteidiger der freigelassenen ZEIT-Mitarbeiterin Zhang.
15
7",,,15,7,[],https://twitter.com/zeitonline/status/619860688320753664
ZEIT ONLINE,@zeitonline,2015-07-23T09:15:14.000Z,"ZEIT ONLINE
@zeitonline
·
2015年7月23日","Elf Roboter müsst ihr sein: In China geht die jährliche Weltmeisterschaft im Roboterfußball zu Ende. #robocup (ek) http://zeit.to/1gPJLCz
2
5",,,2,5,[],https://twitter.com/zeitonline/status/624145735865516032
ZEIT ONLINE,@zeitonline,2015-07-28T04:48:02.000Z,"ZEIT ONLINE
@zeitonline
·
2015年7月28日","Kein Vetrauen in die Politik: Nach dem größten Kurssturz seit Jahren geben die Märkte in #China weiter nach (tsch) http://zeit.de/wirtschaft/boerse/2015-07/china-boersen-im-sinkflug…
2
9
5",,2,9,5,[],https://twitter.com/zeitonline/status/625890433722355712
ZEIT ONLINE,@zeitonline,2015-07-28T11:21:21.000Z,"ZEIT ONLINE
@zeitonline
·
2015年7月28日","Die Aktienblase ist geplatzt, damit zerschlägt sich auch die Hoffnung auf Wirtschaftsreformen in #China. (ae) http://zeit.to/1LSzKkO
2
6
13",,2,6,13,[],https://twitter.com/zeitonline/status/625989416356564992
ZEIT ONLINE,@zeitonline,2015-07-24T13:12:55.000Z,"ZEIT ONLINE
@zeitonline
·
2015年7月24日","Wie ein Bürgerrechtsanwalt in #China öffentlich gedemütigt wird, beschreibt Ex-Korrespondentin Angela Köckritz (lg)
zeit.de
Bürgerrechte in China: Staatlicher Rufmord live im Fernsehen
Chinesische Sicherheitsbehörden demütigen den verhafteten Bürgerrechtsanwalt Zhou Shifeng zur Strafe öffentlich – fast wie zu Zeiten der Kulturrevolution. Ein Protokoll
8
7",,,8,7,[],https://twitter.com/zeitonline/status/624567941640622080
ZEIT ONLINE,@zeitonline,2015-07-30T10:09:02.000Z,"ZEIT ONLINE
@zeitonline
·
2015年7月30日","Großbritannien hat Ai Weiwei unter Verweis auf seine Inhaftierung in China ein Geschäftsvisum verweigert. (nd) http://zeit.to/1Mvip0C
2
12
9",,2,12,9,[],https://twitter.com/zeitonline/status/626695991815749632
ZEIT ONLINE,@zeitonline,2015-08-01T09:55:08.000Z,"ZEIT ONLINE
@zeitonline
·
2015年8月1日","#China sorgt sich um seine Wirtschaft: Das Industriewachstum ist im Juli unerwartet zum Stillstand gekommen. (nd)
zeit.de
Shanghai: Chinas Wirtschaft schwächelt zunehmend
Das chinesische Industriewachstum kommt zum Stillstand. Nach Jahren des Booms schrumpft die Nachfrage im In- und Ausland – trotz massiver wirtschaftspolitischer Reformen.
4
5
6",,4,5,6,[],https://twitter.com/zeitonline/status/627417268444622848
ZEIT ONLINE,@zeitonline,2015-08-15T11:15:37.000Z,"ZEIT ONLINE
@zeitonline
·
2015年8月15日","China: Giftige Dämpfe bedrohen Menschen in Tianjin - Gebiet weiträumig evakuiert. (nd)
zeit.de
China: Giftige Dämpfe bedrohen Menschen in Tianjin
Atemschutz und lange Kleidung als Behelf: In Tianjin ist bei den Explosionen Natriumzyanid ausgetreten. Starke Winde könnten das Gift landeinwärts tragen.
2
17
11",,2,17,11,[],https://twitter.com/zeitonline/status/632510952429219840
ZEIT ONLINE,@zeitonline,2015-08-16T16:25:01.000Z,"ZEIT ONLINE
@zeitonline
·
2015年8月17日","China dreht Kriegsfilme im Rekordtempo: Bilder vom Set des größten Filmparks der Welt (mfh) http://zeit.de/kultur/film/2015-08/kriegsfilm-china-japan-dreharbeiten-fs…
4
1",,,4,1,[],https://twitter.com/zeitonline/status/632951204813930496
ZEIT ONLINE,@zeitonline,2015-08-25T03:34:57.000Z,"ZEIT ONLINE
@zeitonline
·
2015年8月25日","Die #Börsenkurse in #China brechen weiter ein - der #Nikkei-Index in #Japan erholt sich. (nd)
zeit.de
Börse: Die chinesischen Börsenkurse rutschen weiter ab
Nach dem größten Kursrutsch seit acht Jahren brechen die Aktienmärkte in China weiter ein. Der japanische Nikkei-Index machte hingegen Auftaktverluste wett.
1
5
4",,1,5,4,[],https://twitter.com/zeitonline/status/636018902267527168
ZEIT ONLINE,@zeitonline,2015-08-22T17:41:25.000Z,"ZEIT ONLINE
@zeitonline
·
2015年8月23日","Die Katastrophe von Tianjin erschüttert China. Die Druckwellen der Explosion sind in Peking angekommen. (ms) http://zeit.de/2015/34/tianjin-china-brand-explosion-zyanid-blausaeure-xi-jinping…
21
10",,,21,10,[],https://twitter.com/zeitonline/status/635144759808495616
ZEIT ONLINE,@zeitonline,2015-08-26T03:55:34.000Z,"ZEIT ONLINE
@zeitonline
·
2015年8月26日","Die asiatischen #Börsen erholen sich nur langsam - in #China ist die Talfahrt etwas gebremst. (nd) http://zeit.de/wirtschaft/boerse/2015-08/china-boerse-asien-erholung…
3
2
5",,3,2,5,[],https://twitter.com/zeitonline/status/636386479745433600
ZEIT ONLINE,@zeitonline,2015-08-25T15:15:58.000Z,"ZEIT ONLINE
@zeitonline
·
2015年8月25日","Weltweit sind Börsenkurse aus Angst vor einem Konjunktureinbruch in #China gefallen. Ist die Panik berechtigt? (zz) http://zeit.de/wirtschaft/2015-08/china-weltwirtschaft-konjunktur-usa-schwellenlaender-europa…
2
1",,,2,1,[],https://twitter.com/zeitonline/status/636195317327765505
ZEIT ONLINE,@zeitonline,2015-09-16T19:33:10.000Z,"ZEIT ONLINE
@zeitonline
·
2015年9月17日","Deutsche #Autohersteller setzen in #China auf viel Protz – ein Fehler. (mbr) #audi #bmw http://blog.zeit.de/china/2015/09/16/china-audi-bmw-daimler-luxus/…
2
4",,,2,4,[],https://twitter.com/zeitonline/status/644232576996147201
ZEIT ONLINE,@zeitonline,2015-09-10T19:49:28.000Z,"ZEIT ONLINE
@zeitonline
·
2015年9月11日","Chinas Führung gibt sich trotz mieser #Konjunktur-Daten zuversichtlich. Zu Recht? (mbr) #china #davos #wirtschaft http://zeit.to/1JZLmiQ
1
1
6",,1,1,6,[],https://twitter.com/zeitonline/status/642062352737792000
ZEIT ONLINE,@zeitonline,2015-09-30T19:39:12.000Z,"ZEIT ONLINE
@zeitonline
·
2015年10月1日","#Volkswagen mogelte auch in #China. #Dieselgate (ae)
blog.zeit.de
VW mogelte auch in China
Der Diesel-Skandal erinnert China an vergangene Probleme mit VW. Das Vertuschen von Fehlern ist dort nichts neues.
1
12
7",,1,12,7,[],https://twitter.com/zeitonline/status/649307524521414660
ZEIT ONLINE,@zeitonline,2015-09-30T17:00:25.000Z,"ZEIT ONLINE
@zeitonline
·
2015年10月1日","Der #Flughafen #Luebeck ist pleite: Der Investor aus China will nicht mehr. (sr) http://zeit.de/hamburg/politik-wirtschaft/2015-09/flughafen-luebeck-pleite…
1
10
5",,1,10,5,[],https://twitter.com/zeitonline/status/649267567316570112
ZEIT ONLINE,@zeitonline,2015-10-15T19:41:39.000Z,"ZEIT ONLINE
@zeitonline
·
2015年10月16日","Kommunismus der Superreichen: China beheimatet nun die meisten Milliardäre der Welt. (zz)
blog.zeit.de
Immer mehr Superreiche
China hat ein schwieriges Jahr hinter sich, doch Superreiche bleiben reich und vermehren sich.
3
8
10",,3,8,10,[],https://twitter.com/zeitonline/status/654743962318573568
ZEIT ONLINE,@zeitonline,2015-10-11T11:34:37.000Z,"ZEIT ONLINE
@zeitonline
·
2015年10月11日","Wer waren Maos Rotgardisten? Einer erzählt, wie er einen jungen Mann erschlug und damit leben lernte. #China (lc)
zeit.de
China: ""Einen Menschen zu schlagen ist eine Freude""
Wer waren Maos Rotgardisten? Woher rührte ihre Grausamkeit? Einer von ihnen, Wang Jiyu, erzählt, wie er mit 16 Jahren einen Menschen tötete – und damit zu leben lernte.
4
7",,,4,7,[],https://twitter.com/zeitonline/status/653171842430181376
ZEIT ONLINE,@zeitonline,2015-10-14T17:06:40.000Z,"ZEIT ONLINE
@zeitonline
·
2015年10月15日","Erst China und dann Europa? 47 Zähne sollen belegen, wo es die ersten modernen Menschen hin verschlug. (asw)
zeit.de
Homo sapiens: Raus aus Afrika und dann wohin?
47 fossile Zähne liefern einen Hinweis dafür, dass der moderne Mensch zunächst nach Südchina wanderte. Nicht nach Europa. Für chinesische Forscher ein Grund zu feiern.
4
7",,,4,7,[],https://twitter.com/zeitonline/status/654342570982670336
ZEIT ONLINE,@zeitonline,2015-10-09T17:09:53.000Z,"ZEIT ONLINE
@zeitonline
·
2015年10月10日","China will das Verhalten seiner Bürger im Internet nicht mehr nur überwachen, sondern auch bewerten. (msg) http://blog.zeit.de/china/?p=3428
2
8
6",,2,8,6,[],https://twitter.com/zeitonline/status/652531440215830528
ZEIT ONLINE,@zeitonline,2015-10-26T12:57:17.000Z,"ZEIT ONLINE
@zeitonline
·
2015年10月26日","#China legt den neuen Fünfjahresplan fest: die Basis für weiteren Machtgewinn. (ae) http://zeit.to/1Mm9OPK
4
3",,,4,3,[],https://twitter.com/zeitonline/status/658628467009978369
ZEIT ONLINE,@zeitonline,2015-10-20T16:32:14.000Z,"ZEIT ONLINE
@zeitonline
·
2015年10月21日","""China ist ein popmusikalisches Entwicklungsland."" Helen Feng 
@NovaHeartMusic
 im Interview über Zensur und Pop (raw) http://zeit.de/2015/41/helen-feng-nova-heart-popmusik-china-zensur…
2
5",,,2,5,[],https://twitter.com/zeitonline/status/656508231725023232
ZEIT ONLINE,@zeitonline,2015-10-29T12:21:56.000Z,"ZEIT ONLINE
@zeitonline
·
2015年10月29日","Auch dieser Gipfel wird das Klima nicht retten. #paris #klimakonferenz #china #usa http://bit.ly/1KHwra5 (msg)
6
11
7",,6,11,7,[],https://twitter.com/zeitonline/status/659706733070274560
ZEIT ONLINE,@zeitonline,2015-10-29T11:15:47.000Z,"ZEIT ONLINE
@zeitonline
·
2015年10月29日","#China hat das Ende der Ein-Kind-Politik beschlossen. (nd)
zeit.de
Familienpolitik: China beendet Ein-Kind-Politik
Die Kommunistische Partei hat das Ende ihrer umstrittenen Ein-Kind-Politik bekannt gegeben. Von nun an dürfen alle Paare mit staatlicher Erlaubnis zwei Kinder bekommen.
3
28
21",,3,28,21,[],https://twitter.com/zeitonline/status/659690086938902528
ZEIT ONLINE,@zeitonline,2015-10-28T04:24:02.000Z,"ZEIT ONLINE
@zeitonline
·
2015年10月28日","#Apple macht Gewinnsprung, verdoppelt auch China-Geschäft. (nd)
zeit.de
Handyhersteller: Apple steigert Gewinne um mehr als 30 Prozent
Dank dem Erfolg des iPhones verdient der US-Technologiekonzern kräftig. Apple verdoppelt zudem sein China-Geschäft.
2
9
7",,2,9,7,[],https://twitter.com/zeitonline/status/659224076620333056
ZEIT ONLINE,@zeitonline,2015-11-04T13:03:54.000Z,"ZEIT ONLINE
@zeitonline
·
2015年11月4日","#China verbrennt 17 Prozent mehr Kohle als bisher gemeldet (nd) #COP21 http://zeit.de/wissen/umwelt/2015-11/energie-china-klimaschutz-kohle…
1
9
3",,1,9,3,[],https://twitter.com/zeitonline/status/661891620451819520
ZEIT ONLINE,@zeitonline,2015-11-07T08:12:27.000Z,"ZEIT ONLINE
@zeitonline
·
2015年11月7日","Erstmals seit der chinesischen Revolution 1949 haben sich die Präsidenten von #China und #Taiwan getroffen. (nd) http://zeit.de/politik/ausland/2015-11/china-taiwan-treffen-singapur…
4
9",,,4,9,[],https://twitter.com/zeitonline/status/662905439781261313
ZEIT ONLINE,@zeitonline,2015-12-04T20:27:43.000Z,"ZEIT ONLINE
@zeitonline
·
2015年12月5日","Der #Kinderhandel in #China blüht. Das Ende der Ein-Kind-Politik wird daran wenig ändern. (mbr) http://bit.ly/1Nx4SSF
12
11",,,12,11,[],https://twitter.com/zeitonline/status/672874947744800768
ZEIT ONLINE,@zeitonline,2015-12-01T06:20:39.000Z,"ZEIT ONLINE
@zeitonline
·
2015年12月1日","In #China sind wegen dichten Smogs tausende Fabriken geschlossen worden. (nd)
zeit.de
China: Tausende chinesische Fabriken wegen Smogs geschlossen
Die Feinstaubbelastung in Peking hat das 35-Fache des Grenzwertes erreicht. Auch über Neu Delhi hängt eine dichte Smogdecke – doch dort geht das Leben weiter wie bisher.
2
20
11",,2,20,11,[],https://twitter.com/zeitonline/status/671574612749234177
