UserScreenName,UserName,Timestamp,Text,Embedded_text,Emojis,Comments,Likes,Retweets,Image link,Tweet URL
ZEIT ONLINE,@zeitonline,2012-04-01T17:29:01.000Z,"ZEIT ONLINE
@zeitonline
·
2012年4月2日","Gut gespielt, aber 0:3 verloren - die deutschen Tischtennisherren verlieren im WM-Finale von Dortmund vor 11000 Zuschauern gegen China. (of)
1
2
1",,1,2,1,[],https://twitter.com/zeitonline/status/186505458322898944
ZEIT ONLINE,@zeitonline,2012-06-11T17:21:10.000Z,"ZEIT ONLINE
@zeitonline
·
2012年6月12日","Neues Blog auf ZEIT ONLNE: Felix Lee bloggt ab heute für uns aus China über Chinas Wirtschaft und Online-Branchen.
blog.zeit.de
Die Welt wartet vergeblich auf China - China-Blog
In keinem Land der Welt sparen die Menschen so viel wie in China. Die Sparquote liegt je nach Berechnungsart zwischen 30 und 50 Prozent. Zum Vergleich: Die Deutschen, die auch nicht gerade für ihre...
2
2",,,2,2,[],https://twitter.com/zeitonline/status/212233022827790337
ZEIT ONLINE,@zeitonline,2012-06-28T08:30:54.000Z,"ZEIT ONLINE
@zeitonline
·
2012年6月28日","Kofi Annan schlägt die Einsetzung einer Übergangsregierung in #Syrien vor, Russland und China unterstützen dies. http://zeit.de/politik/ausland/2012-06/syrien-annan-uebergangsregierung… (leo)
1
7
1",,1,7,1,[],https://twitter.com/zeitonline/status/218260170558545921
ZEIT ONLINE,@zeitonline,2012-06-15T12:36:06.000Z,"ZEIT ONLINE
@zeitonline
·
2012年6月15日","Einigung statt Abmahnung: In China hat Hollywood seinen Frieden mit Online-Videoportalen gemacht.
zeit.de
Hollywood macht seinen Frieden mit Chinas Kopierern
Weil Filmstudios gegen chinesische Schwarzkopien kaum etwas tun können, haben sie mit Stream-Portalen verhandelt. Blockbuster gibt es für wenige Cent oder ganz umsonst.
9
9",,,9,9,['https://pbs.twimg.com/card_img/1490156112632553472/4gZSYRQm?format=jpg&name=medium'],https://twitter.com/zeitonline/status/213610835166248960
ZEIT ONLINE,@zeitonline,2012-06-26T14:06:33.000Z,"ZEIT ONLINE
@zeitonline
·
2012年6月26日","Die Euro-Krise macht China nervös. Angst vor Währungsverfall, Exporteinbußen und Investitionsverlusten greift um sich. http://blog.zeit.de/china/2012/06/26/china-bereitet-sich-auf-den-fall-der-falle-vor/…
5
4",,,5,4,[],https://twitter.com/zeitonline/status/217619866432176130
ZEIT ONLINE,@zeitonline,2012-06-14T13:48:35.000Z,"ZEIT ONLINE
@zeitonline
·
2012年6月14日","Ein Linktipp zu faszinierenden Bildern: Ausgrabungen von Terrakotta-Kriegern in China, die 1974 entdeckt wurden. http://bbc.co.uk/news/world-asia-china-18391197… (leo)
4
1",,,4,1,[],https://twitter.com/zeitonline/status/213266688219684864
ZEIT ONLINE,@zeitonline,2012-06-18T05:43:41.000Z,"ZEIT ONLINE
@zeitonline
·
2012年6月18日","Europa und China haben mit Erleichterung über den Ausgang der Wahl in Griechenland reagiert. http://zeit.de/politik/ausland/2012-06/athen-wahl-europa… (nd)
1
3
1",,1,3,1,[],https://twitter.com/zeitonline/status/214594210647650305
ZEIT ONLINE,@zeitonline,2012-07-11T14:48:21.000Z,"ZEIT ONLINE
@zeitonline
·
2012年7月11日","China verschärft die #Netzzensur von Videos. http://zeit.de/digital/internet/2012-07/china-zensur-video… (leo)
zeit.de
China verschärft Zensur von Videoinhalten
Videoanbieter müssen ihre Inhalte künftig vor der Veröffentlichung von einer Staatsbehörde sichten lassen. So sollen Jugendliche vor ""vulgären Inhalten"" geschützt werden.
8
3",,,8,3,['https://pbs.twimg.com/card_img/1502574604883304455/ZJt8IArr?format=jpg&name=medium'],https://twitter.com/zeitonline/status/223066201981595648
ZEIT ONLINE,@zeitonline,2012-07-20T06:19:25.000Z,"ZEIT ONLINE
@zeitonline
·
2012年7月20日","#China: Künstler und Regimekritiker #Ai Weiwei scheitert mit Einspruch im Steuerverfahren. http://zeit.de/politik/ausland/2012-07/china-ai-berufung… (kh)
2",,,2,,[],https://twitter.com/zeitonline/status/226199615320518656
ZEIT ONLINE,@zeitonline,2012-07-14T11:46:06.000Z,"ZEIT ONLINE
@zeitonline
·
2012年7月14日","Die Empörung der US-Demokraten über #Olympia-Kleindung ""made in China"" ist Wahlkampfstrategie: http://zeit.de/politik/ausland/2012-07/usa-olympia-uniformen… (pb)
3
6
1",,3,6,1,[],https://twitter.com/zeitonline/status/224107501719785472
ZEIT ONLINE,@zeitonline,2012-07-16T10:07:50.000Z,"ZEIT ONLINE
@zeitonline
·
2012年7月16日","Auch in China kann Social Media Aktivisten helfen: Die BBC mit 5 Erfolgsgeschichten, gestartet auf Sina Weibo http://bbc.co.uk/news/magazine-18773111#TWEET173448… #linktipp
7
1",,,7,1,[],https://twitter.com/zeitonline/status/224807547717160961
ZEIT ONLINE,@zeitonline,2012-07-19T15:50:18.000Z,"ZEIT ONLINE
@zeitonline
·
2012年7月19日","China ist im Umbruch und sucht seine Identität. Wird nach Jahrzehnten von Atheismus Religion zur Sinnstifterin? http://zeit.de/2012/29/Serie-Religion-China… (leo)
2
2
3",,2,2,3,[],https://twitter.com/zeitonline/status/225980896526872576
ZEIT ONLINE,@zeitonline,2012-08-03T10:21:58.000Z,"ZEIT ONLINE
@zeitonline
·
2012年8月3日","Kofi Annans Scheitern in Syrien ist nicht nur auf Russland und China zurückzuführen. Auch die USA trifft Schuld. http://zeit.de/politik/ausland/2012-08/Annan-Syrien-Mission… (leo)
3
5
4",,3,5,4,[],https://twitter.com/zeitonline/status/231334085493145600
ZEIT ONLINE,@zeitonline,2012-08-02T16:24:09.000Z,"ZEIT ONLINE
@zeitonline
·
2012年8月3日","Die Sprache des Taschenrechners versteht man überall: Über den globalen Handelsstrom zwischen China und Afrika. http://blog.zeit.de/china/2012/08/02/china-afrika-der-neue-globale-handelsstrom/#more-192… (leo)
6
4",,,6,4,[],https://twitter.com/zeitonline/status/231062841996754944
ZEIT ONLINE,@zeitonline,2012-08-07T13:46:59.000Z,"ZEIT ONLINE
@zeitonline
·
2012年8月7日","China steht der Mordprozess gegen die Frau des Ex-Volkshelden Bo Xilai bevor - Unangenehm für die Parteiführung. http://zeit.de/politik/ausland/2012-08/Gu-Kailai… (leo)
2",,,2,,[],https://twitter.com/zeitonline/status/232835231974060032
ZEIT ONLINE,@zeitonline,2012-08-09T09:17:12.000Z,"ZEIT ONLINE
@zeitonline
·
2012年8月9日","Ein Verfahren, das morgens begann und nachmittags endete: Die Justiz in China macht kurzen Prozess mit Gu Kailai. http://zeit.de/politik/ausland/2012-08/china-mordprozess-gu-kailai… (leo)
1",,1,,,[],https://twitter.com/zeitonline/status/233492114384752640
ZEIT ONLINE,@zeitonline,2012-08-19T15:03:11.000Z,"ZEIT ONLINE
@zeitonline
·
2012年8月19日","Nationalisten verschärfen Inselstreit zwischen Japan und China: http://zeit.de/politik/ausland/2012-08/china-japan-inseln… (sr)
1
1",,,1,1,[],https://twitter.com/zeitonline/status/237203059481137153
ZEIT ONLINE,@zeitonline,2012-09-07T14:24:20.000Z,"ZEIT ONLINE
@zeitonline
·
2012年9月7日","Ökonomisch-schwierige Zeiten: Ja, Crash: Nein. China ist krisensicherer als die westeuropäischen Staaten. http://blog.zeit.de/china/2012/09/07/droht-china-der-crash/… (leo)
4
3",,,4,3,[],https://twitter.com/zeitonline/status/244078653632282626
ZEIT ONLINE,@zeitonline,2012-09-24T13:28:48.000Z,"ZEIT ONLINE
@zeitonline
·
2012年9月24日","Die Massenschlägerei bei Foxconn zeigt: Apple hat keine Lösung für die schlechten Arbeitsbedingungen in China. http://blog.zeit.de/china/2012/09/24/apples-problem-mit-foxconn/… #iPhone5
3
13
3",,3,13,3,[],https://twitter.com/zeitonline/status/250225272127885312
ZEIT ONLINE,@zeitonline,2012-09-13T10:43:37.000Z,"ZEIT ONLINE
@zeitonline
·
2012年9月13日","Giovanni di Lorenzo spricht mit Helmut Schmidt über dessen Verhältnis zu China. Es geht ua um das Tiananmen-Massaker
http://zeit.de/2012/38/Helmut-Schmidt-di-Lorenzo-China-Mao-Menschenrechte… da
zeit.de
Fragen an den Altkanzler: Schmidt äußert Verständnis für Chinas Regime von '89
Maos ""Großer Sprung"", Massaker auf dem Tiananmen-Platz, Menschenrechtsverletzungen im heutigen China – Helmut Schmidt über sein Verhältnis zur Volksrepublik.
2
6
5",,2,6,5,[],https://twitter.com/zeitonline/status/246197436148772864
ZEIT ONLINE,@zeitonline,2012-10-08T13:13:21.000Z,"ZEIT ONLINE
@zeitonline
·
2012年10月8日","China hat weltweit die meisten Twitter-Nutzer. Das sagen zumindest die Zahlen eines Marktforschungsunternehmens http://blog.zeit.de/china/2012/10/08/china-ist-die-groste-twitter-nation/… (leo)
blog.zeit.de
China ist die größte Twitter-Nation - China-Blog
Eine Zahl, die viele überraschen dürfte: Obwohl Twitter im chinesischen Netz gesperrt ist, hat der Kurznachrichtendienst in der Volksrepublik im weltweiten Ländervergleich die meisten Nutzer. Mehr...
4
10",,4,10,,[],https://twitter.com/zeitonline/status/255294815179264000
ZEIT ONLINE,@zeitonline,2012-10-26T08:16:34.000Z,"ZEIT ONLINE
@zeitonline
·
2012年10月26日","2,7 Mrd Dollar soll die Familie von Chinas Premier Wen besitzen, so die 
@nytimes
. China hat den Bericht gesperrt: http://zeit.de/politik/ausland/2012-10/china-wen-jiabao-reichtum-new-york-times… (tis)
2
6
4",,2,6,4,[],https://twitter.com/zeitonline/status/261743107039690752
ZEIT ONLINE,@zeitonline,2012-10-23T02:20:03.000Z,"ZEIT ONLINE
@zeitonline
·
2012年10月23日","Romney über China: ""Ich werde China in meinem ersten Tag im Amt als Währungs-Manipulator bezeichnen"", ""Sie wollen Handelskrieg"" #debate
1
6
2",,1,6,2,[],https://twitter.com/zeitonline/status/260566224012996608
ZEIT ONLINE,@zeitonline,2012-11-08T06:57:38.000Z,"ZEIT ONLINE
@zeitonline
·
2012年11月8日","Machtwechsel in China: Zum Abschied verspricht Hu Jintao eine Verdopplung der Einkommen bis 2020. http://zeit.de/politik/ausland/2012-11/china-parteitag-hu-jintao… (kh)
6
3",,,6,3,[],https://twitter.com/zeitonline/status/266434285794373632
ZEIT ONLINE,@zeitonline,2012-11-02T12:18:11.000Z,"ZEIT ONLINE
@zeitonline
·
2012年11月2日","China bekommt eine neue Führung. Sie wird den Boom-Staat reformieren müssen. Wir stellen die Kandidaten vor:
http://zeit.de/politik/ausland/2012-11/china-politbuero-neu… (da)
5
2",,,5,2,[],https://twitter.com/zeitonline/status/264340629293764608
ZEIT ONLINE,@zeitonline,2012-11-15T06:35:10.000Z,"ZEIT ONLINE
@zeitonline
·
2012年11月15日","Xi Jinping heißt der neue starke Mann in China. Mit einer kurzen Ansprache wandte er sich ans Volk. http://zeit.de/politik/ausland/2012-11/xi-parteivorsitz-china… (nd)
3
1",,,3,1,[],https://twitter.com/zeitonline/status/268965348030705665
ZEIT ONLINE,@zeitonline,2012-12-10T15:45:17.000Z,"ZEIT ONLINE
@zeitonline
·
2012年12月10日","Kommt es nach dem Machtwechsel in #China zu einer Liberalisierung der Wirtschaft, gewürzt mit mehr Nationalismus? http://zeit.de/politik/ausland/2012-12/china-reformen-wirtschaft… (sv)
2
4",,,2,4,[],https://twitter.com/zeitonline/status/278163484347355137
