UserScreenName,UserName,Timestamp,Text,Embedded_text,Emojis,Comments,Likes,Retweets,Image link,Tweet URL
ZEIT ONLINE,@zeitonline,2018-01-06T13:16:43.000Z,"ZEIT ONLINE
@zeitonline
·
2018年1月6日","#China will unseren Plastikmüll nicht mehr. Was für eine Chance!
zeit.de
Müllexporte nach China: Die Weltmüllkippe schließt
China will unseren Müll nicht mehr: Es hat den Import von Plastikmüll gestoppt. Der Schritt entlarvt den bizarren Mülltourismus – und freut die Recyclingbranche.
11
89
125",,11,89,125,[],https://twitter.com/zeitonline/status/949630811363594242
ZEIT ONLINE,@zeitonline,2018-01-08T16:51:03.000Z,"ZEIT ONLINE
@zeitonline
·
2018年1月9日","Mit klassischer Industriepolitik will China zur führenden #Elektroauto-Nation aufsteigen. Ein Vorbild für Deutschland?
zeit.de
Elektromobilität: China gibt das Tempo vor
Subventionen und rigide Gesetze erzwingen in China einen überraschend schnellen Wandel bei der Elektromobilität. Taugt die Volksrepublik als Vorbild für Deutschland?
6
8
13",,6,8,13,[],https://twitter.com/zeitonline/status/950409528448778240
ZEIT ONLINE,@zeitonline,2018-01-09T16:18:57.000Z,"ZEIT ONLINE
@zeitonline
·
2018年1月10日","Besuch von Präsident #Macron: #Frankreich wird die erste Atommüll-Anlage in #China bauen.
zeit.de
Emmanuel Macron in China: Frankreich verkauft Atommüll-Anlage an China
Präsident Macron hat in China lukrative Geschäfte in die Wege geleitet. Gegenüber chinesischen Investoren in Frankreich zeigte sich seine Regierung indes zurückhaltend.
9
3",,,9,3,[],https://twitter.com/zeitonline/status/950763835236995073
ZEIT ONLINE,@zeitonline,2018-01-07T11:34:43.000Z,"ZEIT ONLINE
@zeitonline
·
2018年1月7日","Chinesische Unternehmer erproben zwischen dem Senegal und Äthiopien eine andere Form der Globalisierung. Doch was, wenn die Abhängigkeit zu groß wird? #China #Afrika
zeit.de
China: Fingerspitzengefühl für Afrika
Chinesische Unternehmer erproben zwischen dem Senegal und Äthiopien eine andere Form der Globalisierung. Doch was, wenn die Abhängigkeit zu groß wird?
4
12
8",,4,12,8,[],https://twitter.com/zeitonline/status/949967529925070850
ZEIT ONLINE,@zeitonline,2018-01-14T18:00:23.000Z,"ZEIT ONLINE
@zeitonline
·
2018年1月15日","Wenn #China den Import von Plastikmüll verbietet, muss es auch die heimische Müllverwertung strenger regulieren. Das könnte vielen Müllwerkern die Existenzgrundlage entziehen.
zeit.de
Müllexporte nach China: Ein riesiger Schwarzmarkt für Müll
Chinas stoppt den Import von Plastikmüll: Der Abfall sei zu stark verschmutzt. Mit dem Müll im eigenen Land ist die Regierung weniger streng. Das könnte Probleme geben.
2
19
15",,2,19,15,[],https://twitter.com/zeitonline/status/952601303171158017
ZEIT ONLINE,@zeitonline,2018-01-19T10:32:18.000Z,"ZEIT ONLINE
@zeitonline
·
2018年1月19日","Der Menschenrechtsanwalt Yu Wensheng wollte seinen Sohn zur Schule bringen, als ein Spezialeinsatzkommando ihn abfing. #China http://bit.ly/2mYlekn
8
6",,,8,6,[],https://twitter.com/zeitonline/status/954300475259654145
ZEIT ONLINE,@zeitonline,2018-01-22T16:58:41.000Z,"ZEIT ONLINE
@zeitonline
·
2018年1月23日","Der Importstopp von #China wirbelt die weltweite Recyclingbranche durcheinander. Früher bekamen Recyclinghändler Geld für alte Folie, jetzt müssen sie dafür zahlen.
zeit.de
Abfall: Wohin mit unserem Müll?
Bislang verkauften Abfallhändler Plastikflaschen und Folien gewinnbringend nach China. Seitdem das Land einen Importstopp verhängt hat, wird der Export schwieriger.
5
5
13",,5,5,13,[],https://twitter.com/zeitonline/status/955484878849695744
ZEIT ONLINE,@zeitonline,2018-01-21T14:58:09.000Z,"ZEIT ONLINE
@zeitonline
·
2018年1月21日","China will sich Rohstoffe beschaffen und errichtet deshalb in Südamerika regelrechte Kolonien. Im tropischen Kleinstaat Surinam nördlich von Brasilien ist schon jeder zehnte Einwohner ein Chinese.
zeit.de
Surinam: Peking im Regenwald
China will sich Rohstoffe beschaffen und errichtet deshalb in Südamerika regelrechte Kolonien. Im Kleinstaat Surinam ist schon jeder zehnte Einwohner ein Chinese.
10
22
16",,10,22,16,[],https://twitter.com/zeitonline/status/955092158234710016
ZEIT ONLINE,@zeitonline,2018-02-07T03:55:05.000Z,"ZEIT ONLINE
@zeitonline
·
2018年2月7日","Der Deutsche Botschafter sorgt sich um die Rechte von EU-Bürgern in China.
zeit.de
China: Deutscher Botschafter warnt vor Gefahr für EU-Bürger
Verleger Gui Minhai ist schwedischer Staatsbürger und ein Regimegegner Chinas. Seine Festnahme könnte Folgen für andere EU-Bürger haben, warnt Deutschlands Botschafter.
6
7
4",,6,7,4,[],https://twitter.com/zeitonline/status/961085885113565184
ZEIT ONLINE,@zeitonline,2018-02-02T21:28:09.000Z,"ZEIT ONLINE
@zeitonline
·
2018年2月3日","Kleinere Atomwaffen mit umso abschreckender Wirkung: Mit sogenannten #MiniNukes wollen die #USA #Russland und #China einschüchtern.
zeit.de
Pentagon: US-Regierung will neue Atomwaffen mit geringerer Sprengkraft
Mit kleineren Atomwaffen wollen die USA für mehr Abschreckung beim Gegner, vor allem in Russland sorgen. Kritiker befürchten ein neues atomares Wettrüsten.
16
6
8",,16,6,8,[],https://twitter.com/zeitonline/status/959538958282711040
ZEIT ONLINE,@zeitonline,2018-02-14T11:31:05.000Z,"ZEIT ONLINE
@zeitonline
·
2018年2月14日","#China will ihren Anspruch als Großmacht hervorheben und rüstet sein Militär auf.
zeit.de
IISS-Report: China rüstet sein Militär verstärkt auf
Die Regierung in Peking macht den USA Konkurrenz als Streitmacht Nummer eins in der Welt. Neben technischen Neuerungen baut China die erste Militärbasis im Ausland auf.
8
8
6",,8,8,6,[],https://twitter.com/zeitonline/status/963737355592101889
ZEIT ONLINE,@zeitonline,2018-02-26T14:39:27.000Z,"ZEIT ONLINE
@zeitonline
·
2018年2月26日","Erst kopierte er Mercedes-Modelle in China, jetzt wird er Daimlers größter Einzelaktionär. Wer ist der Milliardär Li Shufu? #geely
zeit.de
Geely: Vom Reisbauern zum Daimler-Schreck
Einst verklagte ihn Daimler, jetzt wird er der wichtigste Aktionär des Autoherstellers. Wer ist der chinesische Milliardär Li Shufu?
4
7
11",,4,7,11,[],https://twitter.com/zeitonline/status/968133411549347840
ZEIT ONLINE,@zeitonline,2018-02-28T11:07:22.000Z,"ZEIT ONLINE
@zeitonline
·
2018年2月28日","Weil #China angeblich seine Alufolie in den #USA zu günstig anbietet, will die US-Regierung nun Schutzzölle verhängen. Die #WTO hatte bereits vor einem Handelskrieg gewarnt. http://bit.ly/2GMEQ20
4
6
2",,4,6,2,[],https://twitter.com/zeitonline/status/968804816423178241
ZEIT ONLINE,@zeitonline,2018-03-03T04:50:09.000Z,"ZEIT ONLINE
@zeitonline
·
2018年3月3日","#China will sich mit anderen betroffenen Ländern gegen die geplanten Zölle von US-Präsident #DonaldTrump verbünden.
zeit.de
Donald Trump: China warnt Trump vor verheerenden Folgen der US-Zölle
Die Volksrepublik hat angekündigt, sich mit anderen betroffenen Staaten gegen die Einfuhrsteuern zu verbünden. Der Handel werde auf beiden Seiten großen Schaden nehmen.
9
9
22",,9,9,22,[],https://twitter.com/zeitonline/status/969797050069024769
ZEIT ONLINE,@zeitonline,2018-03-02T08:19:10.000Z,"ZEIT ONLINE
@zeitonline
·
2018年3月2日","Regierungen kündigen Reaktionen auf US-Importzölle an. China rügt die US-Handelspolitik.
zeit.de
US-Handelspolitik: Weltweite Kritik an US-Importzöllen
US-Präsident Donald Trump teilt mit, dass Handelskriege ""gut und leicht"" zu gewinnen seien. Die Bundesregierung kritisiert die Importzölle.
2
4
5",,2,4,5,[],https://twitter.com/zeitonline/status/969487264064704513
ZEIT ONLINE,@zeitonline,2018-03-20T06:47:58.000Z,"ZEIT ONLINE
@zeitonline
·
2018年3月20日","Der große Irrtum: #China, die #Marktwirstchaft und die #Demokratie
zeit.de
China: Der große Irrtum
Marktwirtschaft und offene Grenzen führen nicht automatisch in die Demokratie. Chinas Volkskongress hat der KP ihr neues Zwangsregime abgesegnet. Was kann der Westen tun?
2
8
11",,2,8,11,[],https://twitter.com/zeitonline/status/975987295282253831
ZEIT ONLINE,@zeitonline,2018-03-14T00:33:50.000Z,"ZEIT ONLINE
@zeitonline
·
2018年3月14日","US-Präsident Donald #Trump will laut einem Bericht Zölle in Milliardenhöhe gegen China verhängen. http://zeit.de/wirtschaft/2018-03/usa-donald-trump-zoelle-china-geistiges-eigentum…
5
8
5",,5,8,5,[],https://twitter.com/zeitonline/status/973718811001217029
ZEIT ONLINE,@zeitonline,2018-03-20T03:31:48.000Z,"ZEIT ONLINE
@zeitonline
·
2018年3月20日","#Trumps #Milliardenzölle gegen #China sollen rund 100 Produkte aus dem Technologie- und Telekommunikationssektor und der Bekleidungsindustrie betreffen. Insidern zufolge sollen sie noch vor Freitag verhängt werden. #Handelskrieg
zeit.de
Handelskrieg: Milliardenzölle gegen China
Die USA könnten bis Freitag Zölle in Höhe von 60 Milliarden Dollar auf chinesische Produkte einführen. Chinas Premier Li Keqiang warnt vor ""emotionalen Reaktionen"".
7
6
6",,7,6,6,[],https://twitter.com/zeitonline/status/975937927237767168
ZEIT ONLINE,@zeitonline,2018-03-19T09:59:05.000Z,"ZEIT ONLINE
@zeitonline
·
2018年3月19日","Präsident #XiJinping, der gerade von seiner Amtszeitbeschränkung befreit wurde, versammelt so künftig noch mehr enge Vertraute um sich. #China
zeit.de
Liu He: China stellt Regierung neu auf
Der Volkskongress von China hat mehrere Kabinettsposten neu besetzt. Zentrale Figur in der Wirtschaftspolitik wird Liu He, ein enger Vertrauter von Präsident Xi Jinping.
5
3",,,5,3,[],https://twitter.com/zeitonline/status/975673001025863681
ZEIT ONLINE,@zeitonline,2018-04-02T00:20:46.000Z,"ZEIT ONLINE
@zeitonline
·
2018年4月2日","#China belegt mehr als 120 Produkte aus den #USA mit Zöllen von bis zu 25 Prozent.
zeit.de
Handelsstreit: China verhängt Zölle auf 128 US-Produkte
Man habe ""absolut keine Angst vor einem Handelskrieg"" mit den USA: Die Regierung in Peking belegt mehr als 120 Produkte aus den USA mit Zöllen von bis zu 25 Prozent.
5
7
15",,5,7,15,[],https://twitter.com/zeitonline/status/980600892675248128
ZEIT ONLINE,@zeitonline,2018-04-05T14:42:44.000Z,"ZEIT ONLINE
@zeitonline
·
2018年4月5日","#China hat die Welthandelsorganisation #WTO angerufen, im Streit um die US-Importzölle zu schlichten. https://zeit.to/2JldrGH
1
8
8",,1,8,8,[],https://twitter.com/zeitonline/status/981904979853234176
ZEIT ONLINE,@zeitonline,2018-04-10T03:46:50.000Z,"ZEIT ONLINE
@zeitonline
·
2018年4月10日","Chinas Präsident Xi Jinping macht ausländischen Firmen mitten im Handelskonflikt mit den USA Hoffnung auf einen leichteren Marktzugang. #China
zeit.de
Xi Jinping: Chinas Präsident will Zölle senken und Märkte für Ausländer öffnen
In China hat Staatschef Xi die Sorgen vor einer Eskalation im Handelsstreit mit den USA gedämpft. Die Importe ausländischer Autokonzerne sollen erleichtert werden.
4
8
13",,4,8,13,[],https://twitter.com/zeitonline/status/983551853509128192
ZEIT ONLINE,@zeitonline,2018-04-06T03:46:10.000Z,"ZEIT ONLINE
@zeitonline
·
2018年4月6日","US-Präsident Donald Trump erwägt Verdreifachung er #Strafzölle gegen China. Die #Börsen reagieren mit Schwankungen
zeit.de
Handelsstreit: Trump will Importzölle für China verdreifachen
Im Handelsstreit legt der US-Präsident nach und lässt weitere Einfuhrabgaben prüfen. China droht mit Gegenwehr ""um jeden Preis"".
4
8
10",,4,8,10,[],https://twitter.com/zeitonline/status/982102135432134656
ZEIT ONLINE,@zeitonline,2018-04-22T05:29:51.000Z,"ZEIT ONLINE
@zeitonline
·
2018年4月22日","Sie sind jung, ehrgeizig und haben es satt: Junge Frauen in China begehren, inspiriert von #MeToo gegen sexuelle Belästigung auf. Können sie wirklich etwas erreichen?
zeit.de
China: Sie sollen still sein
Inspiriert von #MeToo wehren sich junge Frauen in China gegen sexuelle Belästigung. Ihr Protest muss mehr überwinden als nur einen Geschlechtergraben. Schaffen sie das?
4
25
34",,4,25,34,[],https://twitter.com/zeitonline/status/987926434130821120
ZEIT ONLINE,@zeitonline,2018-04-30T19:38:29.000Z,"ZEIT ONLINE
@zeitonline
·
2018年5月1日","Wenn es um #Stahl geht, übertrumpft China alle. Und wenn #China nicht in die USA exportieren kann, verkauft es eben in die EU. Davor haben die hiesigen Produzenten Angst. #Trump #Zölle
zeit.de
US-Handelsstreit: Wie Trumps Zölle die EU treffen
Europas Stahlkonzerne verkaufen ihr Produkt vor allem in Europa und dennoch fürchten sie die neuen Einfuhrzölle der USA sehr. Warum? Die Antwort liegt in China.
1
3
12",,1,3,12,[],https://twitter.com/zeitonline/status/991039103968964609
ZEIT ONLINE,@zeitonline,2018-05-25T12:38:04.000Z,"ZEIT ONLINE
@zeitonline
·
2018年5月25日","#Merkel in #China: Die Kanzlerin fordert mehr Datensicherheit für deutsche Unternehmen und zugleich fordert sie mehr Anstrengungen der Firmen.
zeit.de
Staatsbesuch: Merkel fordert mehr Datensicherheit von China
Zum Abschluss ihrer Chinareise hat die Kanzlerin besseren Datenschutz für deutsche Unternehmen verlangt. Zugleich müssten sich die Firmen im Wettbewerb mehr anstrengen.
6
4
8",,6,4,8,[],https://twitter.com/zeitonline/status/999992998023876608
ZEIT ONLINE,@zeitonline,2018-05-24T17:27:36.000Z,"ZEIT ONLINE
@zeitonline
·
2018年5月25日","Früher kamen die Chinesen zur #Cebit, heute fährt Kanzlerin Merkel nach #Shenzhen. #china
zeit.de
Shenzhen: Das Wunder vom Perlflussdelta
Die Megacity Shenzhen war einst bekannt als Werkbank der Welt. Heute wird hier an Hightech-Hardware getüftelt. Ein Grund für Kanzlerin Angela Merkel vorbeizukommen.
3
13
23",,3,13,23,[],https://twitter.com/zeitonline/status/999703474555236353
ZEIT ONLINE,@zeitonline,2018-05-22T05:26:38.000Z,"ZEIT ONLINE
@zeitonline
·
2018年5月22日","Wie umgehen mit #China? Drei Illusionen, von denen sich Europa und der Westen verabschieden sollten
zeit.de
China: Das Ziel ist die Welt
Chinas Aufstieg sucht in der Geschichte der Menschheit seinesgleichen. Europa und der Westen sollten sich im Umgang mit der Weltmacht im Osten von drei Illusionen lösen.
5
11
11",,5,11,11,[],https://twitter.com/zeitonline/status/998797263068688384
ZEIT ONLINE,@zeitonline,2018-05-25T05:30:49.000Z,"ZEIT ONLINE
@zeitonline
·
2018年5月25日","Angela #Merkel bereist #China, und alle reden mal wieder davon, dass die Chinesen kommen – aber hat Europa darauf eine Antwort?
zeit.de
China: Seidenstraße für Anfänger
Auf Chinas Vision einer Neuen Seidenstraße hat Europa keine ausreichende Antwort. Weil es zu sehr mit sich beschäftigt ist. Und nicht weiß, wo sein Einfluss enden soll.
2
8
10",,2,8,10,[],https://twitter.com/zeitonline/status/999885475669200897
ZEIT ONLINE,@zeitonline,2018-06-06T02:29:07.000Z,"ZEIT ONLINE
@zeitonline
·
2018年6月6日","Smartphone-Produzenten aus #China konnten offenbar jahrelang auf #Facebook-Nutzerdaten zugreifen.
zeit.de
Datenschutz: Facebook soll Daten an chinesische Konzerne weitergegeben haben
Smartphone-Produzenten aus China konnten offenbar jahrelang auf Facebook-Nutzerdaten zugreifen. Darunter ist auch ein Hersteller, vor dem US-Geheimdienste warnen.
1
13
13",,1,13,13,[],https://twitter.com/zeitonline/status/1004188406174371840
ZEIT ONLINE,@zeitonline,2018-05-31T05:20:35.000Z,"ZEIT ONLINE
@zeitonline
·
2018年5月31日","In China boomt das Transplantationsgeschäft – mit Bäumen. Dort, wo neue gebraucht werden, werden alte eingegraben. Die Fotografin Yan Wang Preston zeigt sie auf preisgekrönten Bildern. #Fotografie
zeit.de
Mein Freund, der Baum, zieht um
Wenn Bäume stören, wo sie sind, dann siedelt man sie eben um – in China ist das ein Geschäftsmodell. Die Fotografin Yan Wang Preston begleitete einige Bäume beim Umzug.
8
16",,,8,16,[],https://twitter.com/zeitonline/status/1002057231179886593
ZEIT ONLINE,@zeitonline,2018-06-16T07:38:44.000Z,"ZEIT ONLINE
@zeitonline
·
2018年6月16日","#China reagiert auf Importzölle der #USA mit der gleichen Summe: 50 Milliarden Dollar.
zeit.de
Handelsstreit: China reagiert
Der Handelsstreit zwischen den USA und China eskaliert. Auf 50 Milliarden Dollar Importzölle der USA antwortet China mit der gleichen Summe.
6
11
10",,6,11,10,[],https://twitter.com/zeitonline/status/1007890201736368133
ZEIT ONLINE,@zeitonline,2018-06-15T14:13:17.000Z,"ZEIT ONLINE
@zeitonline
·
2018年6月15日","Donald #Trump hat #Strafzölle in Milliardenhöhe gegen China verhängt. Wann diese genau eintreten, ist noch unklar. Was aber sicher ist: #China will sich wehren.
zeit.de
Handelsstreit: Trump verhängt Strafzölle gegen China
US-Präsident Trump hat Strafzölle von 25 Prozent auf chinesische Waren angekündigt. China reagiert mit Zöllen auf US-Produkte.
1
4
6",,1,4,6,[],https://twitter.com/zeitonline/status/1007627104081580033
ZEIT ONLINE,@zeitonline,2018-06-19T01:22:37.000Z,"ZEIT ONLINE
@zeitonline
·
2018年6月19日","Trump will auf Waren im Wert von 200 Milliarden Dollar Zölle erheben, sollte China wie angekündigt auf die jüngsten US-Zölle reagieren.
zeit.de
Handelsstreit: Trump droht China mit weiteren Zöllen
Vergeltung für die Vergeltung: Trump will auf Waren im Wert von 200 Milliarden Dollar Zölle erheben, sollte China wie angekündigt auf die jüngsten US-Zölle reagieren.
5
4
9",,5,4,9,[],https://twitter.com/zeitonline/status/1008882714127323136
ZEIT ONLINE,@zeitonline,2018-06-11T18:31:05.000Z,"ZEIT ONLINE
@zeitonline
·
2018年6月12日","In Singapur kommt es zum großen Händeschütteln: Doch wo bleibt China, wenn Trump und Kim die neue Nähe besiegeln?
zeit.de
Nordkorea-Gipfel: Kims Joker: China
China ist in Singapur nicht dabei. Die Regierung in Peking will aber mitreden, wenn sich Nordkorea und die USA annähern. Kim Jong Un könnte das nutzen.
5
5
5",,5,5,5,[],https://twitter.com/zeitonline/status/1006242430469967873
ZEIT ONLINE,@zeitonline,2018-06-22T15:24:14.000Z,"ZEIT ONLINE
@zeitonline
·
2018年6月22日","Bei der #WM2018 ist China nicht dabei, trotzdem kommen von dort die meisten WM-Sponsoren. Das lässt bei der Fifa tief blicken. #WM2018
zeit.de
WM-Sponsoren: Chinesisch über Bande
Wer aufmerksam WM schaut, erkennt ungewohnte Namen und Zeichen auf den Werbebanden: Chinesische Konzerne sind die wichtigsten Sponsoren. Das sagt viel über die Fifa aus.
2
6
9",,2,6,9,[],https://twitter.com/zeitonline/status/1010181676461363200
ZEIT ONLINE,@zeitonline,2018-06-23T13:13:43.000Z,"ZEIT ONLINE
@zeitonline
·
2018年6月23日","Die Folgen des Zollstreits zwischen #China und den #USA: Amerikanische Schweinebauern klagen, #Daimler muss eine Gewinnwarnung ausgeben. #zölle #handelsstreit
zeit.de
USA und China: Die Bauernopfer
Landwirte und Autofirmen fürchten sich vor den Folgen des bizarren Handelsstreits, den US-Präsident Donald Trump mit China führt. Doch sogar Demokraten unterstützen ihn.
3
4",,,3,4,[],https://twitter.com/zeitonline/status/1010511218556198912
ZEIT ONLINE,@zeitonline,2018-07-16T19:06:44.000Z,"ZEIT ONLINE
@zeitonline
·
2018年7月17日","Geschwächte #Nato, geschwächte #EU, unwürdiger US-Präsident: Für #China öffnen sich gerade Türen. http://bit.ly/2NnpN2n #Helsinki2018
zeit.de
China: Der unsichtbare Dritte
Viele Europäer fürchten, dass Donald Trump gegenüber Wladimir Putin ihre Interessen verraten könnte. Doch man sollte sich auch mit China auseinandersetzen.
13
20
23",,13,20,23,[],https://twitter.com/zeitonline/status/1018934977193529344
ZEIT ONLINE,@zeitonline,2018-07-14T06:37:21.000Z,"ZEIT ONLINE
@zeitonline
·
2018年7月14日","Sie sind jung, ehrgeizig und haben es satt: Junge Frauen in China begehren, inspiriert von #MeToo gegen sexuelle Belästigung auf. Können sie wirklich etwas erreichen? http://bit.ly/2zAhGgU #bestofcampus
zeit.de
China: Sie sollen still sein
Inspiriert von #MeToo wehren sich junge Frauen in China gegen sexuelle Belästigung. Ihr Protest muss mehr überwinden als nur einen Geschlechtergraben. Schaffen sie das?
4
24
55",,4,24,55,[],https://twitter.com/zeitonline/status/1018021613936218112
ZEIT ONLINE,@zeitonline,2018-07-18T19:15:33.000Z,"ZEIT ONLINE
@zeitonline
·
2018年7月19日","#KI: China und die USA kämpfen um die Führungsposition bei künstlicher Intelligenz. Jetzt soll auch Deutschland mitmischen – die Bundesregierung spart in ihrem Eckpunktepapier aber viele Antworten auf die Frage aus, wie das gelingen soll.
zeit.de
Künstliche Intelligenz: Vages wagen
Die Bundesregierung will Deutschland zum führenden Standort für künstliche Intelligenz machen. In ihrem Eckpunktepapier fehlen aber wichtige Details – und große Ideen.
10
7
16",,10,7,16,[],https://twitter.com/zeitonline/status/1019661973070499840
ZEIT ONLINE,@zeitonline,2018-07-10T18:19:26.000Z,"ZEIT ONLINE
@zeitonline
·
2018年7月11日","""Man muss Liu Xias Freilassung als politischen Schachzug durchschauen"", sagt die Liu-Xia-Freundin Tienchi Martin-Liao. #LiuXia #China
zeit.de
Liu Xia: ""Wie ein zartes Pflänzchen, das jetzt umgesetzt wird""
Die Witwe von Liu Xiaobo ist überraschend freigekommen. So schön die Nachricht sei – menschenrechtlich ändere sich nichts, sagt ihre Freundin Tienchi Martin-Liao.
2
14",,,2,14,[],https://twitter.com/zeitonline/status/1016748749023010816
ZEIT ONLINE,@zeitonline,2018-07-26T16:32:12.000Z,"ZEIT ONLINE
@zeitonline
·
2018年7月27日","#China kann gar nicht so viele #Zölle auf US-Waren erheben wie umgekehrt, sagt der Ökonom Zhang Jun. Im Handelskonflikt ist China deshalb in der Defensive.
zeit.de
Handelskonflikt: ""China kann gegen die mächtige USA nicht viel ausrichten""
Die Verunsicherung in China über den eskalierenden Handelskonflikt ist groß, sagt der chinesische Ökonom Zhang Jun. Er rät der Regierung: Bloß nicht zu stark eskalieren.
6
3
3",,6,3,3,[],https://twitter.com/zeitonline/status/1022519966581628928
ZEIT ONLINE,@zeitonline,2018-08-18T12:04:32.000Z,"ZEIT ONLINE
@zeitonline
·
2018年8月18日","#China will den Plastikabfall aus dem Westen nicht mehr. Die deutschen #Recycling-Firmen freuen sich. #LebenimWegwerfmodus
zeit.de
Recycling: Der neue Weg des Plastikmülls
Seit China seine Grenzen für Plastikabfälle geschlossen hat, fragen sich deutsche Firmen: Wohin mit dem Müll? Erstmals boomt hierzulande die Recyclingindustrie.
2
15
23",,2,15,23,[],https://twitter.com/zeitonline/status/1030787528943710208
ZEIT ONLINE,@zeitonline,2018-08-11T03:57:33.000Z,"ZEIT ONLINE
@zeitonline
·
2018年8月11日","In den Camps würden die #Uiguren ohne Anklage inhaftiert, warnt die UN. #China
zeit.de
China: Vereinte Nationen befürchten eine Million internierte Uiguren
Die Heimatregion der Uiguren sei in ein ""massives Internierungslager"" umgewandelt worden, warnt ein UN-Ausschuss. In den Camps würden die Uiguren ohne Anklage inhaftiert.
7
15
15",,7,15,15,[],https://twitter.com/zeitonline/status/1028128259098198016
ZEIT ONLINE,@zeitonline,2018-08-13T16:55:29.000Z,"ZEIT ONLINE
@zeitonline
·
2018年8月14日","Sicherheitskräfte hätten verhindert, dass #Xinjiang zu einem neuen Syrien oder Libyen geworden sei, rechtfertigt eine staatliche Zeitung in #China das Vorgehen gegen #Uiguren.
zeit.de
Vereinte Nationen: China rechtfertigt Unterdrückung der Uiguren
Ein strenges Vorgehen gegen Uiguren sei notwendig für den Frieden, schreibt eine Staatszeitung. Die UN schätzen, dass eine Million Uiguren in China interniert sind.
2
7
8",,2,7,8,[],https://twitter.com/zeitonline/status/1029048810759233537
ZEIT ONLINE,@zeitonline,2018-08-13T10:33:29.000Z,"ZEIT ONLINE
@zeitonline
·
2018年8月13日","Die Krise der türkischen Lira hat längst auch China erreicht.
zeit.de
Lira: Anleger weltweit fürchten Folgen der Türkei-Krise
Die türkische Währungskrise wirkt sich auf die Börsen aus. Aktien europäischer Tourismusfirmen verlieren. Auch die Währungen einiger Schwellenländer sind betroffen.
5
7
14",,5,7,14,[],https://twitter.com/zeitonline/status/1028952677521219585
ZEIT ONLINE,@zeitonline,2018-08-23T05:49:56.000Z,"ZEIT ONLINE
@zeitonline
·
2018年8月23日","#Uiguren und Angehörige anderer muslimischer Minderheiten dürfen einem Medienbericht zufolge vorerst nicht mehr nach #China abgeschoben werden.
zeit.de
China: Deutschland schiebt keine Uiguren mehr ab
Die muslimische Minderheit wird in China verfolgt, dennoch wurde im April ein Uigure zurückgeschickt. Das soll einem Bericht zufolge vorerst nicht mehr vorkommen.
9
20
30",,9,20,30,[],https://twitter.com/zeitonline/status/1032505198281928704
ZEIT ONLINE,@zeitonline,2018-08-25T18:17:52.000Z,"ZEIT ONLINE
@zeitonline
·
2018年8月26日","Geht #Google zurück nach #China? Die Anzeichen dafür mehren sich. Im Konzern sorgt das für Unmut.
zeit.de
Google: Moral oder Milliarden?
Vor acht Jahren verabschiedete sich Google aus China, weil die Suchmaschine ihre Ergebnisse nicht zensieren wollte. Jetzt will sie zurück – die Mitarbeiter nicht.
6
7",,,6,7,[],https://twitter.com/zeitonline/status/1033418193770094592
ZEIT ONLINE,@zeitonline,2018-10-08T07:19:48.000Z,"ZEIT ONLINE
@zeitonline
·
2018年10月8日","#China wirft dem verschwundenen ehemaligen #Interpol-Chef Korruption vor.
zeit.de
Meng Hongwei: China ermittelt wegen Korruption gegen Ex-Interpol-Chef
Der verschwundene Chef der internationalen Polizeibehörde ist mit sofortiger Wirkung zurückgetreten. China wirft Meng Hongwei Korruption und andere Straftaten vor.
1
5
8",,1,5,8,[],https://twitter.com/zeitonline/status/1049197652771004416
ZEIT ONLINE,@zeitonline,2018-10-12T18:26:34.000Z,"ZEIT ONLINE
@zeitonline
·
2018年10月13日","Die Neue #Seidenstraße reicht bis Duisburg. Welche Firmen profitieren von den Milliardeninvestitionen aus #China?
zeit.de
Neue Seidenstraße: Chinas Privatclub
Mit Milliarden aus der Volksrepublik werden weltweit Straßen, Flughäfen und Zugstrecken gebaut. Die Neue Seidenstraße reicht bis Duisburg. Welche Firmen profitieren?
3
7
6",,3,7,6,[],https://twitter.com/zeitonline/status/1050815001714405376
ZEIT ONLINE,@zeitonline,2018-10-26T12:59:04.000Z,"ZEIT ONLINE
@zeitonline
·
2018年10月26日","#China und #Japan wollen wirtschaftlich enger miteinander zusammenarbeiten.
zeit.de
Wirtschaftliche Zusammenarbeit: Japan und China vereinbaren engere Kooperation
Auch wegen des Handelsstreits mit den USA will China die Zusammenarbeit mit Japan stärken. Japans Premier Shinzō Abe spricht von einem ""Sonnenaufgang"" in den Beziehungen.
1
5
5",,1,5,5,[],https://twitter.com/zeitonline/status/1055806014992343041
ZEIT ONLINE,@zeitonline,2018-10-19T07:45:45.000Z,"ZEIT ONLINE
@zeitonline
·
2018年10月19日","Der Handelskonflikt mit den #USA zeigt Wirkung in #China. Das Wachstum der Volksrepublik hat sich verlangsamt. Auch die Industrieproduktion fiel niedriger aus als erwartet. http://bit.ly/2yJqflI
1
3
4",,1,3,4,[],https://twitter.com/zeitonline/status/1053190450457260032
ZEIT ONLINE,@zeitonline,2018-11-02T08:45:49.000Z,"ZEIT ONLINE
@zeitonline
·
2018年11月2日","Rückschlag für den #Umweltschutz am Südpol: #Russland und China blockieren einen Vorstoß, in der Antarktis das weltgrößte Meeresschutzgebiet einzurichten. #antarktis
zeit.de
Antarktis: Pläne für größtes Meeresschutzgebiet gescheitert
Die EU will im Südpolarmeer ein Gebiet fünfmal so groß wie Deutschland zum Schutzgebiet erklären. Doch China, Russland und Norwegen blockieren die Pläne.
3
15
11",,3,15,11,[],https://twitter.com/zeitonline/status/1058278999221096448
ZEIT ONLINE,@zeitonline,2018-11-03T10:07:11.000Z,"ZEIT ONLINE
@zeitonline
·
2018年11月3日","Donald #Trump will den Handelsstreit mit #China bald beilegen. Doch die Führung in Peking hat größere wirtschaftliche Herausforderungen.
zeit.de
Handelsstreit: Zölle sind nicht Chinas größtes Problem
Donald Trump will den Handelsstreit mit China beilegen. Für die Führung in Peking wäre das eine Entlastung. Doch das Land hat größere wirtschaftliche Herausforderungen.
5
11",,,5,11,[],https://twitter.com/zeitonline/status/1058661862349381634
ZEIT ONLINE,@zeitonline,2018-11-10T14:46:23.000Z,"ZEIT ONLINE
@zeitonline
·
2018年11月10日","#China protestiert wegen einer Bundestagsdebatte über #Menschenrechte – und versucht, das Parlament unter Druck zu setzen.
zeit.de
Uiguren: China übt Druck auf deutsche Abgeordnete aus
Bis zu einer Million Uiguren sollen in China in Umerziehungslagern einsitzen. Der Bundestag hat unlängst darüber debattiert, wogegen Peking jetzt protestiert.
6
15
13",,6,15,13,[],https://twitter.com/zeitonline/status/1061268840846446597
ZEIT ONLINE,@zeitonline,2018-11-12T08:59:05.000Z,"ZEIT ONLINE
@zeitonline
·
2018年11月12日","In #China hat Außenminister Heiko #Maas mehr Transparenz im Konflikt mit den #Uiguren gefordert.
zeit.de
Menschenrechte: Außenminister Heiko Maas kritisiert Chinas Umgang mit Uiguren-Konflikt
China soll Umerziehungslager für Hunderttausende Uiguren betreiben: Der Außenminister hat bei seiner Reise in Peking mehr Transparenz von Chinas Regierung gefordert.
4
6
14",,4,6,14,[],https://twitter.com/zeitonline/status/1061906213078732800
ZEIT ONLINE,@zeitonline,2018-11-13T09:23:42.000Z,"ZEIT ONLINE
@zeitonline
·
2018年11月13日","Nach Kritik von Außenminister Heiko #Maas verteidigt #China seine Umerziehungslager für #Uiguren.
zeit.de
Xinjiang: China rechtfertigt ""Umerziehungslager"" für Uiguren
Die Regierung in Peking hat Kritik des deutschen Außenministers an ihrem Umgang mit dem muslimischen Turkvolk zurückgewiesen. Es gehe um Schutz vor Terrorismus.
1
2
7",,1,2,7,[],https://twitter.com/zeitonline/status/1062274799160975360
ZEIT ONLINE,@zeitonline,2018-11-16T06:44:35.000Z,"ZEIT ONLINE
@zeitonline
·
2018年11月16日","Düstere Anziehungskräfte: 
@MichaelOThumann
 über zählebige Diktaturen. #Russland #China #Syrien #Türkei
zeit.de
Autoritäre Regime : Zähe Diktatoren
Autoritäre Regime zeigen gerade eine erstaunliche Widerstandsfähigkeit. Im liberalen Westen sollte man sich damit auseinandersetzen – und nicht auf ihr Ende spekulieren.
6
3
4",,6,3,4,[],https://twitter.com/zeitonline/status/1063321918055550976
ZEIT ONLINE,@zeitonline,2018-11-18T10:12:04.000Z,"ZEIT ONLINE
@zeitonline
·
2018年11月18日","Beim #Apec-Gipfel kam keine gemeinsame Stellungnahme zustande, weil es die ""zwei großen Giganten gibt"", kritisierte der Premierminister des Gastgeberlandes Papua-Neuguinea die #USA und #China.
zeit.de
Asien-Pazifik-Gipfel: Apec-Gipfel endet ohne gemeinsame Abschlusserklärung
Der Handelsstreit zwischen den USA und China belastet weiter die Weltwirtschaft. Beim Gipfel drohten die Großmächte mit neuen Sanktionen und verhinderten eine Einigung.
5",,,,5,[],https://twitter.com/zeitonline/status/1064098909918830592
ZEIT ONLINE,@zeitonline,2018-11-18T07:39:56.000Z,"ZEIT ONLINE
@zeitonline
·
2018年11月18日","Warum boomt #China? Der Versuch einer Erklärung
zeit.de
China: Die Mär vom China-Modell
Der Staat zieht zurück und Privatunternehmen gehen voran. So wächst die Wirtschaft schneller.
2
9
18",,2,9,18,[],https://twitter.com/zeitonline/status/1064060622067912709
ZEIT ONLINE,@zeitonline,2018-11-19T16:04:37.000Z,"ZEIT ONLINE
@zeitonline
·
2018年11月20日","#China hat auf weitere Abfallsorten einen Importstopp verhängt. Große Müllexporteure wie #Deutschland oder die #USA stellt das vor Probleme.
zeit.de
Abfallentsorgung: China schränkt weltweite Müllimporte weiter ein
Die chinesische Regierung hat weitere Abfallsorten mit einem Importstopp verhängt. Damit sollen Konsequenzen für die chinesische Umwelt verhindert werden.
4
11
22",,4,11,22,[],https://twitter.com/zeitonline/status/1064550017849946112
ZEIT ONLINE,@zeitonline,2018-11-26T15:38:18.000Z,"ZEIT ONLINE
@zeitonline
·
2018年11月26日","In China sollen die ersten #Crispr-Babys zur Welt gekommen sein. Das zumindest sagt ein Forscher. Ist ihm zu glauben? Und falls ja: Wäre solch ein Eingriff nicht ein Affront gegen das Ansinnen verantwortlicher Wissenschaft? http://bit.ly/2RfgwLQ
6
17
17",,6,17,17,[],https://twitter.com/zeitonline/status/1067080110824660992
ZEIT ONLINE,@zeitonline,2018-11-28T19:26:46.000Z,"ZEIT ONLINE
@zeitonline
·
2018年11月29日","Es zeichnet sich ab, dass wirklich geschehen ist, was der Forscher He #Jiankui aus China am Montag überraschend und ohne wissenschaftlich geprüfte Publikation verkündet hat. #crispr
zeit.de
Emmanuelle Charpentier: Crispr-Entdeckerin kritisiert Genversuche an Babys
He Jiankui habe eine ""rote Linie überschritten"", sagt die Mitentdeckerin der Genschere Crispr. Zuvor hatte der Chinese die Geburt genveränderter Babys verkündet.
1
6
6",,1,6,6,[],https://twitter.com/zeitonline/status/1067862384268795906
ZEIT ONLINE,@zeitonline,2018-11-29T13:12:46.000Z,"ZEIT ONLINE
@zeitonline
·
2018年11月29日","#China hat den Wissenschaftler He Jiankui aufgefordert, seine Forschung an Babys auszusetzen. #crispr
zeit.de
China: He Jiankui muss Forschung an Babys beenden
Die chinesische Regierung sieht in der Genmanipulation von Babys einen ""schwerwiegenden Verstoß"". Dem Wissenschaftler drohten Konsequenzen wegen seiner Arbeit.
1
4
12",,1,4,12,[],https://twitter.com/zeitonline/status/1068130648777478144
ZEIT ONLINE,@zeitonline,2018-12-06T17:06:34.000Z,"ZEIT ONLINE
@zeitonline
·
2018年12月7日","Der #Dax fällt unter 11.000 Punkte. Weltweit sind die Anleger nervös. Weil in Kanada eine Huawei-Managerin festgenommen wurde, wächst die Furcht vor einer Eskalation des Streits zwischen den #USA und #China.
zeit.de
Börse: Dax fällt unter 11.000 Punkte
Weil in Kanada eine Huawei-Managerin festgenommen wurde, wächst die Furcht vor einer Eskalation des Streits zwischen den USA und China. Das belastet Börsen weltweit.
3
4
7",,3,4,7,[],https://twitter.com/zeitonline/status/1070726204741836800
ZEIT ONLINE,@zeitonline,2018-12-01T12:49:52.000Z,"ZEIT ONLINE
@zeitonline
·
2018年12月1日","In #China benutzt nur jeder sechste schwule Mann regelmäßig Kondome. Es bahnt sich eine #HIV-Katastrophe an, berichtet 
@yangxifan
 aus Peking. #WorldAidsDay2018 #WeltAidsTag
zeit.de
Welt-Aids-Tag: Chinas neues Aidsproblem
Schwul sein ist ein Stigma und über Safer Sex spricht man nicht: In China wächst die Zahl der HIV-Infizierten. Dabei hatte das Land Aids lange besser im Griff als andere.
6
13
16",,6,13,16,[],https://twitter.com/zeitonline/status/1068849664378703875
ZEIT ONLINE,@zeitonline,2018-12-14T14:59:05.000Z,"ZEIT ONLINE
@zeitonline
·
2018年12月14日","Im Handelsstreit sendet #China ein Zeichen des Entgegenkommens an die #USA: Ab Januar sollen die Sonderzöllle auf US-Autoteile für drei Monate ausgesetzt werden. http://bit.ly/2EvOn0G
5",,,,5,[],https://twitter.com/zeitonline/status/1073593223665324032
ZEIT ONLINE,@zeitonline,2018-12-15T18:41:35.000Z,"ZEIT ONLINE
@zeitonline
·
2018年12月16日","Wohin mit den 850.000 Tonnen #Plastikmüll, die Deutschland jährlich nach China verschifft hat?
zeit.de
Kunststoffabfälle: Wohin mit Deutschlands Plastikmüll?
Deutschland exportierte jahrelang seine 850.000 Tonnen Kunststoffabfälle nach China. Dann hob China die Standards an. Nun macht der Müll einen Umweg über Südostasien.
7
16
13",,7,16,13,[],https://twitter.com/zeitonline/status/1074011604726046720
ZEIT ONLINE,@zeitonline,2018-12-12T16:39:49.000Z,"ZEIT ONLINE
@zeitonline
·
2018年12月13日","In Kanada wird auf US-Ersuchen eine chinesische Topmanagerin verhaftet. Wenig später wird in #China ein Kanadier festgesetzt. Mitten im Zollstreit. Ein Zufall? #Huawei
zeit.de
Huawei: Sieht schon sehr wie eine Geiselnahme aus
In Kanada wird auf US-Ersuchen eine chinesische Top-Managerin verhaftet. Wenig später wird in China ein Kanadier festgesetzt. Und das mitten im Zollstreit. Ein Zufall?
3
5
7",,3,5,7,[],https://twitter.com/zeitonline/status/1072893797405741057
ZEIT ONLINE,@zeitonline,2018-12-12T06:23:59.000Z,"ZEIT ONLINE
@zeitonline
·
2018年12月12日","Das Verhältnis zwischen den #USA und #China verschlechtert sich weiter. Warnungen vor einem neuen Kalten Krieg sind nicht unbegründet.
zeit.de
Chinesisch-amerikanische Beziehungen: Der Handelsstreit wird zum Technologiekrieg
Zwischen den USA und China nehmen die Spannungen zu, nicht nur beim Handel. Dahinter steckt ein Systemkonflikt. Droht ein neuer Kalter Krieg?
2
4
8",,2,4,8,[],https://twitter.com/zeitonline/status/1072738817453506561
