UserScreenName,UserName,Timestamp,Text,Embedded_text,Emojis,Comments,Likes,Retweets,Image link,Tweet URL
ZEIT ONLINE,@zeitonline,2021-01-07T06:30:34.000Z,"ZEIT ONLINE
@zeitonline
·
2021年1月7日","Größter Ausbruch des #Coronavirus seit Monaten in #China: Die Behörden riefen ""den Kriegszustand"" im Kampf gegen das Virus aus. #Shijiazhuang
zeit.de
China: Größter Ausbruch des Coronavirus seit Monaten
China hatte das Virus seit dem Sommer weitestgehend unter Kontrolle gebracht. Nach einem größeren Ausbruch in der Provinz Hebei sprechen die Behörden vom ""Kriegszustand"".
2
12
20",,2,12,20,[],https://twitter.com/zeitonline/status/1347068088064356352
ZEIT ONLINE,@zeitonline,2021-01-07T15:52:54.000Z,"ZEIT ONLINE
@zeitonline
·
2021年1月7日","Kurz nach der Verkündung des #Investitionsabkommens holt Peking zum großen Schlag gegen #Hongkong aus: Ulrich Ladurner über die #EU, #China und die #Menschenrechte.
zeit.de
EU-China-Investitionsabkommen: Neujahrsgeschenk für den KP-Chef
Von wegen Multilateralisten: Das Investitionsabkommen der EU mit China verrät die Menschenrechte und stößt die neue US-Regierung unter Joe Biden vor den Kopf.
4
12
24",,4,12,24,[],https://twitter.com/zeitonline/status/1347209603440902144
ZEIT ONLINE,@zeitonline,2021-01-07T03:46:18.000Z,"ZEIT ONLINE
@zeitonline
·
2021年1月7日","#China erlebt den schwersten Virus-Ausbruch seit Monaten. #Corona-News aus aller Welt
zeit.de
Coronavirus weltweit: Athen verpflichtet freiberufliche Ärzte zu Corona-Dienst
Die Ärzte in Griechenland sind erschöpft, die Regierung greift zu drastischen Maßnahmen. Rumänien hat so viele Intensivpatienten wie nie zuvor. Corona-News aus aller Welt
3
7
11",,3,7,11,[],https://twitter.com/zeitonline/status/1347026750388232195
ZEIT ONLINE,@zeitonline,2021-01-09T04:48:21.000Z,"ZEIT ONLINE
@zeitonline
·
2021年1月9日","Nur wenig ist bekannt über die Langzeitfolgen von #Corona-Erkrankten. Eine große Studie aus China zeigt nun: Sechs Monate nach der Infektion litten Drei Viertel der Patienten noch an mindestens einem Symptom.
zeit.de
Corona in Wuhan: Drei Viertel der klinischen Corona-Patienten leiden an Spätfolgen
Forscher haben Covid-19-Patienten in Wuhan auf Spätfolgen untersucht. Viele von ihnen litten noch Monate nach der Infektion an Abgeschlagenheit, Angst oder Depressionen.
4
28
45",,4,28,45,[],https://twitter.com/zeitonline/status/1347767140686954497
ZEIT ONLINE,@zeitonline,2021-01-11T09:39:53.000Z,"ZEIT ONLINE
@zeitonline
·
2021年1月11日","Die Ein-Kind-Politik in China verbreitete die Annahme, dass der gesellschaftliche Status der Frau in kaum einem Land der Welt höher sei. Tatsächlich leben Frauen nirgends so unsicher wie dort. Jetzt fangen sie an, sich zu wehren. https://trib.al/5ppEw15 #Archiv
zeit.de
Feminismus: Aufstand der weiblichen Einzelkinder
Entweder sie werden schon als Mädchen getötet oder sie machen Karriere: Chinas Frauen hoffen auf #MeToo als einzige wirksame Demokratisierungsbewegung.
2
16
56",,2,16,56,[],https://twitter.com/zeitonline/status/1348565285427666945
ZEIT ONLINE,@zeitonline,2021-01-20T21:58:26.000Z,"ZEIT ONLINE
@zeitonline
·
2021年1月21日","In der #Corona-Pandemie stockt der #Güterverkehr zwischen Europa und #China, Schiffe und Flugzeuge sind überlastet. Nimmt jetzt der #Lkw-Transport zu – zulasten der Umwelt?
zeit.de
Verkehr während der Corona-Krise: Da hat sich was angestaut
11.000 Kilometer, 16 Tage auf der Straße – so lange dauert der Lkw-Transport von Europa nach China. Trotzdem hat er zuletzt deutlich zugelegt. Was steckt dahinter?
2
4
7",,2,4,7,[],https://twitter.com/zeitonline/status/1352012638008594432
ZEIT ONLINE,@zeitonline,2021-01-29T04:27:37.000Z,"ZEIT ONLINE
@zeitonline
·
2021年1月29日","#Impfstoffe können für #China|s Pharmawirtschaft noch ein einträgliches internationales Geschäft werden. Vorausgesetzt sie funktionieren. #Impfdiplomatie
zeit.de
Impfstoffdiplomatie: Besser als gar kein Impfstoff
Masken, Ärzte, Impfstoffe: Chinas erfolgreiche Gesundheitsdiplomatie in Schwellen- und Entwicklungsländern bringt geopolitischen Einfluss. Doch es drohen Rückschläge.
4",,,,4,[],https://twitter.com/zeitonline/status/1355009679429144577
ZEIT ONLINE,@zeitonline,2021-01-21T13:28:55.000Z,"ZEIT ONLINE
@zeitonline
·
2021年1月21日","Autokratenregierungen wie in #Russland oder #China erwarten keine wirklichen Verbesserungen der Beziehungen: ZEIT-ONLINE-Korrespondenten berichten. #Biden
zeit.de
Joe Biden: Häme aus Peking
Heimliche Freude in Tokio, Angst vor Sanktionen in Moskau: Wie blickt der Rest der Welt auf Joe Biden? Unsere Korrespondenten berichten.
5
224
242",,5,224,242,[],https://twitter.com/zeitonline/status/1352246801873723396
ZEIT ONLINE,@zeitonline,2021-01-22T17:32:53.000Z,"ZEIT ONLINE
@zeitonline
·
2021年1月23日","""Der Osten steigt auf, der Westen steigt ab"": So sehen Apparatschiks in #China die Zukunft. #Abo
zeit.de
China: Pekings Selbstbewusstsein schlägt in Hochmut um
Chinas Machtanspruch trifft auf wachsenden Widerstand in der Welt, besonders in Staaten wie Indien oder Australien. Nur: Wer hält die Expansion Pekings auf?
2
5
12",,2,5,12,[],https://twitter.com/zeitonline/status/1352670586397454342
ZEIT ONLINE,@zeitonline,2021-01-21T17:08:00.000Z,"ZEIT ONLINE
@zeitonline
·
2021年1月22日","#China hat es geschafft, der #Iran nicht: Welche Vorteile haben autoritäre Systeme in der #Corona-Krise? #Abo
zeit.de
Coronavirus-Pandemie: China hat es geschafft, der Iran nicht
Wer wird besser mit dem Virus fertig – totalitäre Staaten oder Demokratien? Eine Rekonstruktion der globalen Katastrophe, recherchiert in vier Ländern.
32
6
18",,32,6,18,[],https://twitter.com/zeitonline/status/1352301936662507528
ZEIT ONLINE,@zeitonline,2021-02-08T10:59:05.000Z,"ZEIT ONLINE
@zeitonline
·
2021年2月8日","Die australische Journalistin #ChengLei ist sechs Monate nach ihrer Festnahme in #China formell inhaftiert worden.
zeit.de
Cheng Lei: Australische Journalistin in China formell inhaftiert
Die Fernsehmoderatorin Cheng Lei wurde vor sechs Monaten in China festgenommen. Die chinesischen Behörden werfen ihr vor, Staatsgeheimnisse weitergegeben zu haben.
2
268
262",,2,268,262,[],https://twitter.com/zeitonline/status/1358732074061021194
ZEIT ONLINE,@zeitonline,2021-02-01T13:23:40.000Z,"ZEIT ONLINE
@zeitonline
·
2021年2月1日","""Es muss Abweichler, Querköpfe und Rebellen geben, sogar im Fernsehen, damit ich merke, dass ich nicht in China bin"", schreibt Harald Martenstein. https://trib.al/gdyArNJ  #Abo
zeit.de
Harald Martenstein: Auch die Verrückten gehören zur Diversität
Es gibt viele Menschen mit verqueren Ansichten, das zeigt sich in der Pandemie ganz besonders. Aber es wäre doch auch traurig, wenn es anders wäre.
7
7
21",,7,7,21,[],https://twitter.com/zeitonline/status/1356231745742508037
ZEIT ONLINE,@zeitonline,2021-02-02T06:28:47.000Z,"ZEIT ONLINE
@zeitonline
·
2021年2月2日","#XiJinping entfremdet sein Land von der Welt – und steht bald vor einem großen Problem: Theo Sommer über Fragen der Demographie in #China.
zeit.de
China: Chinas Achillesferse
Der globale Aufstieg des autoritären Einparteienstaates erscheint unausweichlich. Doch die rapide Überalterung der Bevölkerung kann dem noch ein Ende setzen.
2
5
16",,2,5,16,[],https://twitter.com/zeitonline/status/1356489723573923840
ZEIT ONLINE,@zeitonline,2021-02-04T17:00:28.000Z,"ZEIT ONLINE
@zeitonline
·
2021年2月5日","Im Gegenzug warf das chinesische Außenministerium der #BBC die Verbreitung von ""Fake News"" über die #Corona-Situation in #China vor. #cgtn #großbritannien
zeit.de
Medienstreit: Chinesischer Staatssender CGTN verliert Lizenz in Großbritannien
Laut der britischen Medienaufsicht kontrolliert Chinas Kommunistische Partei den Sender redaktionell. China reagierte auf den Lizenzentzug mit Vorwürfen gegen die BBC.
2
2
10",,2,2,10,[],https://twitter.com/zeitonline/status/1357373468283711488
ZEIT ONLINE,@zeitonline,2021-02-11T03:48:58.000Z,"ZEIT ONLINE
@zeitonline
·
2021年2月11日","US-Präsident 
@JoeBiden
 beklagt in einem Telefonat mit Chinas Staatschef Xi Jinping unfaire Wirtschaftspraktiken und die Repression in Hongkong. Dennoch setzt er weiter auf eine Zusammenarbeit mit China.
zeit.de
US-Außenpolitik: Joe Biden macht China in Telefonat mit Xi Jinping schwere Vorwürfe
Der US-Präsident beklagt unfaire Wirtschaftspraktiken und die Repression in Hongkong. Dennoch will er weiter mit China zusammenarbeiten.
2
11",,2,,11,[],https://twitter.com/zeitonline/status/1359710997158776832
ZEIT ONLINE,@zeitonline,2021-02-19T12:56:52.000Z,"ZEIT ONLINE
@zeitonline
·
2021年2月19日","In #Hongkong geht #China hart gegen Regimekritiker vor. Nun sieht das Innenministerium Hinweise, dass diese auch in Deutschland unter Druck geraten.
zeit.de
Protestbewegung im Exil: China übt Druck auf Hongkonger Bürger in Deutschland aus
Bei Solidaritätsaktionen von Exil-Hongkongern in Deutschland kam es zu Einschüchterungsversuchen. Nach Einschätzung des Bundesinnenministeriums steht China dahinter.
10
298
302",,10,298,302,[],https://twitter.com/zeitonline/status/1362747984409210880
ZEIT ONLINE,@zeitonline,2021-02-11T17:18:13.000Z,"ZEIT ONLINE
@zeitonline
·
2021年2月12日","#China hat den Sender #BBC World News verboten –  wegen ""gesetzeswidriger Inhalte"".
zeit.de
Zensur: China verbietet BBC World News
Der internationale Dienst der britischen BBC darf wegen angeblich ""gesetzeswidriger Inhalte"" nicht mehr in China senden. Die britische Regierung reagiert empört.
8
19
20",,8,19,20,[],https://twitter.com/zeitonline/status/1359914651513991169
ZEIT ONLINE,@zeitonline,2021-02-11T10:40:32.000Z,"ZEIT ONLINE
@zeitonline
·
2021年2月11日","Ein geradezu kathartischer Austausch auf Mandarin und Kantonesisch: Eine Woche ohne Zensor bei #Clubhouse. #China.
zeit.de
Clubhouse in China: Riss in der Zensurmauer
Die Verfolgung der Uiguren anzusprechen, ist in der chinesischen Öffentlichkeit eigentlich unmöglich. Bei Clubhouse ging das: ein Nachruf auf eine Woche Meinungsfreiheit.
1
4
13",,1,4,13,[],https://twitter.com/zeitonline/status/1359814569716289536
ZEIT ONLINE,@zeitonline,2021-02-20T16:02:54.000Z,"ZEIT ONLINE
@zeitonline
·
2021年2月21日","Ausgangssperren, Zensur, Propaganda, Kontrolle über alle denkbaren persönlichen Daten: Das ist der Preis, den in #China die Bürgerinnen und Bürger für den Erfolg der heimischen Pandemiebekämpfung zahlen.
zeit.de
Pandemieursprung in Wuhan: Was man nicht sieht, existiert auch nicht
China hat die Pandemie erfolgreich unterdrückt. Der Preis ist hoch: Kritik wird unterbunden, Regeln werden brutal durchgesetzt. Können wir dennoch etwas von China lernen?
17
15
23",,17,15,23,[],https://twitter.com/zeitonline/status/1363157186453635078
ZEIT ONLINE,@zeitonline,2021-02-20T09:53:39.000Z,"ZEIT ONLINE
@zeitonline
·
2021年2月20日","Die #G7-Staaten sind in der globalen #Corona-Impffrage endlich aufgewacht – und sei es auch nur, um China und Russland mit ihrer #Impfstoff-Geopolitik nicht das Feld zu überlassen. #covax
zeit.de
Covax: Wir hätten da noch was übrig
Die G7-Staaten stocken ihre Hilfen für Impfkampagnen im globalen Süden auf. Aber sie drücken sich um das eigentliche Problem herum.
2
4
11",,2,4,11,[],https://twitter.com/zeitonline/status/1363064262411902979
ZEIT ONLINE,@zeitonline,2021-03-03T10:12:24.000Z,"ZEIT ONLINE
@zeitonline
·
2021年3月3日","Weil er sich mit 14 Jahren an Protesten der pro-demokratischen Bewegung beteiligte, wurde ein gerade erst 16 Jahre alter Junge von einem Gericht in #Hongkong nun zu einer Haftstrafe verurteilt. #China #Demokratie
zeit.de
Hongkong: Gericht verurteilt 16-jährigen Aktivisten zu Haftstrafe
Die Justiz in Hongkong geht immer härter gegen Anhänger der Demokratiebewegung des Stadtstaats vor. Nun wurde ein Teenager wegen Randale und Brandstiftung verurteilt.
9
286
283",,9,286,283,[],https://twitter.com/zeitonline/status/1367055246887895042
ZEIT ONLINE,@zeitonline,2021-03-05T18:34:24.000Z,"ZEIT ONLINE
@zeitonline
·
2021年3月6日","Die Slowakei, Ungarn, Polen und Tschechien liebäugeln mit #Impfstoffen aus #Russland und #China. Und auch Dänemark und Österreich wollen sich beim Impfen nicht mehr auf #Europa verlassen. Wie reagiert die Kommission?
zeit.de
Corona-Impfstoff: Kauft bald jedes EU-Land für sich?
Weil Europas Impfprogramm schleppt, decken sich die ersten Mitgliedsländer mit Vakzinen aus Russland und China ein. Die Kommission billigt das – offiziell zumindest.
22
7
23",,22,7,23,[],https://twitter.com/zeitonline/status/1367906357068914699
ZEIT ONLINE,@zeitonline,2021-03-05T03:50:21.000Z,"ZEIT ONLINE
@zeitonline
·
2021年3月5日","""Ein Ziel von mehr als sechs Prozent wird es uns allen ermöglichen, unsere ganze Energie Reformen und Innovationen zu widmen"", erklärt Ministerpräsident Li #Keqiang beim Nationalen #Volkskongress in #China.
zeit.de
Nationaler Volkskongress: China strebt hohes Wirtschaftswachstum an
Als einzige große Volkswirtschaft ist China 2020 gewachsen - trotz Pandemie. In diesem Jahr will das Land noch stärker und unabhängiger vom Ausland werden.
2
2
5",,2,2,5,[],https://twitter.com/zeitonline/status/1367683877045743619
ZEIT ONLINE,@zeitonline,2021-03-10T10:07:08.000Z,"ZEIT ONLINE
@zeitonline
·
2021年3月10日","Chinas Staats- und Parteichef Xi Jinping hat das #Militär angesichts von ""Instabilitäten"" und ""Unsicherheiten"" zur stetigen Einsatzbereitschaft aufgerufen. #China
zeit.de
China: Xi Jinping ruft Militär zu ""Kampfbereitschaft"" auf
Angesichts außenpolitischer Spannungen versetzt China sein Militär in Einsatzbereitschaft. Es gehe um ""hochkarätige strategische Abschreckung"", sagt der Staatschef.
10
5
5",,10,5,5,[],https://twitter.com/zeitonline/status/1369590638530985986
ZEIT ONLINE,@zeitonline,2021-03-12T07:50:33.000Z,"ZEIT ONLINE
@zeitonline
·
2021年3月12日","""Viele Bürger #MyanmarIs haben #China die Unterstützung der Junta nie vergeben"", schreibt Franka Lu. Das gilt für die alte Militärjunta – und gilt wohl auch für die neue, die sich am 1. Februar an die Macht geputscht hat. #LuErklärtChina
zeit.de
Myanmar und China: Partner, Alliierter, Investor, Ausbeuter
China verbindet eine komplizierte Geschichte mit dem Nachbarstaat Myanmar. Mit dem Militärputsch rücken die myanmarischen Generäle das Land erneut näher an China.
2
7
17",,2,7,17,[],https://twitter.com/zeitonline/status/1370281040498020355
ZEIT ONLINE,@zeitonline,2021-03-16T21:11:12.000Z,"ZEIT ONLINE
@zeitonline
·
2021年3月17日","Die #USA sagen, wo es langgeht, die anderen ziehen mit? Gegen #China wird das für Joe #Biden nicht so einfach.
zeit.de
US-Außenpolitik: Wer zieht mit gegen China?
Unter Joe Biden richten die USA ihren Blick mehr denn je nach Ostasien. Auch Europa will man gegen Peking einschwören. Doch so einfach funktioniert die Welt nicht mehr.
4
6
12",,4,6,12,[],https://twitter.com/zeitonline/status/1371932081102725127
ZEIT ONLINE,@zeitonline,2021-03-21T14:11:18.000Z,"ZEIT ONLINE
@zeitonline
·
2021年3月21日","#Philippinen melden neuen Höchstwert an Neuinfektionen. #China will bis Mitte des Jahres 40 Prozent der Bevölkerung geimpft haben. #Corona-News aus aller Welt
zeit.de
Coronavirus weltweit: Athen verpflichtet freiberufliche Ärzte zu Corona-Dienst
Die Ärzte in Griechenland sind erschöpft, die Regierung greift zu drastischen Maßnahmen. Rumänien hat so viele Intensivpatienten wie nie zuvor. Corona-News aus aller Welt
2
5
7",,2,5,7,[],https://twitter.com/zeitonline/status/1373638351841021952
ZEIT ONLINE,@zeitonline,2021-03-19T16:26:32.000Z,"ZEIT ONLINE
@zeitonline
·
2021年3月20日","China war ganz und gar nicht erfreut: Das erste US-chinesische Treffen lief nicht sonderlich höflich ab. Dafür gab es Gründe. #USA #China
zeit.de
USA und China: Unfreundliche Gespräche
Das erste US-amerikanisch-chinesische Treffen seit 2020 verläuft schroff. Chinas Außenpolitiker sind unter Druck und Joe Biden ist möglicherweise härter als Donald Trump.
2
4
7",,2,4,7,[],https://twitter.com/zeitonline/status/1372947606121426944
ZEIT ONLINE,@zeitonline,2021-03-25T00:32:27.000Z,"ZEIT ONLINE
@zeitonline
·
2021年3月25日","Die #USA und die #EU haben bei einem Treffen in Brüssel ein gemeinsames Vorgehen bei China vereinbart.
zeit.de
USA: US-Außenminister stellt EU enge Zusammenarbeit in Aussicht
Gemeinsam könne die westliche Welt China Paroli bieten, sagte Antony Blinken in Brüssel. Die USA und die EU hatten Sanktionen wegen der Lage der Uiguren verhängt.
2
4
18",,2,4,18,[],https://twitter.com/zeitonline/status/1374881834190974982
ZEIT ONLINE,@zeitonline,2021-03-22T10:12:25.000Z,"ZEIT ONLINE
@zeitonline
·
2021年3月22日","EU verhängt wegen Unterdrückung der Uiguren Sanktionen gegen China
zeit.de
Europäische Union: China verhängt Sanktionen gegen Europäer
Weil in China Hunderttausende Uiguren in Haftlagern sitzen, verhängen die EU und die USA Sanktionen gegen Peking. Dort reagiert man mit Strafmaßnahmen gegen Europa.
17
26
173",,17,26,173,[],https://twitter.com/zeitonline/status/1373940620595752960
ZEIT ONLINE,@zeitonline,2021-03-31T16:03:03.000Z,"ZEIT ONLINE
@zeitonline
·
2021年4月1日","Die Militärjunta in #Myanmar kann nicht nur auf China als Verbündeten zählen. #Russland unterstützt die Putschisten – eine logische Allianz der Autokraten.
zeit.de
Russland und Myanmar: Die neue Allianz der Autokraten
Myanmar ist eng mit China verbündet, doch im Moment kann die Militärjunta vor allem auf Russland zählen. Wladimir Putin geht es um mehr als die Macht in dem Land.
6
24
34",,6,24,34,[],https://twitter.com/zeitonline/status/1377290351002714120
ZEIT ONLINE,@zeitonline,2021-03-22T19:10:26.000Z,"ZEIT ONLINE
@zeitonline
·
2021年3月23日","""Historisch gesehen ist die katholische Kirche, genau wie die protestantische, schon lange eine Art moralische Autorität in Hongkong"": Geisteswissenschaftler Justin Tse über #China, den #Vatikan und Christen in #Hongkong.
zeit.de
Katholische Kirche in Hongkong: ""Vor jedem Protest finden Gebete statt""
In Hongkong ist die Kirche wegen China unter Druck. Der Wissenschaftler Justin Tse erklärt die Gemengelage zwischen Vatikan und Bischöfen in der Demokratiebewegung.
3
139
141",,3,139,141,[],https://twitter.com/zeitonline/status/1374076019099975682
ZEIT ONLINE,@zeitonline,2021-04-07T05:55:43.000Z,"ZEIT ONLINE
@zeitonline
·
2021年4月7日","US-Präsident Joe #Biden wird als ersten Staatsgast Japans Premierminister Yoshihide #Suga empfangen. Die Regierung in Tokio spielt wieder eine aktive außenpolitische Rolle – auch wegen der wachsenden Macht Chinas. #Japan #China
zeit.de
USA und Japan: Japan meldet sich außenpolitisch zurück
Joe Biden wird als ersten Staatsgast Japans Premierminister empfangen. Die Regierung in Tokio spielt wieder eine aktive Rolle – auch wegen der wachsenden Macht Chinas.
1
4
20",,1,4,20,[],https://twitter.com/zeitonline/status/1379674228690141185
ZEIT ONLINE,@zeitonline,2021-04-08T03:03:26.000Z,"ZEIT ONLINE
@zeitonline
·
2021年4月8日","Bei den Westbalkanstaaten verliert die #EU in der #Corona-Krise zunehmend an Ansehen und Vertrauen. Davon profitiert vor allem #China.
zeit.de
China und der Balkan: Großer Dank an den neuen Bruder
Die EU hat die Westbalkanländer in der Pandemie vernachlässigt. Dort fühlt man sich verraten und vergessen. China weiß das geschickt zu nutzen.
1
5
13",,1,5,13,[],https://twitter.com/zeitonline/status/1379993257954934788
ZEIT ONLINE,@zeitonline,2021-04-13T14:53:10.000Z,"ZEIT ONLINE
@zeitonline
·
2021年4月13日","Russlands Stolz und seine Eigenwahrnehmung als Großmacht werden sich auf Dauer nur schwer vertragen mit der Position als Chinas Juniorpartner. #Russland #China https://trib.al/cH4XuAS
3
2
14",,3,2,14,[],https://twitter.com/zeitonline/status/1381983807763533825
ZEIT ONLINE,@zeitonline,2021-04-18T10:33:17.000Z,"ZEIT ONLINE
@zeitonline
·
2021年4月18日","Die #USA und #China haben sich auf eine stärkere Zusammenarbeit beim #Klimaschutz geeinigt. Das teilten beide Länder in einer Erklärung mit.
zeit.de
Klimawandel: USA und China verpflichten sich zu gemeinsamem Klimaschutz
Als erster US-Vertreter war der Klimabeauftragte John Kerry nach Peking gereist. Zurück bringt er eine Erklärung mit China – mit allerdings wieder nur vagen Versprechen.
6
9
34",,6,9,34,[],https://twitter.com/zeitonline/status/1383730345741148164
ZEIT ONLINE,@zeitonline,2021-04-11T16:25:06.000Z,"ZEIT ONLINE
@zeitonline
·
2021年4月12日","China ist vor Neuseeland inzwischen der fünfgrößte Weinproduzent der Welt. #China #Wein
zeit.de
Weinbau in China: Riesling, made in China
Auch beim Wein will China Weltklasse sein. Mit aller Macht treibt die Regierung den Anbau und die Produktion voran. Zu Besuch bei der bekanntesten Winzerin des Landes
9
9
22",,9,9,22,[],https://twitter.com/zeitonline/status/1381282166689173504
ZEIT ONLINE,@zeitonline,2021-04-11T19:11:49.000Z,"ZEIT ONLINE
@zeitonline
·
2021年4月12日","Laut einer Studie der Universität #Oxford könnte das Risiko, wegen Corona ins Krankenhaus zu müssen, durch ein Asthmaspray deutlich sinken. China will seine selbst entwickelten Impfstoffe miteinander kombinieren. #Corona-News aus aller Welt
zeit.de
Coronavirus weltweit: Fast alle Corona-Beschränkungen in England aufgehoben
Frankreich meldet über 10.000 Neuinfektionen. Impfgegner greifen TV-Sender in Zypern an, der britische Premie ist in Quarantäne. Corona-News aus aller Welt zum Nachlesen
8
16
56",,8,16,56,[],https://twitter.com/zeitonline/status/1381324123507470343
ZEIT ONLINE,@zeitonline,2021-04-23T04:22:48.000Z,"ZEIT ONLINE
@zeitonline
·
2021年4月23日","Stecken hinter der chinesischen Kreditvergabe strategische und politische Absichten? In #Montenegro kann man den Eindruck gewinnen. #China
zeit.de
Montenegro: Eine chinesische Autobahn in Montenegro
Montenegro hat hohe Schulden in China gemacht, um eine Autobahn zu bauen. Es ist nicht das erste Mal, dass China sich mit Krediten Vorteile und Einfluss verschafft.
17
6
19",,17,6,19,[],https://twitter.com/zeitonline/status/1385449050544254976
ZEIT ONLINE,@zeitonline,2021-04-26T10:13:02.000Z,"ZEIT ONLINE
@zeitonline
·
2021年4月26日","#China reagiert äußerst zurückhaltend auf den Oscar-Erfolg der chinesisch-stämmigen Regisseurin Chloé #Zhao. In sozialen Netzwerken wurden Beiträge zum Thema teilweise gelöscht. #Oscars
zeit.de
Filmpreis: China zensiert Oscarverleihung an Chloé Zhao
Beiträge in sozialen Netzwerken wurden zum Teil gelöscht: In China hält man sich über den Erfolg der chinesischstämmigen Regisseurin Chloé Zhao äußerst bedeckt.
3
10
29",,3,10,29,[],https://twitter.com/zeitonline/status/1386624354075742214
ZEIT ONLINE,@zeitonline,2021-04-24T08:02:08.000Z,"ZEIT ONLINE
@zeitonline
·
2021年4月24日","#JackMa war lange Zeit verschwunden und ist auch heute kaum zu sehen. Was ist passiert? #Alibaba #Antgroup #China #XiJinping
zeit.de
Jack Ma: Was ist mit Chinas Digitalheld passiert?
Jack Ma war Vorzeigeunternehmer, im abgeschotteten Internet Chinas konnte er gigantische Digitalkonzerne aufziehen. Doch nun hat er das Kartellamt und die KP am Hals.
4
3
12",,4,3,12,[],https://twitter.com/zeitonline/status/1385866632942264322
ZEIT ONLINE,@zeitonline,2021-04-26T17:49:37.000Z,"ZEIT ONLINE
@zeitonline
·
2021年4月27日","Wenn die Kanzlerin in #China ist, vertritt sie dort nur die Topanliegen. Wie konnte #Wirecard dazu werden? Und welche Rolle spielen ihr Wirtschaftsberater und dessen Frau?
zeit.de
Wirecard: Ausgerechnet ein dubioser Finanzdienstleister
Wenn die Kanzlerin in China ist, vertritt sie dort nur die Topanliegen. Wie konnte Wirecard dazu werden? Und welche Rolle spielen ihr Wirtschaftsberater und dessen Frau?
2
5
10",,2,5,10,[],https://twitter.com/zeitonline/status/1386739254441791488
ZEIT ONLINE,@zeitonline,2021-05-05T13:44:31.000Z,"ZEIT ONLINE
@zeitonline
·
2021年5月5日","Führende EU-Parlamentarier gehen davon aus, dass es in #Brüssel keine weiteren Bemühungen für das #Handelsabkommen mit #China geben wird. Peking habe sich verkalkuliert.
zeit.de
EU-China-Abkommen : Investitionsabkommen mit China wohl für Jahre ausgesetzt
Führende EU-Parlamentarier gehen davon aus, dass es in Brüssel keine weiteren Bemühungen für das Handelsabkommen mit China geben wird. Peking habe sich verkalkuliert.
3
7
12",,3,7,12,[],https://twitter.com/zeitonline/status/1389939063470399491
ZEIT ONLINE,@zeitonline,2021-05-10T05:27:14.000Z,"ZEIT ONLINE
@zeitonline
·
2021年5月10日","Die Ein-Kind-Politik in #China verbreitete die Annahme, dass der gesellschaftliche Status der Frau in kaum einem Land der Welt höher sei. Tatsächlich leben Frauen nirgends so unsicher wie dort. Jetzt fangen sie an, sich zu wehren. #Archiv https://trib.al/AzRzuJA #Feminismus
zeit.de
Feminismus: Aufstand der weiblichen Einzelkinder
Entweder sie werden schon als Mädchen getötet oder sie machen Karriere: Chinas Frauen hoffen auf #MeToo als einzige wirksame Demokratisierungsbewegung.
2
8
62",,2,8,62,[],https://twitter.com/zeitonline/status/1391625857635078144
ZEIT ONLINE,@zeitonline,2021-05-05T16:19:23.000Z,"ZEIT ONLINE
@zeitonline
·
2021年5月6日","Europa wird sich mehr einfallen lassen müssen als den vorläufigen Stopp für das Investitionsabkommen: #China|s Einfluss auf die #EU ist bereits unübersehbar.
zeit.de
China und die EU: Störung auf der Neuen Seidenstraße
Chinas Einfluss auf die EU ist bereits unübersehbar. Daran ändert auch der vorläufige Stopp für das Investitionsabkommen nichts. Es wird Zeit für eine neue Chinapolitik.
1
159
171",,1,159,171,[],https://twitter.com/zeitonline/status/1389978038646026240
ZEIT ONLINE,@zeitonline,2021-05-05T05:49:46.000Z,"ZEIT ONLINE
@zeitonline
·
2021年5月5日","Matthias Naß über Präsident Joe #Biden und die deutsche Mutlosigkeit: von Sleepy Joe zu Speedy Joe. #China #Russland #Roosevelt
zeit.de
Joe Biden: Ein alter weißer Mann macht Tempo in Amerika
Joe Biden beseitigt den Scherbenhaufen der Trump-Jahre, er setzt richtige Prioritäten. Nur seine Außenpolitik stößt ausgerechnet in Berlin auf höfliches Desinteresse.
2
8
27",,2,8,27,[],https://twitter.com/zeitonline/status/1389819589064863744
ZEIT ONLINE,@zeitonline,2021-05-15T01:58:56.000Z,"ZEIT ONLINE
@zeitonline
·
2021年5月15日","China ist erstmals eine Landung auf dem Mars gelungen.
zeit.de
Raumfahrt: China landet erstmals Rover auf dem Mars
Das Landemodul mit dem Rover Zhurong hat in der Region Utopia Planitia aufgesetzt. Drei Monate lang sollen nun die Planetenoberfläche und das Klima untersucht werden.
6
17
53",,6,17,53,[],https://twitter.com/zeitonline/status/1393385378392985600
ZEIT ONLINE,@zeitonline,2021-05-18T09:20:04.000Z,"ZEIT ONLINE
@zeitonline
·
2021年5月18日","Kaum ein Land verzeichnet so viele #Corona-Tote wie #Ungarn. Regierungschef Viktor #Orbán steht vor der Wahl 2022 unter Druck – und sucht die Nähe zu Russland und China.
zeit.de
Viktor Orbán: Wohin führt er Ungarn?
Die Corona-Pandemie, die Opposition und Europa setzen Viktor Orbán zu. Ungarns Regierungschef steht zunehmend unter Druck – und baut nun neue Allianzen auf.
5
2
8",,5,2,8,[],https://twitter.com/zeitonline/status/1394583556211494912
ZEIT ONLINE,@zeitonline,2021-05-12T05:44:51.000Z,"ZEIT ONLINE
@zeitonline
·
2021年5月12日","Kanzlerin Angela #Merkel hat sich immer bemüht, die Wogen zwischen der #EU und #China zu glätten. Nach der Bundestagswahl wird der Ton rauer werden, schreibt Matthias Naß in #Fünfvoracht.
zeit.de
China-Politik der EU: Die Regierung in Peking wird Angela Merkel vermissen
Europa geht auf Distanz zu China. Bisher bemühte sich die deutsche Bundeskanzlerin stets, die Wogen zu glätten. Nach Angela Merkels Ära wird der Ton rauer werden.
7
2
9",,7,2,9,[],https://twitter.com/zeitonline/status/1392355067735465984
ZEIT ONLINE,@zeitonline,2021-05-11T11:06:11.000Z,"ZEIT ONLINE
@zeitonline
·
2021年5月11日","#China kämpft mit einer schnell alternden Bevölkerung. Viele Menschen sind bereits in #Rente, die Zahl der #Geburten geht stark zurück.
zeit.de
Demografie: Chinas Bevölkerung könnte bald schrumpfen
Die chinesische Gesellschaft ist überaltert, viele Menschen sind bereits in Rente. Gleichzeitig gehen die Geburten zurück. Die Entwicklung könnte das Land bremsen.
2
1
7",,2,1,7,[],https://twitter.com/zeitonline/status/1392073545384140800
ZEIT ONLINE,@zeitonline,2021-05-22T17:25:48.000Z,"ZEIT ONLINE
@zeitonline
·
2021年5月23日","Eine #China-Strategie der #EU und Deutschlands darf nicht nur vage Ziele formulieren, sondern muss Wege und Mittel zu ihrer Umsetzung beschreiben und danach handeln: Hans W. Maull über den Umgang mit Peking.
zeit.de
China: Eine China-Strategie braucht auch Abschreckungspotenzial
Partner, Konkurrent, Systemrivale: Die EU muss die Beziehungen mit dem autoritären China neu aufstellen. Dabei hilft es, Politik und Wirtschaft nicht zu trennen.
8
214
228",,8,214,228,[],https://twitter.com/zeitonline/status/1396155345077211141
ZEIT ONLINE,@zeitonline,2021-05-24T16:53:12.000Z,"ZEIT ONLINE
@zeitonline
·
2021年5月25日","Ein US-Medienbericht gibt den Mutmaßungen über einen Laborunfall in China als Ausgangspunkt der #Corona-Pandemie neuen Auftrieb. #Wuhan
zeit.de
Wuhan: Labormitarbeiter in Wuhan laut Bericht im Herbst 2019 schwer erkrankt
Laut einem Medienbericht mussten Mitarbeiter des Instituts für Virologie in Wuhan im November 2019 ins Krankenhaus. Das löst neue Spekulationen zur Corona-Entstehung aus.
8
12
54",,8,12,54,[],https://twitter.com/zeitonline/status/1396871916875657217
ZEIT ONLINE,@zeitonline,2021-05-28T18:09:53.000Z,"ZEIT ONLINE
@zeitonline
·
2021年5月29日","Eine unabhängige, internationale Untersuchung zum #Corona-Ausbruch in Wuhan? Die wird #China niemals ermöglichen.
zeit.de
Corona-Ursprung : Von China wird die Welt nichts erfahren
US-Präsident Biden fordert eine unabhängige, internationale Untersuchung zum Corona-Ausbruch in Wuhan. Die wird es nie geben: Das politische System Chinas verhindert es.
2
9
16",,2,9,16,[],https://twitter.com/zeitonline/status/1398340767362473992
ZEIT ONLINE,@zeitonline,2021-05-27T09:46:19.000Z,"ZEIT ONLINE
@zeitonline
·
2021年5月27日","#China hält die neue US-Untersuchung zum Ursprung der Pandemie für überflüssig. Der australische Bundesstaat #Victoria verhängt erneut einen Lockdown. #Corona-News aus aller Welt
zeit.de
Coronavirus weltweit: Fast alle Corona-Beschränkungen in England aufgehoben
Frankreich meldet über 10.000 Neuinfektionen. Impfgegner greifen TV-Sender in Zypern an, der britische Premie ist in Quarantäne. Corona-News aus aller Welt zum Nachlesen
2
1
11",,2,1,11,[],https://twitter.com/zeitonline/status/1397851653836001283
ZEIT ONLINE,@zeitonline,2021-06-03T12:38:10.000Z,"ZEIT ONLINE
@zeitonline
·
2021年6月3日","Eine Elefantenherde hat ihr Naturreservat verlassen und ist 500 Kilometer bis zur Millionenmetropole #Kunming gewandert – der wohl längste Marsch wilder #Elefanten in #China.
zeit.de
China: Elefantenherde nähert sich Millionenstadt Kunming
Die Behörden haben Straßen sperren lassen, Bewohner sollen in ihren Häusern bleiben. Die Tiere stammen aus einem 500 Kilometer entfernten Naturreservat.
3
6
45",,3,6,45,[],https://twitter.com/zeitonline/status/1400431614321172484
ZEIT ONLINE,@zeitonline,2021-06-05T19:41:13.000Z,"ZEIT ONLINE
@zeitonline
·
2021年6月6日","In #Budapest will #China einen Universitätsstandort errichten. Der Bürgermeister und viele Einwohner sind dagegen. Doch Ungarns Premier Viktor Orbán bemüht sich um Nähe zur chinesischen Regierung.
zeit.de
Ungarn: Tausende protestieren gegen chinesische Universität in Budapest
Die Fudan-Universität will in Ungarn einen Campus aufbauen, Premier Viktor Orbán unterstützt den Plan. Budapests Bürger protestieren, politische Gegner sind entsetzt.
12
8
34",,12,8,34,[],https://twitter.com/zeitonline/status/1401262854775398402
ZEIT ONLINE,@zeitonline,2021-06-02T17:31:22.000Z,"ZEIT ONLINE
@zeitonline
·
2021年6月3日","Weil #China sich zu Unrecht von #Australien kritisiert fühlt, kontert es mit einem Wirtschaftskrieg. Das droht auch anderen Ländern, die sich Chinas Dominanz entziehen wollen.
zeit.de
China und Australien: Erpressung mit Hummer
Weil China sich zu Unrecht von Australien kritisiert fühlt, kontert es mit einem Wirtschaftskrieg. Das droht auch anderen Ländern, die sich Chinas Dominanz entziehen.
8
7
18",,8,7,18,[],https://twitter.com/zeitonline/status/1400143013041643526
ZEIT ONLINE,@zeitonline,2021-06-07T17:49:07.000Z,"ZEIT ONLINE
@zeitonline
·
2021年6月8日","In Europa will US-Präsident Joe Biden neue Allianzen begründen. Klarheit gegenüber China ist ihm dabei wichtiger als Russland. Das zeigt auch der Streit um die Ostseepipeline #NordStream2.
zeit.de
Joe Biden: Und die Ukraine muss sehen, wo sie bleibt
Bei seinem Besuch in Europa will US-Präsident Joe Biden neue Allianzen begründen, vor allem gegen China. Dafür ist er bereit, gegenüber Russland gemäßigter aufzutreten.
2
3
15",,2,3,15,[],https://twitter.com/zeitonline/status/1401959421719236616
ZEIT ONLINE,@zeitonline,2021-06-19T18:33:05.000Z,"ZEIT ONLINE
@zeitonline
·
2021年6月20日","Militärische Provokationen aus #China haben nicht nur für die Nachbarländer erhebliche Folgen, sondern auch für die deutsche #Rüstungsindustrie. Die verdient nämlich glänzend daran. #Abo
zeit.de
Deutsche Rüstungsindustrie: Lukrative Manöver
Immer häufiger demonstriert China seine militärische Macht gegenüber Nachbarländern wie Südkorea oder Australien. Deutsche Rüstungsfirmen verdienen glänzend daran.
8
5
21",,8,5,21,[],https://twitter.com/zeitonline/status/1406319137081724935
ZEIT ONLINE,@zeitonline,2021-06-12T06:15:34.000Z,"ZEIT ONLINE
@zeitonline
·
2021年6月12日","In #Hongkong ist die Aktivistin #AgnesChow ist aus dem Gefängnis entlassen worden – genau zu einem Jahrestag der einstigen Massenproteste gegen  #China|s repressive Politik.
zeit.de
Demokratiebewegung: Hongkonger Aktivistin Agnes Chow aus Haft entlassen
Die Freilassung der 24-Jährigen fällt auf einen wichtigen Jahrestag der einstigen Massenproteste: Am 12. Juni 2019 waren eine Million Menschen auf die Straße gegangen.
4
191
208",,4,191,208,[],https://twitter.com/zeitonline/status/1403596821956599812
ZEIT ONLINE,@zeitonline,2021-06-11T18:53:37.000Z,"ZEIT ONLINE
@zeitonline
·
2021年6月12日","Die ""New York Times"" hat einen #Pulitzerpreis für ihre Berichterstattung zur #Pandemie erhalten. ""BuzzFeed News"" erhielt einen Preis für Investigativrecherchen zur Lage der #Uiguren in #China.
zeit.de
Journalismus: Pulitzerpreise für ""New York Times"" und ""BuzzFeed""
""BuzzFeed"" wurde mit dem US-Journalistenpreis für die Recherche zur Lage der Uiguren ausgezeichnet. Prämiert wurde zudem die die Corona-Berichterstattung der NYT.
2
166
187",,2,166,187,[],https://twitter.com/zeitonline/status/1403425204286771204
ZEIT ONLINE,@zeitonline,2021-06-15T02:21:21.000Z,"ZEIT ONLINE
@zeitonline
·
2021年6月15日","Vom Organraub in #China sind nach Erkenntnissen von zwölf #UN-Sonderberichterstattern Häftlinge der Falun Gong, Uiguren, Tibeter, Muslime und Christen betroffen.
zeit.de
China: UN-Experten sehen Hinweise auf Organraub an Häftlingen
China wird seit Jahren beschuldigt, Angehörige von Minderheiten als Organlieferanten zu missbrauchen. UN-Experten sagen, dafür gebe es ""glaubwürdige Informationen"".
10
213
228",,10,213,228,[],https://twitter.com/zeitonline/status/1404625043414528002
ZEIT ONLINE,@zeitonline,2021-06-20T09:10:59.000Z,"ZEIT ONLINE
@zeitonline
·
2021年6月20日","In #Israel wird an einigen Schulen wieder eine Maskenpflicht eingeführt. Bis Ende des Jahres soll in China mindestens 70 Prozent der Bevölkerung vollständig geimpft sein. #Corona-News aus aller Welt
zeit.de
Coronavirus weltweit: Fast alle Corona-Beschränkungen in England aufgehoben
Frankreich meldet über 10.000 Neuinfektionen. Impfgegner greifen TV-Sender in Zypern an, der britische Premie ist in Quarantäne. Corona-News aus aller Welt zum Nachlesen
1
7
16",,1,7,16,[],https://twitter.com/zeitonline/status/1406540069213724674
ZEIT ONLINE,@zeitonline,2021-06-29T16:33:53.000Z,"ZEIT ONLINE
@zeitonline
·
2021年6月30日","#Europa mache sich Illusionen über #China im Bezug auf den #Klimaschutz, schreibt Franka Lu.
zeit.de
Klimakrise: Das chinesische Umweltwunder
Spätestens seit Xi Jinpings Rede auf dem Pariser Klimagipfel 2015 blicken viele im Westen hoffnungsvoll nach China. Diese Hoffnungen sind leider auf Propaganda gebaut.
3
9",,,3,9,[],https://twitter.com/zeitonline/status/1409913020520742926
ZEIT ONLINE,@zeitonline,2021-07-05T09:26:46.000Z,"ZEIT ONLINE
@zeitonline
·
2021年7月5日","Chinas Digitalaufsicht hat das Herunterladen der App von Fahrdienst-Vermittler #Didi verboten. Das Unternehmen rechnet mit Verlusten. #China
zeit.de
Fahrdienstvermittler: Didi erwartet Umsatzeinbußen wegen App-Verbot in China
In China kann die App von Fahrdienstvermittler Didi nicht mehr heruntergeladen werden, die Digitalaufsicht hat es verboten. Das Unternehmen rechnet nun mit Verlusten.
2
5",,,2,5,[],https://twitter.com/zeitonline/status/1411979858150895616
ZEIT ONLINE,@zeitonline,2021-07-07T05:39:48.000Z,"ZEIT ONLINE
@zeitonline
·
2021年7月7日","#China steckt Unsummen in seine #Nuklearwaffen, in die #Aufrüstung im Weltraum und im Cyberspace. Die Rüstungskontrolle wird damit noch schwieriger, US-Amerikaner und Russen können nicht mehr allein verhandeln.
zeit.de
Aufrüstung Chinas: Zum Geburtstag Atomraketen
China beschleunigt seine nukleare Aufrüstung. Die Rüstungskontrolle wird damit noch schwieriger, künftig können Amerikaner und Russen nicht mehr allein verhandeln.
10
3
13",,10,3,13,[],https://twitter.com/zeitonline/status/1412647518555549697
ZEIT ONLINE,@zeitonline,2021-07-02T00:30:24.000Z,"ZEIT ONLINE
@zeitonline
·
2021年7月2日","Wegen eines coronabedingten Schiffsstaus in #China könnten Weihnachtsgeschenke in Deutschland teurer werden. #Corona-News aus Deutschland
zeit.de
Coronavirus in Deutschland: Horst Seehofer befürwortet mehr Freiheiten für Geimpfte
Eine generelle Impfpflicht lehnt der Bundesinnenminister aber ab. Auch Karl Lauterbach empfiehlt Einschränkungen für Ungeimpfte. Corona-News aus Deutschland
3
5
7",,3,5,7,[],https://twitter.com/zeitonline/status/1410757713621966850
ZEIT ONLINE,@zeitonline,2021-07-05T19:12:16.000Z,"ZEIT ONLINE
@zeitonline
·
2021年7月6日","Es ist das erklärte Ziel des Staatspräsidenten Xi Jinping, die Fußball-WM nach #China zu holen, die Grundlage dafür sichert er auch über die heimischen Konzerne ab, deren Logos im #Wembley zu sehen sind. Über den heimlichen Sieger der EM: Chinas Sponsoren
zeit.de
EM-Sponsoren: Der heimliche Sieger der EM
Chinesische Sponsoren werden im Weltsport immer wichtiger – so auch bei der EM. Europäische Konzerne ziehen sich zurück. Das liegt auch am Image der Uefa.
3
7
12",,3,7,12,[],https://twitter.com/zeitonline/status/1412127204075577349
ZEIT ONLINE,@zeitonline,2021-07-18T05:55:06.000Z,"ZEIT ONLINE
@zeitonline
·
2021年7月18日","Kinder, Eltern, Lehrerinnen und Lehrer: Sie alle stecken in #China in einem Hamsterrad des Wettbewerbs. Davon berichtet #FrankaLu in ihrer neuen Kolumne.
zeit.de
Chinesisches Bildungssystem: Auf dem Rücken der Kinder
China ist eine sehr wettbewerbsorientierte Gesellschaft, es geht schon in der Schule los. Kinder erhalten darum zusätzlich Privatunterricht. Doch das verbietet der Staat.
3
7
33",,3,7,33,[],https://twitter.com/zeitonline/status/1416637633594277895
ZEIT ONLINE,@zeitonline,2021-07-15T10:55:02.000Z,"ZEIT ONLINE
@zeitonline
·
2021年7月15日","Auch wenn es der wohl letzte Besuch von Kanzlerin #Merkel bei US-Präsident #Biden wird, ist mehr Konferenztisch als roter Teppich angesagt. Was von #NordStream2 über China bis zum #TravelBan zu erwarten ist, analysiert 
@havpost
.
zeit.de
Angela Merkel bei Joe Biden: Konferenztisch statt roter Teppich
Endlich wieder ein Besuch bei Freunden. Und doch wird Angela Merkel bei ihrer letzten US-Reise als Kanzlerin nicht nur transatlantische Freundlichkeiten austauschen.
3
5
14",,3,5,14,[],https://twitter.com/zeitonline/status/1415625950742654976
ZEIT ONLINE,@zeitonline,2021-07-20T22:32:08.000Z,"ZEIT ONLINE
@zeitonline
·
2021年7月21日","Der #Taifun In-Fa hat in der Hauptstadt der zentralchinesischen Provinz #Henan schwere Überschwemmungen verursacht. Menschen steckten in U-Bahnen und Tunneln fest. #Zhengzhou #China
zeit.de
China: Mindestens zwölf Menschen sterben in überfluteter U-Bahn
In der chinesischen Metropole Zhengzhou hat Regen zu den schwersten Überschwemmungen seit 60 Jahren geführt. Präsident Xi Jinping spricht von einer ""extrem ernsten"" Lage.
10
45
71",,10,45,71,[],https://twitter.com/zeitonline/status/1417613321331691523
ZEIT ONLINE,@zeitonline,2021-07-24T12:30:26.000Z,"ZEIT ONLINE
@zeitonline
·
2021年7月24日","#China kämpft derzeit mit #Hochwasser – bereits 58 Menschen sind gestorben. Ein Mann wurde nach drei Tagen aus einer überfluteten Tiefgarage gerettet.
zeit.de
Zhengzhou: Mann nach Tagen aus gefluteter Garage gerettet
Nach starken Regenfällen kam es auch in China zu Überflutungen. 58 Menschen starben. Ein Mann verharrte drei Tage in einem Lüftungsschacht in einer Tiefgarage.
6
14
33",,6,14,33,[],https://twitter.com/zeitonline/status/1418911448789573642
ZEIT ONLINE,@zeitonline,2021-07-22T07:51:11.000Z,"ZEIT ONLINE
@zeitonline
·
2021年7月22日","Woher kommt das #Coronavirus? #China lehnt eine Untersuchung seiner Labore ab.
zeit.de
Ursprung des Coronavirus: China lehnt Untersuchung von Laboren ab
Aus Sicht von WHO-Chef Tedros wurde die Labortheorie zum Ursprung des Coronavirus vorschnell ausgeschlossen. China will neue Untersuchungen dazu nicht akzeptieren.
15
19
30",,15,19,30,[],https://twitter.com/zeitonline/status/1418116398354780166
ZEIT ONLINE,@zeitonline,2021-07-28T09:00:15.000Z,"ZEIT ONLINE
@zeitonline
·
2021年7月28日","In letzter Zeit wurden die #USA häufiger Opfer von #Cyberangriffen. Präsident Joe #Biden hält einen ""echten Krieg"" mit #China oder #Russland deshalb für ""sehr wahrscheinlich"".
zeit.de
Joe Biden: US-Präsident hält ""echten Krieg"" bei großer Cyberattacke für möglich
Wenn es zu einem Krieg mit einer Großmacht kommen würde, dann ""wahrscheinlich"" infolge eines massiven Cyberangriffs, sagte Joe Biden. Dabei gehe es vor allem um China.
26
21
18",,26,21,18,[],https://twitter.com/zeitonline/status/1420308107046043667
ZEIT ONLINE,@zeitonline,2021-08-05T16:13:24.000Z,"ZEIT ONLINE
@zeitonline
·
2021年8月6日","Die Regierung der #USA will Menschen aus #Hongkong aufnehmen, die aus Angst vor Repressionsmaßnahmen #China|s vorerst nicht in ihre Heimat zurückkehren wollen.
zeit.de
Hongkong: US-Regierung will Menschen aus Hongkong Schutz bieten
Die USA wollen vorübergehend ein Zufluchtsort für Hongkonger sein, die die chinesische Regierung fürchten. Abschiebungen und Ausweisungen würden ausgesetzt.
2
5
29",,2,5,29,[],https://twitter.com/zeitonline/status/1423316215997599749
ZEIT ONLINE,@zeitonline,2021-08-06T13:55:02.000Z,"ZEIT ONLINE
@zeitonline
·
2021年8月6日","Die deutschen #Tischtennis-Herren haben das olympische Mannschaftsfinale gegen #China verloren und die Silbermedaille geholt. #Tokyo2020 #Olympics2021
zeit.de
Olympia 2021: Deutsche Tischtennis-Herren holen Silber mit der Mannschaft
Wieder einmal war China für die deutschen Tischtennis-Herren zu stark: Im Mannschaftsfinale in Tokio reichte es für den DTTB wie schon 2008 aber zur Silbermedaille.
4
2
26",,4,2,26,[],https://twitter.com/zeitonline/status/1423643784248758276
ZEIT ONLINE,@zeitonline,2021-08-06T08:06:47.000Z,"ZEIT ONLINE
@zeitonline
·
2021年8月6日","Als Timo #Boll 13 Jahre alt war, siedelte ein #Tischtennis-Bundesligist für ihn um. Dimitrij Ovtcharovs Vater spielte zweimal am Tag mit dem Sohn im Keller. Wegen dieser Maßnahmen könnten die deutschen Herren heute noch einmal #China schlagen. #Olympia2020
zeit.de
Tischtennis-Mannschaftsfinale: Ihr letzter Versuch
Das deutsche Tischtennistrio fordert im Finale den Top-top-top-Favoriten China. Es ist ihre letzte Chance, Timo Boll ist 40 Jahre alt. Doch sie glauben an sich.
3
3
23",,3,3,23,[],https://twitter.com/zeitonline/status/1423556142266044416
ZEIT ONLINE,@zeitonline,2021-08-03T05:53:33.000Z,"ZEIT ONLINE
@zeitonline
·
2021年8月3日","Zwischen Amerika und #China sind die Beziehungen auf einem historischen Tiefpunkt angelangt. Zeit für den Westen, eine Haltung zu finden #Biden #USA
zeit.de
USA und China: Der Westen muss eine Haltung zu China finden
Autokratie gegen Demokratie: Ein neues chinesisches Dominanzstreben stößt auf Washingtons zunehmende Entschlossenheit, Xi Jinpings Ambitionen Grenzen zu setzen.
2
3
12",,2,3,12,[],https://twitter.com/zeitonline/status/1422435452028604420
ZEIT ONLINE,@zeitonline,2021-08-14T16:48:44.000Z,"ZEIT ONLINE
@zeitonline
·
2021年8月15日","Annalena #Baerbock will die Handelspolitik gegenüber #China verschärfen: ""Wir dürfen uns nicht komplett einem autoritären Regime ausliefern, das auch mit unlauteren Wirtschaftsmethoden arbeitet.""
zeit.de
Wahlkampf: Annalena Baerbock fordert schärfere Handelspolitik gegenüber China
Mit höheren Zöllen will die Kanzlerkandidatin Preisdumping und mangelhafte Umweltstandard verhindern. Außerdem sollten europäische Unternehmen gestärkt werden.
80
58
413",,80,58,413,[],https://twitter.com/zeitonline/status/1426586598716710914
ZEIT ONLINE,@zeitonline,2021-08-13T02:49:26.000Z,"ZEIT ONLINE
@zeitonline
·
2021年8月13日","War die Pandemie ein Laborunfall? Die #WHO hat #China erneut dazu aufgerufen, Rohdaten zu den ersten Fällen in #Wuhan offenzulegen. #Corona-News aus aller Welt
zeit.de
Coronavirus weltweit: Ema gibt Moderna-Impfstoff für Kinder ab sechs Jahren frei
Die Ema empfiehlt auch Auffrischungen für Kinder ab zwölf Jahren mit BioNTech und Pfizer. Österreichs Gesundheitsminister tritt zurück. Corona-News aus aller Welt
16
12
23",,16,12,23,[],https://twitter.com/zeitonline/status/1426012993725231108
ZEIT ONLINE,@zeitonline,2021-08-18T05:56:41.000Z,"ZEIT ONLINE
@zeitonline
·
2021年8月18日","Amerikas Niederlage bürdet China und Russland eine Verantwortung auf, die sie nicht wollten und die auch sie niederdrücken kann. #Afghanistan
zeit.de
USA und Afghanistan: Gefährliches Machtvakuum
Die Niederlage Amerikas in Afghanistan bringt China und Russland kurze Genugtuung. Doch die beiden Mächte wissen zu gut, dass man den Taliban besser nicht traut.
11
5
14",,11,5,14,[],https://twitter.com/zeitonline/status/1427872055844917253
ZEIT ONLINE,@zeitonline,2021-08-12T15:44:32.000Z,"ZEIT ONLINE
@zeitonline
·
2021年8月12日","Amerika zieht ab, die #Taliban werden stärker: #Pakistan, #Russland, #Indien, die #Türkei und #China wollen über #Afghanistan|s Zukunft mitreden.
zeit.de
Afghanistan : Dann eben mit den Islamisten
Mit dem Abzug der USA verschiebt sich die Macht in Afghanistan zugunsten der Taliban. Andere Staaten wollen da nun mitreden – zum Beispiel Indien, China und die Türkei.
2
8
13",,2,8,13,[],https://twitter.com/zeitonline/status/1425845667335901186
ZEIT ONLINE,@zeitonline,2021-08-27T15:03:47.000Z,"ZEIT ONLINE
@zeitonline
·
2021年8月27日","Trotz aller Häme gegenüber den USA: Peking ist nicht froh über den Abzug der Nato aus #Afghanistan. Xifan Yang über #China|s ambivalente Positionierung.
zeit.de
China in Afghanistan: Geld gegen Stabilität?
Das Versagen der USA in Afghanistan wird in China genüsslich ausgeschlachtet. Mit der Aussicht auf mögliche Investitionen will Peking die Taliban jetzt an sich binden.
2
6
10",,2,6,10,[],https://twitter.com/zeitonline/status/1431271230045315072
ZEIT ONLINE,@zeitonline,2021-09-20T16:25:43.000Z,"ZEIT ONLINE
@zeitonline
·
2021年9月21日","Vergangenen Mittwoch hat #Chinas Wohnungsbauminsterium die Banken vor einem Zahlungsausfall bei #Evergrande gewarnt. An der Börse stürzt der Immobilienentwickler gerade ab.
zeit.de
Evergrande in China: Niedergang eines Giganten
Ein chinesischer Immobilienentwickler stürzt ab, der Markt ist überhitzt. An den Börsen wird vor einer Krise wie nach dem Lehman-Zusammenbruch gewarnt. Zu Recht?
5
8
22",,5,8,22,[],https://twitter.com/zeitonline/status/1439989155564511234
ZEIT ONLINE,@zeitonline,2021-09-24T12:55:05.000Z,"ZEIT ONLINE
@zeitonline
·
2021年9月24日","#China verbietet alle Transaktionen in Verbindung mit #Kryptowährungen wie #Bitcoin. Das bringt die #Digitalwährungen unter Druck.
zeit.de
Chinesische Zentralbank: China verbietet Transaktionen in Verbindung mit Kryptowährungen
China erhöht den Druck auf die Kryptowährungsbranche und untersagt Kunden im Land ausländische Aktivitäten mit den Digitalwährungen. Das lässt deren Kurse fallen.
12
6
23",,12,6,23,[],https://twitter.com/zeitonline/status/1441385702529421312
ZEIT ONLINE,@zeitonline,2021-09-24T17:55:02.000Z,"ZEIT ONLINE
@zeitonline
·
2021年9月25日","Bundespräsident Frank-Walter #Steinmeier hat in einer Rede vor der UN-Vollversammlung in New York Großmächte wie die #USA, #China und #Russland an ihre Verantwortung für den Rest der Welt erinnert. #UN #Vollversammlung
zeit.de
UN-Vollversammlung: Steinmeier erinnert Großmächte an ihre Verantwortung
Vor der UN-Vollversammlung hat der Bundespräsident einen Appell an Staaten wie China und die USA gerichtet. Die Vereinten Nationen seien ""kein wertneutraler Boxring"".
5
2
18",,5,2,18,[],https://twitter.com/zeitonline/status/1441461188135694340
ZEIT ONLINE,@zeitonline,2021-09-20T10:57:05.000Z,"ZEIT ONLINE
@zeitonline
·
2021年9月20日","Die Krise des chinesischen Immobilienkonzerns #Evergrande hat zu schweren Verlusten an der Hongkonger Börse geführt. #China
zeit.de
Hongkonger Börse: Krise des Immobilienkonzerns Evergrande führt zu schweren Verlusten
Die Evergrande-Aktie ist um weitere 10,6 Prozent gefallen. Das Minus wirkte sich auf andere Immobilienkonzerne aus, der Hongkonger Leitindex verlor um etwa drei Prozent.
3
3
10",,3,3,10,[],https://twitter.com/zeitonline/status/1439906455243694085
ZEIT ONLINE,@zeitonline,2021-10-10T04:43:22.000Z,"ZEIT ONLINE
@zeitonline
·
2021年10月10日","Taiwans Regierungschefin Tsai Ing-wen gibt sich angesichts von Drohgebärden aus #China unbeugsam. Die Inselrepublik werde ihre Verteidigung ausbauen, um eine Annexion zu verhindern, sagte sie.
zeit.de
Taiwan: Präsidentin Tsai Ing-wen will sich Druck aus China nicht beugen
Taiwans Regierung hat die chinesische Forderung nach einer ""Wiedervereinigung"" zurückgewiesen. Die Inselrepublik werde ihre Verteidigung ausbauen, betonte Tsai Ing-wen.
8
13
69",,8,13,69,[],https://twitter.com/zeitonline/status/1447060162901155844
ZEIT ONLINE,@zeitonline,2021-10-08T13:55:03.000Z,"ZEIT ONLINE
@zeitonline
·
2021年10月8日","Zwischenfall im Südchinesischen Meer: #China fordert die USA auf, den genauen Ort und Details des Zwischenfalls sowie den Zweck der Fahrt offenzulegen.
zeit.de
USA - China: China fordert Aufklärung über Vorfall mit US-U-Boot
Ein Atom-U-Boot der Vereinigten Staaten ist mit einem unbekannten Gegenstand zusammengestoßen. Die Navy berichtete erst Tage später, China will nun Details wissen.
5
2
10",,5,2,10,[],https://twitter.com/zeitonline/status/1446474224298827784
ZEIT ONLINE,@zeitonline,2021-10-12T03:52:26.000Z,"ZEIT ONLINE
@zeitonline
·
2021年10月12日","Ein möglicher Präsidentschaftskandidat ist derzeit omnipräsent in #Frankreich|s Medien: Éric Zemmour. Hat der Schriftsteller mit seiner rechten Polemik wirkliche Chancen? Außerdem im Nachrichtenpodcast: Die UN-Weltartenschutzkonferenz in #China
zeit.de
Nachrichtenpodcast: Provokant am rechten Rand
In Frankreich schickt sich der rechte Autor Éric Zemmour an, bei der Präsidentschaftswahl anzutreten. Wie funktioniert seine Polemik? Und: Was tun gegen das Artensterben?
1
3",,,1,3,[],https://twitter.com/zeitonline/status/1447772122475028484
ZEIT ONLINE,@zeitonline,2021-10-30T06:47:18.000Z,"ZEIT ONLINE
@zeitonline
·
2021年10月30日","Noch vor 2030 soll #China nach dem Willen Pekings den #CO2-Peak erreichen. Doch die Wirtschaft wird vor allem von der #Kohle angetrieben – und in naher Zukunft wird das wohl auch so bleiben. #COP26 #Klimawandel
zeit.de
China beim UN-Klimagipfel: Eine Frage der Kohle
Auf China kommt es beim UN-Klimagipfel besonders an: Kein Land pumpt mehr CO2 in die Luft, vor allem aus der Kohlenutzung. Was ist von Präsident Xi zu erwarten?
3
2
8",,3,2,8,[],https://twitter.com/zeitonline/status/1454339108294348802
ZEIT ONLINE,@zeitonline,2021-11-02T19:46:03.000Z,"ZEIT ONLINE
@zeitonline
·
2021年11月3日","""Die Verschärfung der #Informationskontrolle durch den Staat war in #China lange ein schleichender, aber kontinuierlicher Prozess"", schreibt #FrankaLu in der neuen Folge ihrer Kolumne ""Lu erklärt China"". Nun gehe die Regierung in Peking radikaler vor.
zeit.de
Informationskontrolle in China: Wenn der Staat nur noch Nachrichten zulässt, die ihm gefallen
Die chinesische Regierung will Medien und Social-Media-Nutzern im Land noch härtere Regeln aufzwingen. Dabei hat die Zensur heute dort bereits weitreichende Folgen.
5
12",,,5,12,[],https://twitter.com/zeitonline/status/1455622251433299979
ZEIT ONLINE,@zeitonline,2021-11-04T03:41:59.000Z,"ZEIT ONLINE
@zeitonline
·
2021年11月4日","Der neue Report des Global Carpon Project sieht keine Wende beim CO2-Ausstoß. China war 2020 allein für 31 Prozent der Emissionen verantwortlich #COP26 #Glasgow #globalCarbonProject
zeit.de
CO₂-Emissionen: Der globale CO₂-Ausstoß ist so hoch wie vor Corona
Damit die Welt 2050 klimaneutral wird, müssten die Emissionen jedes Jahr so stark sinken wie in der Pandemie. China verursachte 2020 fast ein Drittel der Treibhausgase.
4
15
22",,4,15,22,[],https://twitter.com/zeitonline/status/1456104411537842177
ZEIT ONLINE,@zeitonline,2021-11-02T03:13:11.000Z,"ZEIT ONLINE
@zeitonline
·
2021年11月2日","Für den Plan gegen die #Abholzung sollen mehr als 19 Milliarden Dollar an privaten und öffentlichen Geldern zugesagt worden sein. Das Vorhaben wird unter anderem von #Brasilien, #China, #Russland und den #USA unterstützt.
zeit.de
Klimaschutz: Mehr als 100 Staaten wollen Abholzung stoppen
Zahlreiche Länder verpflichten sich auf dem Weltklimagipfel in Glasgow zum Ende der Entwaldung. Sie repräsentieren rund 85 Prozent der weltweiten Waldfläche.
5
4
17",,5,4,17,[],https://twitter.com/zeitonline/status/1455372387747254282
ZEIT ONLINE,@zeitonline,2021-11-11T10:36:56.000Z,"ZEIT ONLINE
@zeitonline
·
2021年11月11日","#China ist zu einem völligen #Überwachungsstaat geworden, der ganz auf Präsident #Xi ausgerichtet ist, sagt der Diplomat Christoph Heusgen. Er findet, #Deutschland müsse härter auftreten. #Diplomatie https://trib.al/Jolwc3L #Abo
zeit.de
Christoph Heusgen: ""Sie merken, sie kriegen Gegenwind""
Wie hart soll Deutschland gegenüber China auftreten? Viel härter als bisher, fordert der Diplomat Christoph Heusgen.
13
55
74",,13,55,74,[],https://twitter.com/zeitonline/status/1458745550493429762
ZEIT ONLINE,@zeitonline,2021-11-08T15:56:04.000Z,"ZEIT ONLINE
@zeitonline
·
2021年11月8日","Die KP in #China steht vor einer neuen ""historischen Resolution"": Staatschef Xi #Jinping will so seine Macht zementieren.
zeit.de
China: KP-Zentralkomitee ebnet Weg für dritte Amtszeit von Xi Jinping
Erst zweimal haben Chinas Kommunisten eine ""historische Resolution"" verabschiedet. Jetzt könnte eine dritte folgen. Sie würde die Macht des Staatschefs weiter festigen.
5
8",,,5,8,[],https://twitter.com/zeitonline/status/1457738699186245633
ZEIT ONLINE,@zeitonline,2021-11-20T03:46:25.000Z,"ZEIT ONLINE
@zeitonline
·
2021年11月20日","#Großbritannien schickt möglicherweise keine offizielle Delegation zu den Winterspielen nach Peking, um gegen Menschenrechtsverletzungen in #China zu protestieren. Die USA erwägen ebenfalls einen Boykott.
zeit.de
Olympische Winterspiele in Peking: Boris Johnson erwägt Boykott von Olympia in China
Nach den USA denkt auch die britische Regierung darüber nach, keine Diplomaten zu den Spielen zu schicken. Damit will sie gegen Menschenrechtsverletzungen demonstrieren.
10
12
56",,10,12,56,[],https://twitter.com/zeitonline/status/1461903732036231169
ZEIT ONLINE,@zeitonline,2021-11-21T05:46:56.000Z,"ZEIT ONLINE
@zeitonline
·
2021年11月21日","#Litauen hat #Taiwan erlaubt, eine De-facto-Botschaft in Vilnius zu eröffnen. Die Volksrepublik #China reagiert erzürnt.
zeit.de
Streit über Taiwan: China reduziert diplomatische Beziehungen zu Litauen
Taiwan hat in Litauen eine weitere De-facto-Botschaft eröffnet. China stuft nun die diplomatischen Beziehungen zu dem EU-Staat zurück.
6
6
33",,6,6,33,[],https://twitter.com/zeitonline/status/1462296449325088771
ZEIT ONLINE,@zeitonline,2021-11-23T09:59:33.000Z,"ZEIT ONLINE
@zeitonline
·
2021年11月23日","Die Erschließung Seltener Erden in #Europa ist unwirtschaftlich, aber notwendig, um sich aus der Abhängigkeit von #China zu befreien. #5vor8
zeit.de
China: Gefährliche Abhängigkeit
Für die Energiewende braucht es Seltene Erden. In Europa steigt der Bedarf – doch der wird nahezu komplett von chinesischen Firmen gedeckt. Das muss sich ändern.
1
5
10",,1,5,10,[],https://twitter.com/zeitonline/status/1463084796809199618
ZEIT ONLINE,@zeitonline,2021-11-17T06:45:33.000Z,"ZEIT ONLINE
@zeitonline
·
2021年11月17日","Die Rivalität zwischen #China und den #USA wird die Weltpolitik der nächsten Jahrzehnte prägen. Sie zu leugnen, hilft nicht.
zeit.de
USA-China-Gipfel: Gut, wenn Rivalen miteinander reden
Die Konflikte zwischen China und den USA sind nicht einfach zu lösen, aber vielleicht lassen sie sich managen. Der Gipfel von Joe Biden und Xi Jinping war ein Anfang.
2
1
14",,2,1,14,[],https://twitter.com/zeitonline/status/1460861651612221441
ZEIT ONLINE,@zeitonline,2021-12-13T14:06:53.000Z,"ZEIT ONLINE
@zeitonline
·
2021年12月13日","Allein in #China sind derzeit 88 Gigawatt Kraftwerke im Bau. Das ist rund achtmal so viel Leistung, wie in Deutschland seit 2011 vom Netz gegangen ist – 11,2 Gigawatt. Unsere #Kohlekarte
zeit.de
Kohlekraftwerke: Wir schalten ab, sie heizen hoch
Die neue Bundesregierung will schnell raus aus der Kohle. Aber was bringt es, wenn Indien und China neue Kraftwerke bauen? Wir zeigen, wer weltweit die Meiler hochfährt.
22
24
52",,22,24,52,[],https://twitter.com/zeitonline/status/1470394799190650881
ZEIT ONLINE,@zeitonline,2021-12-11T19:14:11.000Z,"ZEIT ONLINE
@zeitonline
·
2021年12月12日","Die Außenminister der führenden westlichen Wirtschaftsnationen #G7 haben sich nach Angaben von Außenministerin Annalena Baerbock auf gemeinsame Grundsätze gegenüber #Russland, #China und #Iran verständigt.
zeit.de
Außenministergipfel: G7 fordern Russland in Ukraine-Krise zu Verhandlungen auf
Die G7 sind sich laut Außenministerin Baerbock einig, dass es in Europa keine Grenzverschiebung geben dürfe. Eine Einladung zu Gesprächen liege Russland seit Monaten vor.
4
7
26",,4,7,26,[],https://twitter.com/zeitonline/status/1469747356979671047
ZEIT ONLINE,@zeitonline,2021-12-15T17:55:07.000Z,"ZEIT ONLINE
@zeitonline
·
2021年12月16日","#Russland und #China haben ihre gegenseitige Unterstützung bekräftigt. In einer Videoschalte sprachen die Präsidenten Wladimir #Putin und #Xi Jingping über gemeinsame Positionen und strategische Partnerschaft.
zeit.de
Russisch-chinesische Beziehung: Russland und China bekräftigen gegenseitige Unterstützung
Die beiden Staatschefs Wladimir Putin und Xi Jinping haben per Videoschalte Gemeinsamkeiten ausgelotet. Im Februar wollen sich beide in Peking persönlich treffen.
13
5
15",,13,5,15,[],https://twitter.com/zeitonline/status/1471177011758604291
ZEIT ONLINE,@zeitonline,2021-12-07T17:55:04.000Z,"ZEIT ONLINE
@zeitonline
·
2021年12月8日","Wie jeder Staat, der Olympische Spiele ausrichtet, will sich China in einem möglichst positiven Licht präsentieren. Das funktioniert aber schlechter, wenn andere mächtige Staaten einen #Boykott verkünden. Wie die USA und Neuseeland – und Deutschland?
zeit.de
Olympia-Boykott: Chinas Chance auf eine PR-Show sinkt
China will aus den Winterspielen politisch Kapital schlagen. Durch den diplomatischen Boykott der USA gerät dieser Plan in Gefahr. Weitere Länder wollen sich anschließen.
11
9
39",,11,9,39,[],https://twitter.com/zeitonline/status/1468277894900330499
