UserScreenName,UserName,Timestamp,Text,Embedded_text,Emojis,Comments,Likes,Retweets,Image link,Tweet URL
ZEIT ONLINE,@zeitonline,2019-01-10T19:45:29.000Z,"ZEIT ONLINE
@zeitonline
·
2019年1月11日","#China und die #USA verhandeln im Zollkonflikt wieder. Manche Hürden scheinen jedoch unüberwindbar.
zeit.de
Handelsstreit: Am Ende hängt alles von Donald Trumps Laune ab
Die USA und China verhandeln über eine Lösung ihres Handelskonflikts. Einige Streitpunkte lassen sich leicht ausräumen. Andere stellen Chinas Wirtschaftssystem infrage.
2
1
4",,2,1,4,[],https://twitter.com/zeitonline/status/1083449768590954496
ZEIT ONLINE,@zeitonline,2019-01-02T18:10:47.000Z,"ZEIT ONLINE
@zeitonline
·
2019年1月3日","Die Rückseite des Mondes ist von der Erde aus nie zu sehen. Trotzdem könnten wir bald genauer wissen, wie es dort aussieht: #China hat die Sonde #ChangE4 ins All geschickt. Morgen soll sie landen.
zeit.de
Sonde Chang'e 4: Landung chinesischer Sonde auf der Mondrückseite steht bevor
Als erste Nation der Welt will China einen Rover auf der Rückseite des Mondes platzieren. Am Donnerstag könnte es so weit sein: Die Chang'e 4 soll auf dem Mond landen.
5
12
22",,5,12,22,['https://pbs.twimg.com/card_img/1502398671874232320/kZSGECUT?format=jpg&name=medium'],https://twitter.com/zeitonline/status/1080526837485326337
ZEIT ONLINE,@zeitonline,2019-01-02T10:56:05.000Z,"ZEIT ONLINE
@zeitonline
·
2019年1月2日","""Wir geben kein Versprechen ab, bei der Wiederveinigung mit #Taiwan auf die Anwendung von Gewalt zu verzichten"", sagt der Präsident von #China.
zeit.de
Xi Jinping: China droht Taiwan mit gewaltsamer Wiedervereinigung
Der chinesische Präsident Xi Jinping will Taiwan wieder an China angliedern – notfalls auch mit Gewalt. Der Streit um den Status geht auf den Bürgerkrieg in China zurück.
6
8
6",,6,8,6,[],https://twitter.com/zeitonline/status/1080417441757491200
ZEIT ONLINE,@zeitonline,2019-01-07T14:20:03.000Z,"ZEIT ONLINE
@zeitonline
·
2019年1月7日","#Tesla baut die größte Fabrik außerhalb der USA in #China. Vorstand 
@elonmusk
 legte den Grundstein.
zeit.de
Elon Musk: Neue Tesla-Fabrik in China soll 500.000 Autos pro Jahr produzieren
Tesla-Chef Elon Musk hat in Shanghai den Grundstein für die größte Fabrik außerhalb der USA gelegt. Dort sollen sowohl Elektroautos als auch Batterien gebaut werden.
2
6
8",,2,6,8,['https://pbs.twimg.com/card_img/1502811229907304454/n8ySgWRm?format=jpg&name=medium'],https://twitter.com/zeitonline/status/1082280708943605768
ZEIT ONLINE,@zeitonline,2019-01-02T17:32:46.000Z,"ZEIT ONLINE
@zeitonline
·
2019年1月3日","Der Konflikt im Südchinesischen Meer wird uns noch lange begleiten. Sascha Zhivkov sagt, warum. #China #southchinasea
zeit.de
Südchinesisches Meer: China in der Nationalismusfalle
Um seinen Anspruch auf das Südchinesische Meer zu bekräftigen, hat Chinas Regierung ein nationalistisches Geschichtsbild aufgebaut. Das könnte gefährlich werden.
1
1
10",,1,1,10,[],https://twitter.com/zeitonline/status/1080517267614515204
ZEIT ONLINE,@zeitonline,2019-01-03T15:55:31.000Z,"ZEIT ONLINE
@zeitonline
·
2019年1月3日","Was steckt hinter der Krise von #Apple? Konzernchef Tim Cook verweist auf das geringere Wirtschaftswachstum in #China. Doch das Problem ist auch selbstverschuldet.
zeit.de
Apple: Die Krise liegt nicht nur in China
Apple macht weniger Umsatz als erwartet. Der Konzern verweist auf den Abschwung in China – und lenkt damit von strategischen Fehlern ab.
1
2
7",,1,2,7,[],https://twitter.com/zeitonline/status/1080855181900820481
ZEIT ONLINE,@zeitonline,2019-01-04T18:48:49.000Z,"ZEIT ONLINE
@zeitonline
·
2019年1月5日","Der Kampf der chinesischen Regierung gegen faule Kredite birgt die Gefahr sozialer Proteste. #China
zeit.de
China: Pekings Furcht vor den Schulden
Chinas Regierung kämpft gegen faule Kredite. Der Unmut von Millionen Kleinanlegern könnte noch zum politischen Problem werden.
4
8",,,4,8,[],https://twitter.com/zeitonline/status/1081261182927945730
ZEIT ONLINE,@zeitonline,2019-01-03T04:02:05.000Z,"ZEIT ONLINE
@zeitonline
·
2019年1月3日","#Apple hat erstmals seit Erfindung des #iphones seine Umsatzprognose verfehlt. Das #Weihnachtsgeschäft des amerikanischen Unternehmens lief schlechter als erwartet, vor allem in #China.
zeit.de
iPhone: Apple setzt deutlich weniger um als erwartet
Der iPhone-Hersteller war vergangenes Jahr zum wertvollsten Aktienunternehmen aufgestiegen. Apple dürfte nun seine Umsatzprognose erstmals seit 2007 verfehlen.
1
11",,,1,11,[],https://twitter.com/zeitonline/status/1080675643011022848
ZEIT ONLINE,@zeitonline,2019-01-09T13:55:53.000Z,"ZEIT ONLINE
@zeitonline
·
2019年1月9日","#China will möglicherweise seine künstlichen Inseln im Südchinesischen Meer stärker schützen. US-Kriegsschiffe würden zu nahe an den Inseln vorbeifahren.
zeit.de
Südchinesisches Meer: China beansprucht Hoheitsrechte in umstrittenen Meeresgebiet
Die chinesische Führung hat ihren Anspruch auf das Südchinesische Meer bekräftigt. Im Falle einer Bedrohung werde man die ""Verteidigungsfähigkeit"" erhöhen.
1
4
4",,1,4,4,['https://pbs.twimg.com/card_img/1477472245467566086/mjTxb6NR?format=jpg&name=medium'],https://twitter.com/zeitonline/status/1082999401029742592
ZEIT ONLINE,@zeitonline,2019-01-10T08:07:19.000Z,"ZEIT ONLINE
@zeitonline
·
2019年1月10日","Der Bundesverbands der Deutschen Industrie hat einen härteren Kurs gegen #China gefordert. http://bit.ly/2FoiPcH #BDI
zeit.de
BDI: Deutsche Industrie fordert mehr Widerstand gegen China
Der BDI sieht einen Systemwettbewerb zwischen Europa und China. Die EU könne bei Zukunftstechnologien wie der künstlichen Intelligenz den Anschluss verlieren.
6
3
9",,6,3,9,['https://pbs.twimg.com/card_img/1492692898768474115/VkjMx7mJ?format=jpg&name=medium'],https://twitter.com/zeitonline/status/1083274073327718402
ZEIT ONLINE,@zeitonline,2019-01-08T00:47:37.000Z,"ZEIT ONLINE
@zeitonline
·
2019年1月8日","Nordkoreas Machthaber #kimjongun ist Medien zufolge zu einem Treffen mit Chinas Präsident Xi Jinping gereist. Das Nachbarland ist der wichtigste Verbündete Nordkoreas. #china #nordkorea #gipfel
zeit.de
Nordkorea: Kim Jong Un trifft Xi Jinping
Nordkoreas Machthaber Kim Jong Un ist zu einem mehrtägigen Staatsbesuch nach China gereist. Es ist sein vierter Besuch, bei dem es auch um Donald Trump gehen soll.
2",,,,2,['https://pbs.twimg.com/card_img/1492692898768474115/VkjMx7mJ?format=jpg&name=medium'],https://twitter.com/zeitonline/status/1082438640624717824
ZEIT ONLINE,@zeitonline,2019-01-14T09:50:19.000Z,"ZEIT ONLINE
@zeitonline
·
2019年1月14日","Absurd: Die erstarkende chinesische #MeToo-Bewegung ist eine Folge der Ein-Kind-Politik. Die zweite Folge unserer Serie ""Lu erklärt China""
zeit.de
Feminismus: Aufstand der weiblichen Einzelkinder
Entweder sie werden schon als Mädchen getötet oder sie machen Karriere: Chinas Frauen hoffen auf #MeToo als einzige wirksame Demokratisierungsbewegung.
4
18
36",,4,18,36,[],https://twitter.com/zeitonline/status/1084749545223925760
ZEIT ONLINE,@zeitonline,2019-01-14T14:41:28.000Z,"ZEIT ONLINE
@zeitonline
·
2019年1月14日","Entweder sie werden schon als Mädchen getötet oder sie machen Karriere: Frauen in #China hoffen auf #MeToo als einzige wirksame Demokratisierungsbewegung. Lesen Sie hier den ganzen Artikel: http://bit.ly/2Fw3V41
3
9
14",,3,9,14,[],https://twitter.com/zeitonline/status/1084822812592881664
ZEIT ONLINE,@zeitonline,2019-01-15T09:00:52.000Z,"ZEIT ONLINE
@zeitonline
·
2019年1月15日","Die kanadische Regierung hat wegen der #Todesstrafe gegen einen Kanadier ihre Reisehinweise für #China aktualisiert.
zeit.de
Diplomatie: Kanada verschärft Reisehinweise für China
Ein Kanadier wurde von einem chinesischen Gericht zum Tode verurteilt. Nun warnt die kanadische Regierung vor einer ""willkürlichen Durchsetzung örtlicher Gesetze"".
1
4
17",,1,4,17,[],https://twitter.com/zeitonline/status/1085099486052052992
ZEIT ONLINE,@zeitonline,2019-01-13T15:52:26.000Z,"ZEIT ONLINE
@zeitonline
·
2019年1月13日","Nach der Festnahme eines #Huawei-Mitarbeiters in #Polen drohen neue Spannungen zwischen #China und dem Westen.
zeit.de
Spionageverdacht: Polen fordert von EU und Nato Debatte zu Huawei-Boykott
Huawei muss sich neuer Spionagevorwürfe erwehren. Polen wünscht sich von EU und Nato eine gemeinsame Linie dazu, den chinesischen Konzern von Märkten auszuschließen.
2
7
5",,2,7,5,[],https://twitter.com/zeitonline/status/1084478285109710853
ZEIT ONLINE,@zeitonline,2019-01-22T06:27:18.000Z,"ZEIT ONLINE
@zeitonline
·
2019年1月22日","Kleinkariertes Wettbewerbsdenken schadet Europa. #China #Siemens #Alstom
zeit.de
China: Lernen von Chinas Masterplan
Die EU-Kommission will nicht, dass Siemens und Alstom ihre Bahnsparten fusionieren. Doch mit dieser Politik wird Europas Industrie gegenüber China bald zurückfallen.
2
7",,,2,7,[],https://twitter.com/zeitonline/status/1087597554454409216
ZEIT ONLINE,@zeitonline,2019-01-28T07:23:48.000Z,"ZEIT ONLINE
@zeitonline
·
2019年1月28日","Wang #Quanzhang arbeitete für die mittlerweile geschlossene Anwaltskanzlei Fengrui. Sie hatte auch den berühmten Künstler Ai #Weiwei vertreten. #China #Menschenrechte
zeit.de
Wang Quanzhang: Bürgerrechtsanwalt zu viereinhalb Jahren Haft verurteilt
Seit 2015 sitzt Wang Quanzhang in China in Haft. Nun wurde der Anwalt, der auch den Künstler Ai Weiwei vertreten hatte, unter Ausschluss der Öffentlichkeit verurteilt.
6
10",,,6,10,[],https://twitter.com/zeitonline/status/1089786099470401536
ZEIT ONLINE,@zeitonline,2019-01-21T16:56:26.000Z,"ZEIT ONLINE
@zeitonline
·
2019年1月22日","Wir dürfen #Kanada nicht alleinlassen, meint 
@thorstenbenner
 zum Streit mit China. #wef #davos
zeit.de
Davos: Vereint gegen Chinas Willkür
Mit Drohungen gegen Kanada versucht die chinesische Regierung Interessen durchzusetzen. In Davos bietet sich Kanadas Verbündeten die Gelegenheit, dagegen anzugehen.
2
9
18",,2,9,18,[],https://twitter.com/zeitonline/status/1087393493146890240
ZEIT ONLINE,@zeitonline,2019-01-23T15:42:32.000Z,"ZEIT ONLINE
@zeitonline
·
2019年1月23日","#China und #Indien beeinflussten die Weltwirtschaft inzwischen stark, sagte Kanzlerin Angela #Merkel in #Davos. Wenn bestehende Institutionen darauf nicht schnell genug eingingen, würden sich neue bilden. #WEF19
zeit.de
Weltwirtschaftsforum in Davos: Angela Merkel will internationale Organisationen reformieren
Die Kräfteverhältnisse in der Welt hätten sich verändert, sagte Kanzlerin Merkel vor dem Weltwirtschaftsforum. Internationale Organisationen müssten sich daran anpassen.
3
2
8",,3,2,8,[],https://twitter.com/zeitonline/status/1088099670482735106
ZEIT ONLINE,@zeitonline,2019-02-05T11:38:38.000Z,"ZEIT ONLINE
@zeitonline
·
2019年2月5日","新年快樂
In China beginnt heute das Jahr des . Wir wünschen ein #HappyChineseNewYear!
(Foto: Jeanette Hutfluss) #YearOfThePig #CNY2019
11
31
108",🐷,11,31,108,[],https://twitter.com/zeitonline/status/1092749337061457920
ZEIT ONLINE,@zeitonline,2019-02-09T07:46:12.000Z,"ZEIT ONLINE
@zeitonline
·
2019年2月9日","Die einstige Weltordnung ist im Umbruch, nun geht es darum, wer die neuen Regeln schreibt. Die #USA, #Russland und #China warten nicht, bis die Europäer sich sortiert haben. #EU
zeit.de
Großmachtkonflikte: Der kalte Krieg taut auf
Die einstige Weltordnung ist im Umbruch, nun geht es darum, wer die neuen Regeln schreibt. Die USA, Russland und China warten nicht, bis die Europäer sich sortiert haben.
4
9
16",,4,9,16,[],https://twitter.com/zeitonline/status/1094140394743447552
ZEIT ONLINE,@zeitonline,2019-02-10T14:13:38.000Z,"ZEIT ONLINE
@zeitonline
·
2019年2月10日","#Uiguren: Die #Türkei ruft #China zur Schließung von Internierungslagern auf. China erwidert: Das Land wolle Terrorismus und Extremismus bekämpfen, wie die Türkei.
zeit.de
Uiguren in China: Türkei ruft China zur Schließung von Internierungslagern auf
Mehr als eine Million Uiguren sind laut türkischem Außenministerium ""Folter und politischer Gehirnwäsche"" in Lagern ausgesetzt. Die chinesische Seite weist das zurück.
9
15
18",,9,15,18,[],https://twitter.com/zeitonline/status/1094600281562759168
ZEIT ONLINE,@zeitonline,2019-02-18T10:59:10.000Z,"ZEIT ONLINE
@zeitonline
·
2019年2月18日","Stellen Sie sich vor, Sie sitzen mit Chinesen am Tisch und wollen über den Handelsstreit mit den #USA sprechen. Was tun? Eine neue Folge von ""Lu erklärt #China "" http://bit.ly/2SFGEnW
2
3
9",,2,3,9,[],https://twitter.com/zeitonline/status/1097450444740276224
ZEIT ONLINE,@zeitonline,2019-02-13T10:19:46.000Z,"ZEIT ONLINE
@zeitonline
·
2019年2月13日","Die #USA wollen künstliche Intelligenz stärker militärisch nutzen. In einem Strategiepapier warnen die Autoren vor Russland und China. Die USA müsse ihre strategische Position halten. #KI
zeit.de
US-Verteidigungsministerium: Die USA wollen künstliche Intelligenz stärker militärisch nutzen
Das Pentagon hat ein Strategiepapier zur künstlichen Intelligenz veröffentlicht. Die Technik soll in allen Bereichen genutzt werden, um autonome Waffen geht es kaum.
5
3
7",,5,3,7,[],https://twitter.com/zeitonline/status/1095628588878045184
ZEIT ONLINE,@zeitonline,2019-02-14T06:36:31.000Z,"ZEIT ONLINE
@zeitonline
·
2019年2月14日","In Peking versuchen Politiker der #USA und #China erneut, eine Lösung für den #Handelskonflikt zu finden. Laufen die Gespräche gut, könnte Donald #Trump sein Ultimatum verlängern.
zeit.de
Sonderzölle: Entscheidende Phase im Handelsstreit
China und die USA versuchen in Peking, ihren Handelsstreit zu beenden. Donald Trump erwägt einem Bericht zufolge, sein März-Ultimatum zu verlängern.
2
1
8",,2,1,8,[],https://twitter.com/zeitonline/status/1095934794339356673
ZEIT ONLINE,@zeitonline,2019-02-21T07:46:48.000Z,"ZEIT ONLINE
@zeitonline
·
2019年2月21日","Wer #China als Feind des Westens verurteilt, muss mit dem Zorn der Chinesen rechnen. Denn sie vertrauen auf ihr Regime und glauben daran, zu Recht eine Weltmacht zu sein. Lesen Sie hier den ganzen Artikel: http://bit.ly/2SRw4dO
6
9
23",,6,9,23,[],https://twitter.com/zeitonline/status/1098489200444391424
ZEIT ONLINE,@zeitonline,2019-02-20T12:44:05.000Z,"ZEIT ONLINE
@zeitonline
·
2019年2月20日","#China hat ausländischen Touristinnen und Touristen den Zugang zur Region #Tibet untersagt. Es gilt bis zum 1. April.
zeit.de
Dalai Lama: China versperrt Ausländern Zugang zu Tibet
Bis Anfang April dürfen ausländische Besucher nicht in die Region Tibet einreisen. Grund ist der 60. Jahrestag der Flucht des Dalai Lama und damit verbundene Spannungen.
2
7
8",,2,7,8,[],https://twitter.com/zeitonline/status/1098201622554071041
ZEIT ONLINE,@zeitonline,2019-03-02T02:43:10.000Z,"ZEIT ONLINE
@zeitonline
·
2019年3月2日","Geschäfte mit dem Iran, Bankbetrug, Industriespionage: Wegen dieser Anklagepunkte wollen die USA #Huawei-Managerin Meng vor Gericht bringen. Kanada kooperiert, China spricht von politischer Verfolgung.
zeit.de
Kanada: Huawei-Managerin könnte an die USA ausgeliefert werden
Kanada hatte die Finanzchefin des IT-Konzerns auf Drängen der USA festgenommen. Ihr werden Geschäfte mit dem Iran vorgeworfen. China spricht von ""politischer Verfolgung"".
1
6",,1,,6,[],https://twitter.com/zeitonline/status/1101674277613551616
ZEIT ONLINE,@zeitonline,2019-03-11T11:31:16.000Z,"ZEIT ONLINE
@zeitonline
·
2019年3月11日","Auch gesperrt: ""Freiheit + Liu Xia"". 
@yangxifan
 #china #großezensurmauer
zeit.de
Zensur in China: ""Das Volk hat Worte und du löschst sie""
Enzyklopädie der Internet-Zensur: Wir veröffentlichen ein Lexikon der in China verbotenen Begriffe – und erklären, warum im warmen Frühling keine Blumen blühen dürfen.
3
9
11",,3,9,11,[],https://twitter.com/zeitonline/status/1105068667493076992
ZEIT ONLINE,@zeitonline,2019-03-11T06:23:13.000Z,"ZEIT ONLINE
@zeitonline
·
2019年3月11日","Weil man ""gewisse Ähnlichkeiten"" beim Absturz zweier baugleicher Flugzeuge festgestellt habe, will die Luftfahrtbehörde von #China derzeit keine Flugzeuge vom Typ #Boeing737 Max 8 einsetzen. Auch #EthiopianAirlines lässt die Flieger am Boden.
zeit.de
Flugzeugabsturz in Äthiopien: Chinesische Airlines setzen vorerst keine Boeing 737 Max 8 ein
China reagiert auf den Flugzeugabsturz bei Addis Abeba, bei dem 157 Menschen starben. Die Boeing 737 ist das meistverkaufte Flugzeug, die Max ist die neueste Version.
1
6
11",,1,6,11,[],https://twitter.com/zeitonline/status/1104991146529488896
ZEIT ONLINE,@zeitonline,2019-03-04T06:12:46.000Z,"ZEIT ONLINE
@zeitonline
·
2019年3月4日","Soll Europa #Huawei mit dem Aufbau des #5G-Netzes beauftragen? Die #EU weiß nicht recht, wie sie darauf antworten soll. Das hat auch ideologische Gründe. #China
zeit.de
5G in Europa: Die Vertrauensfrage
Der chinesische Konzern Huawei will in Europa das schnelle 5G-Mobilnetz aufbauen. Aber wollen das die Europäer? Mit einer Antwort tut sich die EU schwer.
6
10
12",,6,10,12,[],https://twitter.com/zeitonline/status/1102451801041842176
ZEIT ONLINE,@zeitonline,2019-03-18T19:07:48.000Z,"ZEIT ONLINE
@zeitonline
·
2019年3月19日","Rassismus habe in #China eine lange Tradition, und diese werde gerade modernisiert, schreibt Franka Lu in der neuen Folge der ZEIT-ONLINE-Serie über das moderne China.
zeit.de
Fremdenfeindlichkeit: Ein Hass, der chinesische Wurzeln hat
Obwohl China keine Geflüchteten aufnimmt, wächst dort eine heftige Abneigung gegen manche Fremde. Dahinter stecken auch krude Ideen von einer rassischen Rangordnung.
2
8
18",,2,8,18,[],https://twitter.com/zeitonline/status/1107720275746062336
ZEIT ONLINE,@zeitonline,2019-03-13T06:13:55.000Z,"ZEIT ONLINE
@zeitonline
·
2019年3月13日","Keine Angst vor #China, empfiehlt Matthias Naß: Der autoritäre Staatskapitalismus fordert den Westen heraus, eine Bedrohung ist er nicht.
zeit.de
Großmacht: Keine Angst vor China
Der autoritäre Staatskapitalismus Chinas fordert den Westen heraus, eine Bedrohung ist er nicht. Mit der neuen Nervosität in Peking muss man besonnen umgehen.
1
6
11",,1,6,11,[],https://twitter.com/zeitonline/status/1105713580165554178
ZEIT ONLINE,@zeitonline,2019-03-28T13:43:28.000Z,"ZEIT ONLINE
@zeitonline
·
2019年3月28日","Der Autobauhersteller #Daimler will die Fahrzeuge seiner Marke #Smart künftig in China bauen.
zeit.de
Daimler: Der Smart wird künftig in China gebaut
Daimler gründet ein Joint Venture, um den Smart gemeinsam mit seinem Anteilseigner Geely in China zu produzieren. Dadurch soll die Marke zum führenden E-Auto werden.
6
4
10",,6,4,10,[],https://twitter.com/zeitonline/status/1111262532424085504
ZEIT ONLINE,@zeitonline,2019-03-25T19:46:29.000Z,"ZEIT ONLINE
@zeitonline
·
2019年3月26日","Emmanuel #Macron spricht sich für Wirtschaftsbeziehungen mit #China aus, ""die unsere beiderseitigen Interessen respektieren"".
zeit.de
Xi Jinping: Emmanuel Macron betont europäisch-chinesische Partnerschaft
Beim Besuch von Xi Jinping hat Frankreichs Präsident für faire Beziehungen zwischen der EU und China geworben. Und Flugzeugbauer Airbus erhielt einen Milliardenauftrag.
4
6
11",,4,6,11,[],https://twitter.com/zeitonline/status/1110266726359404546
ZEIT ONLINE,@zeitonline,2019-04-08T18:38:35.000Z,"ZEIT ONLINE
@zeitonline
·
2019年4月9日","""China scheut sich nicht, wirtschaftliche Dynamik über eine hohe staatliche Verschuldung voranzutreiben"": 
@PeterBofinger
 plädiert für eine deutsche Industriepolitik.
zeit.de
Industriepolitik: Obacht vor China!
Ökonomen, die den Markt lieben, wettern gegen Industriepolitik. Doch sie liegen falsch: Deutschland muss sich vor Chinas Staatskapitalismus schützen.
7
6
17",,7,6,17,[],https://twitter.com/zeitonline/status/1115323065074966533
ZEIT ONLINE,@zeitonline,2019-04-08T15:00:07.000Z,"ZEIT ONLINE
@zeitonline
·
2019年4月8日","Die #EU will sich mit ihren ethischen Richtlinien zu künstlicher Intelligenz von China und den USA abgrenzen. Doch nicht alle Experten, die daran mitgearbeitet haben, sind zufrieden. #KI  https://zeit.de/digital/internet/2019-04/kuenstliche-intelligenz-eu-kommission-richtlinien-moral-kodex-maschinen-ethik…
3
7
11",,3,7,11,[],https://twitter.com/zeitonline/status/1115268089237659649
ZEIT ONLINE,@zeitonline,2019-04-09T19:01:07.000Z,"ZEIT ONLINE
@zeitonline
·
2019年4月10日","Die #EU und #China verstehen sich nicht mehr so richtig: 
@LadurnerUlrich
 kommentiert den EU-China-Gipfel.
zeit.de
EU-China-Gipfel: Europa kann sich wehren
Die Zeit der harmonischen Gipfeltreffen zwischen der EU und China ist vorbei. Jetzt geht es um knallharte Interessen – und Europa ist endlich aufgewacht.
3
3
7",,3,3,7,[],https://twitter.com/zeitonline/status/1115691126139301889
ZEIT ONLINE,@zeitonline,2019-04-09T16:39:45.000Z,"ZEIT ONLINE
@zeitonline
·
2019年4月10日","Nur mühsam konnten sich die Vertreter aus der #EU und #China bei ihrem Gipfeltreffen auf ein Abschlusskommuniqué einigen.
zeit.de
Handelsbeziehungen: China geht auf Forderungen der Europäischen Union ein
Auf ihrem jährlichen Gipfeltreffen haben sich die EU und China auf eine Reform der Handelsbeziehungen verständigt. Peking wollte ursprünglich kaum Zugeständnisse machen.
3
5",,,3,5,['https://pbs.twimg.com/card_img/1492692898768474115/VkjMx7mJ?format=jpg&name=medium'],https://twitter.com/zeitonline/status/1115655550132473856
ZEIT ONLINE,@zeitonline,2019-04-01T18:27:08.000Z,"ZEIT ONLINE
@zeitonline
·
2019年4月2日","Seine Fotos aus China fügte der Künstler Robert Rauschenberg zu einem 30 Meter langen stream of chineseness zusammen. Das sind die Einzelteile. https://zeit.de/entdecken/2019-03/alltag-china-robert-rauschenberg-fs…
1
9",,,1,9,[],https://twitter.com/zeitonline/status/1112783471116763138
ZEIT ONLINE,@zeitonline,2019-04-15T05:14:59.000Z,"ZEIT ONLINE
@zeitonline
·
2019年4月15日","""Arbeit ist hier #Arbeit und Freizeit ist Freizeit."" Menschen aus China, Indien, Marokko, Frankreich und Polen erzählen, wie sie die deutsche Arbeitswelt wahrnehmen. #Archiv
zeit.de
Deutsche Mentalität: ""Früher habe ich gedacht, die Deutschen arbeiten wie Maschinen""
Die Deutschen sind im Job effizient und spaßbefreit. Soweit das Klischee. Aber stimmt das? Wir haben sechs Menschen aus anderen Kulturen gefragt, die hier arbeiten.
8
41",,,8,41,[],https://twitter.com/zeitonline/status/1117657548390379520
ZEIT ONLINE,@zeitonline,2019-04-19T13:27:55.000Z,"ZEIT ONLINE
@zeitonline
·
2019年4月19日","Als Ausländer, schreibt Franka Lu, braucht man in #China Antworten auf die immer gleichen Fragen: Wo kommst du her? Wie alt bist du? Wie lange bist du schon hier? Bist du verheiratet? Wie viel verdienst du?
zeit.de
Interkulturelle Freundschaft: Essen ist des Volkes Himmelreich
Kochkünste loben, die grundlose Großzügigkeit der Menschen genießen, immer spontan bleiben: Wie man als Ausländer in China Freundschaften mit den Einheimischen schließt.
1
11
22",,1,11,22,[],https://twitter.com/zeitonline/status/1119231151120486401
ZEIT ONLINE,@zeitonline,2019-04-21T08:57:22.000Z,"ZEIT ONLINE
@zeitonline
·
2019年4月21日","China, Europa, Indien – kaum noch eine wichtige Volkswirtschaft, die Donald #Trump nicht mit einem Handelskrieg bedroht. Das ist nur ein Risiko für die Weltkonjunktur.
zeit.de
Konjunktur: Was der Weltwirtschaft blüht
Brexit, Handel, Schulden und mehr: Diese fünf Risiken gefährden im laufenden Jahr die Konjunktur. Wie groß ist die Unsicherheit wirklich?
1
1
5",,1,1,5,[],https://twitter.com/zeitonline/status/1119887840584794112
ZEIT ONLINE,@zeitonline,2019-04-28T13:52:46.000Z,"ZEIT ONLINE
@zeitonline
·
2019年4月28日","In #Hongkong haben Zehntausende gegen ein Gesetz protestiert, das Auslieferungen nach #China erlauben soll.
zeit.de
Hongkong: Zehntausende protestieren gegen Auslieferungsgesetz
Die Hongkonger Justiz soll künftig Verdächtige an China ausliefern dürfen. Die Demonstranten beklagen, ihre persönliche Freiheit werde eingeschränkt.
2
7
25",,2,7,25,[],https://twitter.com/zeitonline/status/1122498895848902657
ZEIT ONLINE,@zeitonline,2019-04-27T05:14:56.000Z,"ZEIT ONLINE
@zeitonline
·
2019年4月27日","Die Sucht nach #SocialMedia ist kaum irgendwo so ausgeprägt wie in #China – obwohl sie von Konzernen manipuliert und vom Staat zensiert werden. Warum ist das so?http://bit.ly/2XMHpd1 #Archiv
zeit.de
China: Im Gehen, beim Essen, mitten im Gespräch, nach dem Sex
Die Sucht nach Social Media ist kaum irgendwo so ausgeprägt wie in China – obwohl sie von Konzernen manipuliert und vom Staat zensiert werden. Warum ist das so?
1
11
25",,1,11,25,[],https://twitter.com/zeitonline/status/1122006189913661441
ZEIT ONLINE,@zeitonline,2019-04-24T14:39:11.000Z,"ZEIT ONLINE
@zeitonline
·
2019年4月24日","#China hat offiziell Haftbefehl gegen den ehemaligen #Interpol-Chef #MengHongwei erlassen.
zeit.de
Meng Hongwei: China nimmt ehemaligen Interpol-Chef auch ganz offiziell fest
Meng Hongwei wird seit sieben Monaten in China festgehalten. Nun wurde auch offiziell Haftbefehl gegen den Ex-Chef von Interpol erlassen – wegen Korruptionsvorwürfen.
4
6",,,4,6,[],https://twitter.com/zeitonline/status/1121061024206135296
ZEIT ONLINE,@zeitonline,2019-05-06T10:48:06.000Z,"ZEIT ONLINE
@zeitonline
·
2019年5月6日","Trotz der Ankündigung neuer Sonderzölle durch US-Präsident Donald #Trump will China vorerst an weiteren Handelsgesprächen mit den #USA festhalten. http://bit.ly/2H6iDxI
2
1
4",,2,1,4,[],https://twitter.com/zeitonline/status/1125351525939912704
ZEIT ONLINE,@zeitonline,2019-05-04T07:03:46.000Z,"ZEIT ONLINE
@zeitonline
·
2019年5月4日","Chinas Führung treibt die Sorge vor Studentenprotesten um. #Tiananmen #China
zeit.de
4.-Mai-Bewegung: Obacht vor den Studenten
Die 4.-Mai-Bewegung von 1919 gehört zum Gründungsmythos des modernen China. Doch der Jahrestag macht die KP-Führung nervös – was mit dem Tiananmen-Massaker zu tun hat.
6
9",,,6,9,[],https://twitter.com/zeitonline/status/1124570295782789121
ZEIT ONLINE,@zeitonline,2019-05-07T05:28:49.000Z,"ZEIT ONLINE
@zeitonline
·
2019年5月7日","In den vergangenen Jahren ist #Afrika zu einem Schwerpunkt von Angela Merkels Außenpolitik geworden. #China #Migration
zeit.de
Afrika: Die Zukunft Europas liegt auch in Afrika
China, Terrorismus, Migration: Kanzlerin Angela Merkel hat gute Gründe dafür, gleich drei Staaten der afrikanischen Sahelzone zu besuchen.
7
6
15",,7,6,15,[],https://twitter.com/zeitonline/status/1125633562345181184
ZEIT ONLINE,@zeitonline,2019-05-06T05:29:19.000Z,"ZEIT ONLINE
@zeitonline
·
2019年5月6日","China hat 2,18 Millionen Soldaten, die EU 1,68 und die USA 1,28 Millionen – gibt aber am meisten für Verteidigung aus. Eine Übersicht der Weltmächte EU, USA und China in Grafiken
zeit.de
Europäische Union: Weltmächte im Vergleich
Wirtschaftlich kann die Europäische Union mit den USA und China mithalten. Aber wie stark sind die 28 EU-Länder in anderen Bereichen? Eine Übersicht in Grafiken
6
18
29",,6,18,29,[],https://twitter.com/zeitonline/status/1125271300065439744
ZEIT ONLINE,@zeitonline,2019-05-13T12:37:46.000Z,"ZEIT ONLINE
@zeitonline
·
2019年5月13日","China kündigt Zölle auf US-Produkte an
zeit.de
Handelsstreit mit USA: China kündigt Zölle auf US-Produkte an
Auf die Zollerhöhung der USA folgt Chinas Antwort: Ab Juni sollen für US-Waren im Wert von 60 Milliarden Dollar Sonderabgaben von bis zu 25 Prozent anfallen.
1
5
6",,1,5,6,[],https://twitter.com/zeitonline/status/1127915841587220482
ZEIT ONLINE,@zeitonline,2019-05-14T16:36:23.000Z,"ZEIT ONLINE
@zeitonline
·
2019年5月15日","#Huawei will Europa mit #5G-Technik ausrüsten. Der Konzern bietet dafür an, mit schriftlichen Erklärungen Regierungen zu versichern, keine Spionage für #China zu betreiben. Die Bundesregierung ist skeptisch.
zeit.de
5G-Aufbau: Huawei wirbt mit No-Spy-Abkommen um Vertrauen
Der Netzwerkausrüster will Europa mit 5G-Technik ausrüsten und schriftlich versichern, dabei nicht für China zu spionieren. Die Bundesregierung ist skeptisch.
13
9
19",,13,9,19,[],https://twitter.com/zeitonline/status/1128338277377937411
ZEIT ONLINE,@zeitonline,2019-05-16T06:36:12.000Z,"ZEIT ONLINE
@zeitonline
·
2019年5月16日","Absurd: Die erstarkende chinesische #MeToo-Bewegung ist eine Folge der Ein-Kind-Politik. Die zweite Folge unserer Serie ""Lu erklärt China"" http://bit.ly/2VDVUn2 #Archiv
1
4
19",,1,4,19,[],https://twitter.com/zeitonline/status/1128912012057219072
ZEIT ONLINE,@zeitonline,2019-05-15T14:59:04.000Z,"ZEIT ONLINE
@zeitonline
·
2019年5月15日","Wie blickt eigentlich #China auf die EU? Unsere Kolumnistin Franka Lu erklärt es. #Europawahl
zeit.de
China: Die EU als permanente Provokation
Gewaltenteilung, Religionsfreiheit, Überwindung der Nation – all das will China nicht. Deshalb sieht Peking in der EU keinen Verbündeten in einer neuen Weltordnung.
1
5
6",,1,5,6,[],https://twitter.com/zeitonline/status/1128676174887100416
ZEIT ONLINE,@zeitonline,2019-05-28T05:37:39.000Z,"ZEIT ONLINE
@zeitonline
·
2019年5月28日","Es herrscht ein neuer Kalter Krieg, diesmal zwischen den #USA und #China.
zeit.de
Weltmächte: Europa muss zusehen, wo es bleibt
Zwischen den USA und China bahnt sich ein neuer Kalter Krieg an. Ohne eine einheitliche Strategie schrumpft die Europäische Union zur weltpolitischen Randerscheinung.
2
4
18",,2,4,18,[],https://twitter.com/zeitonline/status/1133245931204292608
ZEIT ONLINE,@zeitonline,2019-05-22T05:10:21.000Z,"ZEIT ONLINE
@zeitonline
·
2019年5月22日","Patriotismus für den Handelsstreit – der staatliche Kinokanal in #China pusht derzeit ein besonderes Genre: ""Wehre dich gegen Amerika und helfe Nordkorea""-Filme.
zeit.de
China: Alte Schinken gegen die Amerikaner
Bei einer Reise durchs Land sendet Xi Jinping ein Signal: China könnte im Handelsstreit auch härter. Die Menschen werden derweil mit patriotischen Filmen eingeschworen.
1
6",,,1,6,[],https://twitter.com/zeitonline/status/1131064733979881474
ZEIT ONLINE,@zeitonline,2019-06-03T16:47:05.000Z,"ZEIT ONLINE
@zeitonline
·
2019年6月4日","Repression und Zensur: Die Erinnerung an das #Tiananmen-Massaker schwindet. #China
zeit.de
Tiananmen-Massaker: Der Tag, der nicht sein darf
Seit 30 Jahren unterdrückt das Regime in China die Erinnerung an das Massaker vom 4. Juni 1989 auf dem Tiananmen-Platz. Das schürt Ängste bis nach Hongkong.
1
24
30",,1,24,30,[],https://twitter.com/zeitonline/status/1135588726145523717
ZEIT ONLINE,@zeitonline,2019-06-08T04:20:23.000Z,"ZEIT ONLINE
@zeitonline
·
2019年6月8日","Wegen legaler Steuerschlupflöcher für Digitalkonzerne wie #Facebook und #Google wirbt China für eine internationale Reform des Steuersystems.
zeit.de
G20: China wirbt für gemeinsames Digitalsteuersystem
Bei der G20-Konferenz in Fukuoka debattierten die Wirtschaftsmächte, wie Internetkonzerne gerechter besteuert werden können. China forderte eine bessere Koordinierung.
5
13
38",,5,13,38,[],https://twitter.com/zeitonline/status/1137212752479621120
ZEIT ONLINE,@zeitonline,2019-06-04T05:23:55.000Z,"ZEIT ONLINE
@zeitonline
·
2019年6月4日","Die Studentenproteste von 1989 kratzten am Machtmonopol der herrschenden Kommunisten. Also wurden sie niedergeschlagen. #Tiananmen #China
zeit.de
Am Ende kamen Panzer
Hunderttausende demonstrierten 1989 in Peking für Reformen. Ihr friedlicher Protest endete in einem Massaker, verübt von Soldaten im Auftrag der Regierung. Die Bilder
3
19
27",,3,19,27,[],https://twitter.com/zeitonline/status/1135779191113302016
ZEIT ONLINE,@zeitonline,2019-06-08T14:55:26.000Z,"ZEIT ONLINE
@zeitonline
·
2019年6月8日","Frauenfußball-WM: Deutschland gewinnt gegen China
zeit.de
Frauenfußball-WM: Norwegen gewinnt gegen Nigeria
Bei der Weltmeisterschaft in Frankreich haben die Norwegerinnen im ersten Spiel gesiegt. In der ersten Halbzeit fielen gleich drei Tore gegen Nigeria.
2
6
46",,2,6,46,[],https://twitter.com/zeitonline/status/1137372567239647232
ZEIT ONLINE,@zeitonline,2019-06-10T12:40:49.000Z,"ZEIT ONLINE
@zeitonline
·
2019年6月10日","In #Hongkong sind Hunderttausende auf die Straßen gegangen. Die Menschen protestieren gegen ein Gesetz, das #Auslieferungen nach China erlauben soll.
zeit.de
Demonstrationen und Barrikaden
Die Regierung von Hongkong will sich China beugen und ein Auslieferungsgesetz verabschieden. Hundertausende gingen dagegen auf die Straße, wie diese Bilder zeigen.
2
16
31",,2,16,31,[],https://twitter.com/zeitonline/status/1138063465673830401
ZEIT ONLINE,@zeitonline,2019-06-18T05:26:36.000Z,"ZEIT ONLINE
@zeitonline
·
2019年6月18日","Macht ist für den US-Präsidenten Marktmacht. #Handelskrieg #China #EU
zeit.de
Handelskrieg: Die Waffen des Donald Trump
Zölle, Sanktionen, schwarze Listen: Der US-Präsident setzt für seine Politik rücksichtslos ökonomische Mittel ein. Zwischen Freund und Feind macht er keinen Unterschied.
3
3
5",,3,3,5,[],https://twitter.com/zeitonline/status/1140853295260557312
ZEIT ONLINE,@zeitonline,2019-06-18T11:03:23.000Z,"ZEIT ONLINE
@zeitonline
·
2019年6月18日","Nach den #Massenprotesten in #Hongkong entschuldigt sich die Regierungschefin Carrie Lam für das umstrittene Auslieferungsgesetz mit #China. Komplett zurückziehen will sie es nicht.
zeit.de
Massenproteste: Hongkongs Regierung bittet um Verzeihung
Hongkongs Regierungschefin Carrie Lam hat sich nach Protesten für das umstrittene Auslieferungsgesetz entschuldigt. Endgültig gestoppt wird es aber nicht.
1
5
7",,1,5,7,[],https://twitter.com/zeitonline/status/1140938050647797760
ZEIT ONLINE,@zeitonline,2019-06-11T16:14:30.000Z,"ZEIT ONLINE
@zeitonline
·
2019年6月12日","#China übt zunehmend mehr Einfluss in #Hongkong aus. Deswegen gehen die Menschen dort auf die Straße.
zeit.de
Hongkong: Mit Angst gegen die Freiheit
Hunderttausende Hongkonger haben gegen ein Auslieferungsgesetz protestiert. Sie wissen: Schon die Drohung mit Chinas Justiz schränkt die Autonomie des Stadtstaates ein.
6
13",,,6,13,[],https://twitter.com/zeitonline/status/1138479631470923777
ZEIT ONLINE,@zeitonline,2019-06-27T15:39:39.000Z,"ZEIT ONLINE
@zeitonline
·
2019年6月27日","Wie realistisch ist das denn? Gastgeber #Japan will auf dem #G20-Gipfel vor allem die Rückkehr zu einer internationalen Ordnung vorantreiben, die auf Regeln beruht. Die sollen für alle gelten. Und alle sollen sich daran halten. #USA #China #Iran
zeit.de
G20: Der diplomatischste Gastgeber
Handelskonflikte, Iran-Krise, Klimakrise: Der G20-Gipfel findet unter keinen guten Voraussetzungen statt. Wenn jemand vermitteln kann, dann Japans Premier Shinzo Abe.
4
5
19",,4,5,19,[],https://twitter.com/zeitonline/status/1144269064031916033
ZEIT ONLINE,@zeitonline,2019-06-20T10:56:05.000Z,"ZEIT ONLINE
@zeitonline
·
2019年6月20日","In #China hat sich der ehemalige Interpol-Chef #Meng Hongwei der Korruption schuldig bekannt.
zeit.de
China: Ehemaliger Interpol-Chef bekennt sich der Korruption schuldig
Die chinesischen Behörden werfen Meng Hongwei vor, staatliche Gelder verschwendet zu haben. Nun soll der Ex-Chef von Interpol Bestechlichkeit gestanden haben.
3
5
7",,3,5,7,[],https://twitter.com/zeitonline/status/1141660988443435008
ZEIT ONLINE,@zeitonline,2019-07-01T03:56:13.000Z,"ZEIT ONLINE
@zeitonline
·
2019年7月1日","In #Hongkong haben tausende Demonstranten gegen die Feierlichkeiten zum 22. Jahrestag der Rückgabe der ehemaligen britischen Kronkolonie an #China protestiert.
zeit.de
Hongkong: Polizei geht gewaltsam gegen Proteste in Hongkong vor
Die Feierlichkeiten zur Wiederangliederung an China wurden von Protesten begleitet. Demonstranten griffen ein Regierungsgebäude an, die Polizei setzte Pfefferspray ein.
2
5",,,2,5,[],https://twitter.com/zeitonline/status/1145541591022604288
ZEIT ONLINE,@zeitonline,2019-07-04T04:04:42.000Z,"ZEIT ONLINE
@zeitonline
·
2019年7月4日","Nicht nur bei der Einreise in die #USA und #China kann es sein, dass Grenzbeamte einen Blick auf Smartphones und Laptops werfen wollen. Eine unangenehme Situation für Urlauber und Reisende. Wir erklären, wie man seine Daten schützen kann.
zeit.de
Reisen: So schützen Sie Ihre Daten an der Grenze
USA, China, Neuseeland: In vielen Ländern müssen Einreisende ihre Laptops und Handys entsperren. Das ist unangenehm – aber man kann Vorkehrungen treffen.
11
53
59",,11,53,59,[],https://twitter.com/zeitonline/status/1146630889494994945
ZEIT ONLINE,@zeitonline,2019-07-04T06:56:38.000Z,"ZEIT ONLINE
@zeitonline
·
2019年7月4日","Rassismus habe in #China eine lange Tradition, und diese werde gerade modernisiert, schreibt Franka Lu in unserer Serie über das moderne China. http://bit.ly/2NGf87E #Archiv
3
12
19",,3,12,19,[],https://twitter.com/zeitonline/status/1146674158023184392
ZEIT ONLINE,@zeitonline,2019-07-03T05:37:14.000Z,"ZEIT ONLINE
@zeitonline
·
2019年7月3日","Die Bürgerinnen und Bürger von #Hongkong werden ab 2047 nur in einer freien und offenen Stadt leben können, wenn #China selbst bis dahin ein freies und offenes Land wird. Wenig spricht für diese Hoffnung, aber sie ist die einzige, die realistisch ist.
zeit.de
Proteste gegen China: Hongkong kann diesen Kampf nicht gewinnen
Noch 28 Jahre, dann verliert die frühere Kolonie ihren Sonderstatus und wird eine ganz normale chinesische Stadt. Trotz der Proteste: Es gibt wenig Hoffnung auf Freiheit.
1
11
16",,1,11,16,[],https://twitter.com/zeitonline/status/1146291791429341190
ZEIT ONLINE,@zeitonline,2019-07-14T15:09:43.000Z,"ZEIT ONLINE
@zeitonline
·
2019年7月14日","Die Proteste in #Hongkong und Umland halten an. Mittlerweile richten sich die Forderungen der Demonstrierenden nicht nur gegen das ursprünglich geplante Auslieferungsgesetz, sondern auch gegen Regierungschefin Carrie #Lam und die Abhängigkeit zu #China.
zeit.de
Massenproteste: ""Carrie Lam, fahr zur Hölle""
Das geplante Auslieferungsgesetz mit China liegt auf Eis, dennoch dauern die Proteste in Hongkong an. Tausende Menschen demonstrierten nun auch gegen Polizeigewalt.
4
4
21",,4,4,21,[],https://twitter.com/zeitonline/status/1150422125297250304
ZEIT ONLINE,@zeitonline,2019-07-15T10:44:39.000Z,"ZEIT ONLINE
@zeitonline
·
2019年7月15日","#Europa habe #China lange bloß als Markt und als Produktionsstandort betrachtet, schreibt Franka Lu. Nun müsse es sich der fundamentalen Herausforderungen stellen, die sich durch den Aufstieg des Landes zu einer nichtdemokratischen Großmacht ergeben.
zeit.de
China: Europa darf sich nicht aufgeben
Chinas Macht und Wirtschaftskraft wachsen weiter. Doch das sollte nicht dazu führen, dass westliche Demokratien sich den Vorstellungen des Regimes in Peking anpassen.
3
8
15",,3,8,15,[],https://twitter.com/zeitonline/status/1150717809443442689
ZEIT ONLINE,@zeitonline,2019-07-29T14:17:42.000Z,"ZEIT ONLINE
@zeitonline
·
2019年7月29日","Chinas #Taiwan-Politik verschärft Spannungen auch mit den USA. #China #Manöver
zeit.de
Militärmanöver: China plant Manöver nahe der Küste Taiwans
Die Spannungen in Südostasien nehmen zu: Streitkräfte der Volksrepublik China wollen noch in dieser Woche vor Taiwan Militärmanöver abhalten.
3
5
2",,3,5,2,[],https://twitter.com/zeitonline/status/1155844855865761792
ZEIT ONLINE,@zeitonline,2019-07-27T08:04:17.000Z,"ZEIT ONLINE
@zeitonline
·
2019年7月27日","Roger Schmidt führte Bayer Leverkusen dreimal in die Champions League. In China, wo er den Spitzenclub Beijing Guoan trainiert, ist er nun Teil eines weit größeren Plans. http://bit.ly/2JUYIEy #Abo
zeit.de
Roger Schmidt: Er ist Teil eines größeren Plans
In Deutschland kannte man Roger Schmidt vor allem für seinen Tempofußball. In China soll er seit zwei Jahren Pekings Erstligisten voranbringen. Wie geht es voran?
2
6",,,2,6,[],https://twitter.com/zeitonline/status/1155026105268625408
ZEIT ONLINE,@zeitonline,2019-08-01T15:32:18.000Z,"ZEIT ONLINE
@zeitonline
·
2019年8月1日","#China droht den Demonstrierenden in #Hongkong
zeit.de
China: Propagandavideo soll Honkongs Protestbewegung einschüchtern
Panzer, Militärhubschrauber und Granatwerfer: Das chinesische Militär hat ein Video veröffentlicht, um den Demonstranten in Hongkong seine Stärke zu demonstrieren.
2
7
6",,2,7,6,[],https://twitter.com/zeitonline/status/1156950792777191427
ZEIT ONLINE,@zeitonline,2019-08-03T18:24:51.000Z,"ZEIT ONLINE
@zeitonline
·
2019年8月4日","#China will die Einreise von zwei Ausschüssen des Deutschen Bundestages verhindern.
zeit.de
Delegationsreisen: Bundestagsabgeordnete in China unerwünscht
Der Menschenrechtsausschuss des Bundestages und der Ausschuss Digitale Agenda planen Delegationsreisen nach China. Doch die Regierung will ihre Einreise verhindern.
15
9
16",,15,9,16,[],https://twitter.com/zeitonline/status/1157718992041193472
ZEIT ONLINE,@zeitonline,2019-08-01T17:39:24.000Z,"ZEIT ONLINE
@zeitonline
·
2019年8月2日","US-Präsident Donald Trump kündigt neue Zölle gegen China an
zeit.de
US-Präsident : Donald Trump kündigt neue Zölle gegen China an
Die USA weiten ihre Sonderzölle auf Importe aus China aus. Präsident Trump sprach von einem ""kleinen zusätzlichen Zoll von 10 Prozent"" und drohte mit weiteren Erhöhungen.
8
9
8",,8,9,8,[],https://twitter.com/zeitonline/status/1156982775762837504
ZEIT ONLINE,@zeitonline,2019-08-06T16:07:27.000Z,"ZEIT ONLINE
@zeitonline
·
2019年8月7日","Vor 50 Jahren wurden die ersten #Fachhochschulen gegründet. Inzwischen kopieren andere Länder das Erfolgsmodell – bis nach Ägypten, Kenia und China.
zeit.de
Fachhochschulen : Von der Ostsee in die Welt
Vor 50 Jahren wurden in Norddeutschland die ersten Fachhochschulen gegründet. Seitdem wurde das praxisnahe Modell weltweit immer beliebter. Eine Übersicht in Grafiken
5
3
13",,5,3,13,[],https://twitter.com/zeitonline/status/1158771578630541314
ZEIT ONLINE,@zeitonline,2019-08-13T23:51:40.000Z,"ZEIT ONLINE
@zeitonline
·
2019年8月14日","Der Beziehung zwischen #China und den #USA ist angespannt. Am Morgen traf sich US-Außenminister #Pompeo mit dem obersten chinesischen Außenpolitiker, um darüber zu sprechen. Man habe einen „ausgedehnten Meinungsaustausch“ gehabt, hieß es im Anschluss.
zeit.de
Angespannte Beziehung: China verweigert US-Kriegsschiffen Aufenthalt in Hongkonger Hafen
China lässt laut den USA zwei US-Kriegsschiffe nicht in den Hafen von Hongkong. Anfragen seien ohne Angaben von Gründen abgelehnt worden.
2
3
3",,2,3,3,[],https://twitter.com/zeitonline/status/1161425117538377728
ZEIT ONLINE,@zeitonline,2019-08-15T23:55:12.000Z,"ZEIT ONLINE
@zeitonline
·
2019年8月16日","Der bekannte Aktivist #JoshuaWong befürchtet ein Eingreifen des chinesischen Militärs in #Hongkong; er fordert Kanzlerin #Merkel auf, Druck auf #China auszuüben.
zeit.de
Hongkong: China droht Aktivisten indirekt mit ""gewaltsamem Vorgehen""
Kurz vor neuen Protesten in Hongkong werden die Töne aus Peking drastischer. Paramilitärs aus China trainieren an der Grenze. Die Aktivisten bitten das Ausland um Hilfe.
19
16
38",,19,16,38,[],https://twitter.com/zeitonline/status/1162150780964605954
ZEIT ONLINE,@zeitonline,2019-08-09T13:22:06.000Z,"ZEIT ONLINE
@zeitonline
·
2019年8月9日","Bislang verlaufen die Proteste in #Hongkong friedlich. Das ganze Wochenende über soll es zu Demonstrationen kommen. #China
zeit.de
Hongkong: Demonstranten blockieren Flughafen mit Sitzstreik
Obwohl Chinas Regierung sie gewarnt hatte, protestieren Hunderte Menschen am Flughafen von Hongkong. Sie wollen ""mehr Leute wissen lassen, was passiert"".
2
8
15",,2,8,15,[],https://twitter.com/zeitonline/status/1159817128322707457
ZEIT ONLINE,@zeitonline,2019-08-16T17:50:26.000Z,"ZEIT ONLINE
@zeitonline
·
2019年8月17日","""Die Kommunisten brauchen #Hongkong "", meint der Professor für #China-Studien, Willy Lam. Deswegen werde die Armee nicht eingreifen.
zeit.de
Proteste in Hongkong: ""Peking hofft auf mehr Gewalt""
Die Demonstranten in Hongkong laufen Gefahr, zu weit zu gehen, sagt China-Kenner Willy Lam. Die Stimmung in der Stadt könnte kippen, darauf hofft das Regime in Peking.
5
4
10",,5,4,10,[],https://twitter.com/zeitonline/status/1162421370552291329
ZEIT ONLINE,@zeitonline,2019-08-24T06:33:16.000Z,"ZEIT ONLINE
@zeitonline
·
2019年8月24日","Was passiert eigentlich in China? Wie tickt das Land? Wie leben und denken die 1,4 Milliarden Menschen über soziale Medien, Feminismus, Rassismus? Darüber berichtet Franka Lu in unserer neuen Serie . #Archiv http://bit.ly/2zkbvdE
11
30
71",,11,30,71,[],https://twitter.com/zeitonline/status/1165150062030327809
ZEIT ONLINE,@zeitonline,2019-08-21T08:25:04.000Z,"ZEIT ONLINE
@zeitonline
·
2019年8月21日","Das Parlament in #China verweigert weiterhin, die gleichgeschlechtliche Ehe zu legalisieren.
zeit.de
Homosexualität: Chinas Parlament lehnt gleichgeschlechtliche Ehe ab
In China dringen Aktivisten auf die Legalisierung der gleichgeschlechtlichen Ehe. Die Position des Parlaments bleibt unverändert: Eine Ehe gelte zwischen Mann und Frau.
13
9
20",,13,9,20,[],https://twitter.com/zeitonline/status/1164091033875079168
ZEIT ONLINE,@zeitonline,2019-08-20T14:59:07.000Z,"ZEIT ONLINE
@zeitonline
·
2019年8月20日","Ein Mitarbeiter des britischen Konsulats in #Hongkong ist laut Medienberichten nicht von einer Dienstreise nach #China zurückgekehrt.
zeit.de
China: Mitarbeiter des britischen Außenministeriums in China vermisst
Ein Mitarbeiter des britischen Konsulats in Hongkong ist nicht von einer Dienstreise nach China zurückgekehrt. Mehrere Medien berichten von seiner Festnahme.
5
15",,,5,15,[],https://twitter.com/zeitonline/status/1163827808512151553
ZEIT ONLINE,@zeitonline,2019-08-23T04:03:14.000Z,"ZEIT ONLINE
@zeitonline
·
2019年8月23日","#Youtube sperrt mehrere Kanäle wegen Videos zu den Protesten in #Hongkong. Die koordiniert hochgeladenen Videos würden Stimmung gegen die Demokratiebewegung machen. #Twitter und #Facebook hatten #China zuvor eine Manipulationskampagne vorgeworfen.  https://zeit.de/politik/ausland/2019-08/youtube-sperrt-kanaele-wegen-propaganda-china-proteste-hongkong…
7
15",,,7,15,[],https://twitter.com/zeitonline/status/1164749914775015428
ZEIT ONLINE,@zeitonline,2019-08-29T16:27:35.000Z,"ZEIT ONLINE
@zeitonline
·
2019年8月30日","Mit Importzöllen wollte US-Präsident Donald #Trump heimische Arbeitsplätze sichern. Doch das klappt nicht, wie sich am Beispiel der #Stahlindustrie zeigt. #Handelsstreit #China
zeit.de
Handelsstreit: Ein Schutzschirm, der nicht schützt
Mit Importzöllen auf ausländische Produkte wollte der US-Präsident Arbeitsplätze im Inland schaffen. Doch anders als es zunächst schien, geht diese Politik nicht auf.
2
7
9",,2,7,9,[],https://twitter.com/zeitonline/status/1167111565205749760
ZEIT ONLINE,@zeitonline,2019-09-04T00:53:30.000Z,"ZEIT ONLINE
@zeitonline
·
2019年9月4日","Kurz vor ihrer #China Reise hat #Merkel einen Brief von Aktivisten aus #Hongkong bekommen.
zeit.de
Hongkong: Aktivisten bitten Angela Merkel um ein Treffen
Kurz vor ihrer Reise nach China hat die Bundeskanzlerin einen offenen Brief der Anführer der Demokratiebewegung in Hongkong bekommen. Diese hoffen auf ihre Unterstützung.
6
7
21",,6,7,21,[],https://twitter.com/zeitonline/status/1169050822824607746
ZEIT ONLINE,@zeitonline,2019-09-06T16:42:39.000Z,"ZEIT ONLINE
@zeitonline
·
2019年9月7日","Kaum ein Land traut sich noch, Kritik am KP-Staat in #China zu äußern. Dabei ist die Gelegenheit da. #Merkel
zeit.de
China: Bitte deutlicher, Frau Merkel!
Die Kanzlerin könnte in China klarer für die Belange demokratischer Gesellschaften eintreten. Die Gelegenheit ist günstig, die Führung in Peking steckt in der Defensive.
7
12
26",,7,12,26,[],https://twitter.com/zeitonline/status/1170014457533272064
ZEIT ONLINE,@zeitonline,2019-09-06T02:21:40.000Z,"ZEIT ONLINE
@zeitonline
·
2019年9月6日","Angela #Merkel ist in #China angekommen. Ortsansässige deutsche Journalisten wurden jedoch von der Pressekonferenz ausgeschlossen.
zeit.de
China: Journalisten bei Merkel-Besuch in Peking ausgeschlossen
China verbot in Peking ansässigen deutschen Journalisten, die Pressekonferenz von Angela Merkel und Premier Li Keqiang zu besuchen. Als Grund gab man Kapazitätsgründe an.
12
21
21",,12,21,21,[],https://twitter.com/zeitonline/status/1169797785568325632
ZEIT ONLINE,@zeitonline,2019-09-11T03:50:54.000Z,"ZEIT ONLINE
@zeitonline
·
2019年9月11日","China schäumt, weil Außenminister Maaß den Hongkonger Demokratieaktivisten Joshua Wong getroffen hat. Die Bundesregierung sollte das gelassen zur Kenntnis nehmen.
zeit.de
Hongkong: Freiheit und Demokratie sind unteilbar
Für Aktivisten wie den Hongkonger Joshua Wong hält das Grundgesetz das politische Asyl bereit. Die Bundesregierung darf sich von China nicht einschüchtern lassen.
36
35
96",,36,35,96,[],https://twitter.com/zeitonline/status/1171632181824937985
ZEIT ONLINE,@zeitonline,2019-09-10T05:25:10.000Z,"ZEIT ONLINE
@zeitonline
·
2019年9月10日","Zu glauben, dass die Wirtschaft das Regime in #China zur Einsicht und Umkehr bringen könnte, was ja selbst die Politik nicht vermag, ist eine naive Illusion, schreibt Theo Sommer. #hongkong
zeit.de
Hongkong: China wird sich nicht belehren lassen
Der Westen kann nicht wegschauen in Hongkong. Aber viel mehr als hinschauen ist auch nicht drin. Wenn China auf Gewalt setzen sollte, wird niemand zu Hilfe eilen.
15
12
19",,15,12,19,[],https://twitter.com/zeitonline/status/1171293516431003648
ZEIT ONLINE,@zeitonline,2019-09-11T14:35:00.000Z,"ZEIT ONLINE
@zeitonline
·
2019年9月11日","Der ""Zwischenfall"" werde negative Konsequenzen für die bilateralen Beziehungen haben: Wegen eines Treffens von Heiko #Maas mit Joshua #Wong hat #China den deutschen Botschafter in Peking einbestellt. #Hongkong
zeit.de
Joshua Wong: China bestellt deutschen Botschafter in Peking ein
Weil Heiko Maas den Hongkonger Aktivisten Joshua Wong getroffen hat, musste der deutsche Botschafter in Peking erscheinen. Der ""Zwischenfall"" werde negative Folgen haben.
29
11
12",,29,11,12,[],https://twitter.com/zeitonline/status/1171794274809274372
ZEIT ONLINE,@zeitonline,2019-09-10T17:24:43.000Z,"ZEIT ONLINE
@zeitonline
·
2019年9月11日","Das Bildungssystem in #China ist auf Aussortieren ausgerichtet, vom Kindergarten bis zur Universität. Kinder, die da nicht mitkommen, haben wenige Chancen im Leben. Deshalb ist der Druck auf sie enorm – gerade von den eigenen Eltern.
zeit.de
Bildung in China: Die Kinder müssen bis zum Mond fliegen, mindestens
Bildung hat in China einen enormen Stellenwert: Mittelschichtfamilien etwa tun alles, um den Nachwuchs zu fördern. Das hat Folgen – für Kinder, Eltern, die Gesellschaft.
11
15
27",,11,15,27,[],https://twitter.com/zeitonline/status/1171474598400946176
ZEIT ONLINE,@zeitonline,2019-09-18T05:30:52.000Z,"ZEIT ONLINE
@zeitonline
·
2019年9月18日","Die Welt schaut nicht mehr voller Bewunderung auf #China. Sie geht auf Distanz. #5v8
zeit.de
70. Jahrestag: Nach innen repressiv, nach außen immer aggressiver
Vor den Feiern zum 70. Jahrestag der Volksrepublik zeigt sich China nervös und unduldsam. Das bekam soeben Deutschland zu spüren. Dem Westen fehlt eine gemeinsame Linie.
19
14
33",,19,14,33,[],https://twitter.com/zeitonline/status/1174194051945566209
ZEIT ONLINE,@zeitonline,2019-09-25T08:41:07.000Z,"ZEIT ONLINE
@zeitonline
·
2019年9月25日","Nach nur vier Jahren ist der neue Flughafen in der Nähe von #Peking fertiggestellt. Es soll zunächst 45 Millionen Passagiere im Jahr abfertigen, später 100 Millionen. #China #Daxing
zeit.de
Daxing: China eröffnet neuen Mega-Flughafen
""Berlin kann von Peking lernen"", hieß es vor der Eröffnung des neuen Airports. Nun ist er fertig – nach nur vier Jahren Bauzeit. 100 Millionen Passagiere soll er fassen.
23
34
59",,23,34,59,[],https://twitter.com/zeitonline/status/1176778646595526658
ZEIT ONLINE,@zeitonline,2019-10-04T09:55:06.000Z,"ZEIT ONLINE
@zeitonline
·
2019年10月4日","In diesen Tagen feiert die Volksrepublik China ihr 70-jähriges Bestehen. Zusammengehalten wir das Ganze auch durch ein Überwachungssystem, das man als digitales Mittelalter bezeichnen kann. #China70 http://bit.ly/2LKth0D #Abo #Archiv
zeit.de
China: Wir sehen dich!
Chinas Regime baut den perfekten digitalen Überwachungsstaat auf. Wer Hintergrundchecks nicht besteht, verliert. Warum haben die Bürgerinnen und Bürger nichts dagegen?
4
6
7",,4,6,7,[],https://twitter.com/zeitonline/status/1180058756912209920
ZEIT ONLINE,@zeitonline,2019-10-04T06:38:09.000Z,"ZEIT ONLINE
@zeitonline
·
2019年10月4日","Donald #Trump stelle seinen persönlichen Vorteil über die Verteidigung der Integrität unserer Wahlen, sagte Nancy Pelosi. Der US-Präsident hat #China aufgerufen Untersuchungen gegen Joe #Biden und dessen Sohn aufzunehmen.
zeit.de
Donald Trump: ""Dieser Präsident hat Muffensausen""
Die Demokraten kritisieren Donald Trumps Aufforderung an China, gegen Joe Biden zu ermitteln. Es sei Machtmissbrauch, der die Sicherheit gefährde, sagte Biden.
9
13
33",,9,13,33,[],https://twitter.com/zeitonline/status/1180009192612155392
ZEIT ONLINE,@zeitonline,2019-10-01T04:27:25.000Z,"ZEIT ONLINE
@zeitonline
·
2019年10月1日","Vom verarmten Agrarland zum digitalen #Überwachungsstaat: #China zwingt den Westen zur Einheit – und dazu, über ein paar Dinge nachzudenken. #china70 https://zeit.de/politik/ausland/2019-09/70-jahre-volksrepublik-china-diktatur-wirtschaftsmacht-5vor8…
9
8
12",,9,8,12,[],https://twitter.com/zeitonline/status/1178889126692753408
ZEIT ONLINE,@zeitonline,2019-10-02T18:13:01.000Z,"ZEIT ONLINE
@zeitonline
·
2019年10月3日","Fair oder nicht? #China zwingt ausländische Hersteller erst, im Land zu produzieren. Dann lernt es von ihnen. Schnell. Zum Beispiel, wie man Hochgeschwindigkeitszüge baut. #China70
zeit.de
Hochgeschwindigkeitszug: 1.300 Kilometer in viereinhalb Stunden
Gut kopiert: Vor zehn Jahren hing China noch von ausländischem Know-how ab. Heute baut das Land den schnellsten Zug der Welt – mit Technologie von Siemens.
29
36
77",,29,36,77,[],https://twitter.com/zeitonline/status/1179459286545682435
ZEIT ONLINE,@zeitonline,2019-10-09T10:33:58.000Z,"ZEIT ONLINE
@zeitonline
·
2019年10月9日","#China kritisiert die jüngsten Sanktionen der #USA wegen des Umgangs mit #Uiguren
zeit.de
Handelskonflikt: China empört über Sanktionen der USA wegen Uiguren
Die chinesische Regierung hat die US-Sanktionen wegen der Unterdrückung von muslimischen Minderheiten kritisiert. Das Land werde sich ""resolut"" schützen.
4
3
2",,4,3,2,[],https://twitter.com/zeitonline/status/1181880476925120512
ZEIT ONLINE,@zeitonline,2019-10-17T18:37:27.000Z,"ZEIT ONLINE
@zeitonline
·
2019年10月18日","Ray Wong, Freiheitsaktivist aus China, im Exil in Deutschland, warnt die Bundesregierung: ""Dieses Land ist drauf und dran, eine folgenschwere Fehlentscheidung zu treffen."" Keinesfalls dürfe man #Huawei am #5G-Netzausbau hierzulande teilhaben lassen.
zeit.de
5G-Netz: Seid nicht naiv!
Huawei sollte das deutsche 5G-Netz nicht bauen dürfen. Lesen Sie hier noch mal, warum China die Schwächen liberaler Demokratien ausnutzt.
5
20
31",,5,20,31,[],https://twitter.com/zeitonline/status/1184901251731021825
ZEIT ONLINE,@zeitonline,2019-10-13T05:14:43.000Z,"ZEIT ONLINE
@zeitonline
·
2019年10月13日","Manchen Protestierenden in #Hongkong geht es nicht mehr nur um das Recht auf freie Wahlen. Ohne es bislang offen zu sagen, streben sie augenscheinlich etwas viel Weitergehendes an: die Unabhängigkeit von China. #HongkongProtests
zeit.de
Hongkong: Der lange, dunkle Weg
Die Proteste in Hongkong verschärfen sich weiter, ein Teil der Demonstranten scheint sich zu radikalisieren. Wer sind sie – und für welche Zukunft Hongkongs kämpfen sie?
5
5
29",,5,5,29,[],https://twitter.com/zeitonline/status/1183249687777894402
ZEIT ONLINE,@zeitonline,2019-10-08T06:11:24.000Z,"ZEIT ONLINE
@zeitonline
·
2019年10月8日","Wer China als Feind des Westens verurteilt, muss mit dem Zorn der Chinesen rechnen. Denn sie vertrauen auf ihr Regime und glauben daran, zu Recht eine Weltmacht zu sein, schreibt unsere Autorin. http://bit.ly/30WZyGm #Archiv
zeit.de
China: Die Demütigung eines uralten Reichs
Wer China als Feind des Westens verurteilt, muss mit dem Zorn der Chinesen rechnen. Denn sie vertrauen auf ihr Regime und glauben daran, zu Recht eine Weltmacht zu sein.
16
12
29",,16,12,29,[],https://twitter.com/zeitonline/status/1181452009418956800
ZEIT ONLINE,@zeitonline,2019-10-23T12:48:07.000Z,"ZEIT ONLINE
@zeitonline
·
2019年10月23日","Der monatelange Streit um das Auslieferungsgesetz in #Hongkong ist beendet. #China
zeit.de
Hongkong: Regierung zieht Auslieferungsgesetz offiziell zurück
Die Behörden des halbautonomen Stadtstaates haben den Streit um das umstrittene Gesetz jetzt beendet. Monatelang hatten Hunderttausende dagegen protestiert.
1
12
48",,1,12,48,[],https://twitter.com/zeitonline/status/1186987666233012224
ZEIT ONLINE,@zeitonline,2019-10-24T11:38:07.000Z,"ZEIT ONLINE
@zeitonline
·
2019年10月24日","Das Europaparlament ehrt einen der bekanntesten Vertreter der uigurischen Minderheit in China. Ilham #Tohti sitzt in Haft. #Sacharow-Preis
zeit.de
Ilham Tohti: Sacharow-Preis geht an uigurischen Regierungskritiker
Ilham Tohti ist einer der bekanntesten Vertreter der muslimischen Minderheit in China. Der chinesisch-uigurische Regierungskritiker wurde zu lebenslanger Haft verurteilt.
2
17
20",,2,17,20,[],https://twitter.com/zeitonline/status/1187332439678558208
ZEIT ONLINE,@zeitonline,2019-10-22T06:36:43.000Z,"ZEIT ONLINE
@zeitonline
·
2019年10月22日","Verkauft die Kanzlerin unsere Daten jetzt an China? Der Verdacht steht im Raum, seit bekannt ist, dass die Bundesregierung chinesische Netzausrüster wie Huawei nicht pauschal vom Ausbau des mobilen Internets in Deutschland ausschließen will. http://bit.ly/2pM5l4r #Abo
zeit.de
Huawei: Saugt China damit Daten ab?
Der chinesische Konzern Huawei könnte das Internet hierzulande nun doch ausbauen. Der 5G-Netzausbau ist eilig. Doch deshalb Chinas Staat zu trauen, ist gefährlich.
32
19
33",,32,19,33,[],https://twitter.com/zeitonline/status/1186531811440168960
ZEIT ONLINE,@zeitonline,2019-10-18T14:09:21.000Z,"ZEIT ONLINE
@zeitonline
·
2019年10月18日","Gastbeitrag: Mit ihrer #Digitalpolitik läuft die Bundesregierung nicht mehr nur den #USA oder China hinterher – auch Frankreich zieht davon: Das Land hat ""Tech Visa"" eingeführt, die Bürokratie vereinfacht und Investitionen angeschoben. Ein Vorbild?
zeit.de
Digitalpolitik: Mehr Macron wagen!
Deutsche Politiker feiern digitale Firmen, tun aber nur wenig für sie. Dabei wäre eine kluge Digitalpolitik gar nicht so schwer – wie ein Blick nach Frankreich zeigt.
8
8
12",,8,8,12,[],https://twitter.com/zeitonline/status/1185196168927678465
ZEIT ONLINE,@zeitonline,2019-11-03T09:17:12.000Z,"ZEIT ONLINE
@zeitonline
·
2019年11月3日","Nicht nur bei der Einreise in die #USA und #China kann es sein, dass Grenzbeamte einen Blick auf Smartphones und Laptops werfen wollen. Eine unangenehme Situation für Urlauber und Reisende. Wir erklären, wie man seine Daten schützen kann. http://bit.ly/2pDjwJp #Archiv
zeit.de
Reisen: So schützen Sie Ihre Daten an der Grenze
USA, China, Neuseeland: In vielen Ländern müssen Einreisende ihre Laptops und Handys entsperren. Das ist unangenehm – aber man kann Vorkehrungen treffen.
8
26
30",,8,26,30,[],https://twitter.com/zeitonline/status/1190920853355139072
ZEIT ONLINE,@zeitonline,2019-11-05T18:05:40.000Z,"ZEIT ONLINE
@zeitonline
·
2019年11月6日","Hat Donald Trump mit seinen Zöllen gegen China wieder mehr Produktion in die USA gebracht? Eher nicht, zeigt eine Studie.
zeit.de
Handelsstreit: Donald Trumps Zölle treffen vor allem US-Verbraucher
Verbraucher in den USA bezahlen laut einer Studie mit höheren Preisen für die Politik ihrer Regierung. Die EU wiederum profitiere vom Handelsstreit mit China.
10
12
19",,10,12,19,[],https://twitter.com/zeitonline/status/1191778622962589696
ZEIT ONLINE,@zeitonline,2019-10-30T04:45:31.000Z,"ZEIT ONLINE
@zeitonline
·
2019年10月30日","Deutschland und eine Reihe weiterer Länder haben #China dafür kritisiert, #Uiguren in seinem Land zu unterdrücken.
zeit.de
China: Deutschland kritisiert Chinas Umgang mit Uiguren
Insgesamt 23 Länder fordern von China, Menschenrechte einzuhalten und Glaubensfreiheit zu tolerieren. Es gibt aber auch Staaten, die Chinas Kurs unterstützen.
13
14
37",,13,14,37,[],https://twitter.com/zeitonline/status/1189402931365322752
ZEIT ONLINE,@zeitonline,2019-11-06T06:14:14.000Z,"ZEIT ONLINE
@zeitonline
·
2019年11月6日","Mehr Berichte über die Zwangslager und ein europäischer Preis für einen uigurischen Ökonomen – gut, dass die Öffentlichkeit endlich Notiz nimmt von der Unterdrückung der #Uiguren in #China.
zeit.de
Uiguren: Die Welt nimmt Notiz von der Tragödie
Eine Million Uiguren werden in chinesischen Umerziehungslagern festgehalten. Endlich erhebt der Westen seine Stimme gegen die Unterdrückung der muslimischen Minderheit.
6
12
20",,6,12,20,[],https://twitter.com/zeitonline/status/1191961973883310080
ZEIT ONLINE,@zeitonline,2019-11-26T18:54:09.000Z,"ZEIT ONLINE
@zeitonline
·
2019年11月27日","US-Außenminister Mike #Pompeo hat #China zur sofortigen Freilassung der ""willkürlich festgenommenen"" #Uiguren aufgefordert.
zeit.de
US-Außenminister: USA fordern von China die Freilassung internierter Uiguren
US-Außenminister Mike Pompeo verlangt von China, die Unterdrückung der muslimischen Minderheit zu beenden. Rund eine Million Uiguren sollen in Lagern festgehalten werden.
8
7
17",,8,7,17,[],https://twitter.com/zeitonline/status/1199400967315378177
ZEIT ONLINE,@zeitonline,2019-11-18T12:58:27.000Z,"ZEIT ONLINE
@zeitonline
·
2019年11月18日","Unter Einsatz der ""Organe der Diktatur"" soll das Problem des muslimischen Extremismus in #China gelöst werden, forderte Staatschef Xi Jinping 2014. #Xinjiang #Uiguren
zeit.de
Uiguren: ""Keine Gnade""
Chinas Regierung hat im Nordwesten rund eine Million Muslime interniert. Nun veröffentliche Dokumente zeigen, wie die Führung die Unterdrückungsmaßnahmen umsetzt.
7
14
14",,7,14,14,[],https://twitter.com/zeitonline/status/1196412349357449217
ZEIT ONLINE,@zeitonline,2019-11-19T06:55:00.000Z,"ZEIT ONLINE
@zeitonline
·
2019年11月19日","Die Situation in #Hongkong hat sich dramatisch zugespitzt. #Europa muss sich überlegen, wie es mit einer militärischen Reaktion Chinas umgehen würde. #China
zeit.de
Proteste in Hongkong: Europa braucht einen Plan für den Ernstfall
Die Proteste in Hongkong werden immer gewalttätiger. Europa muss sich dringend Gedanken machen, wie es mit einer militärischen Reaktion Chinas umzugehen gedenkt.
28
19
39",,28,19,39,[],https://twitter.com/zeitonline/status/1196683273671495680
ZEIT ONLINE,@zeitonline,2019-11-20T10:59:06.000Z,"ZEIT ONLINE
@zeitonline
·
2019年11月20日","Mehr als eine Million #Uiguren und Angehörige anderer muslimischer Minderheiten sollen derzeit in sogenannten Umerziehungslagern in #China interniert sein. Der Präsident des uigurischen Weltkongresses fordert auch deshalb internationale Sanktionen.
zeit.de
Dolkun Isa: Uiguren-Vertreter fordert internationale Sanktionen gegen China
Geheime Papiere zeigen, wie gezielt die chinesische Führung gegen Minderheiten im Land vorgeht. Besonders betroffen sind die Uiguren. Sie hoffen nun auf Hilfe von außen.
5
24
25",,5,24,25,[],https://twitter.com/zeitonline/status/1197107090004873217
ZEIT ONLINE,@zeitonline,2019-12-02T17:15:43.000Z,"ZEIT ONLINE
@zeitonline
·
2019年12月3日","Rund 55 Milliarden Euro kostete das Großprojekt ""Kraft Sibiriens"". Damit ist die neue Gasleitung zwischen Sibirien und #China fünfmal so teuer wie die Ostseepipeline. #Russland
zeit.de
""Kraft Sibiriens"": Russland und China nehmen gemeinsame Gasleitung in Betrieb
Die 3.000 Kilometer lange Pipeline soll Gas von Sibirien nach China leiten. Damit solle die Wirtschaftsbeziehung zwischen beiden Ländern gestärkt werden.
1
1
5",,1,1,5,[],https://twitter.com/zeitonline/status/1201550525361270784
ZEIT ONLINE,@zeitonline,2019-12-04T06:37:28.000Z,"ZEIT ONLINE
@zeitonline
·
2019年12月4日","Das US-Repräsentantenhaus hat einem Gesetzentwurf zugestimmt, der die Unterdrückung der #Uiguren in #China beenden soll. Der Entwurf ist nochmal deutlich stärker als der des Senats.
zeit.de
Uiguren: US-Kongress fordert Sanktionen gegen China
Das US-Repräsentantenhaus hat ein Gesetz verabschiedet, das die Menschenrechte von Minderheiten in China stärken soll und gegen Verstöße vorgeht. China reagierte empört.
11
472
508",,11,472,508,[],https://twitter.com/zeitonline/status/1202114680212402176
ZEIT ONLINE,@zeitonline,2019-12-04T11:16:08.000Z,"ZEIT ONLINE
@zeitonline
·
2019年12月4日","Sind wir zu abhängig von China, 
@HeikoMaas
? Der Außenminister im 
@DieZEIT
-Interview: http://bit.ly/2OPK3Nm #Abo
zeit.de
Heiko Maas: ""Wir dürfen nicht naiv sein""
Außenminister Heiko Maas will den Einfluss von Huawei mit einer Gesetzesänderung begrenzen. Ein Gespräch über China, Menschenrechte und die Rolle deutscher Unternehmen.
19
483
485",,19,483,485,[],https://twitter.com/zeitonline/status/1202184809495306240
ZEIT ONLINE,@zeitonline,2019-12-06T12:48:01.000Z,"ZEIT ONLINE
@zeitonline
·
2019年12月6日","China statt Wuppertal: In Deutschland werden keine #Thermomix-Geräte mehr gebaut.
zeit.de
Vorwerk: Thermomix-Produktion in Deutschland endet
Vorwerk stellt die Thermomix-Produktion in Deutschland ein. 200 Arbeitsstellen wurden abgebaut. Die Küchenmaschinen kommen künftig aus China und Frankreich.
20
33
19",,20,33,19,[],https://twitter.com/zeitonline/status/1202932707631738880
ZEIT ONLINE,@zeitonline,2019-12-09T14:47:00.000Z,"ZEIT ONLINE
@zeitonline
·
2019年12月9日","#VW-Partner gab Autos an Polizei, #BASF will Lage in Xjnjiang prüfen. #China
zeit.de
Menschenrechte: BASF will Arbeitsbedingungen in Xinjiang prüfen
Hunderttausende Muslime sind im Westen Chinas in Lagern eingesperrt. Auch deutsche Firmen machen in der Region Geschäfte. BASF will jetzt seine Prozesse dort untersuchen.
9
757
756",,9,757,756,[],https://twitter.com/zeitonline/status/1204049814385762304
ZEIT ONLINE,@zeitonline,2019-12-09T19:32:57.000Z,"ZEIT ONLINE
@zeitonline
·
2019年12月10日","#China hält #Uiguren in Lagern gefangen, das weiß nun die ganze Welt. Ändert das etwas? Die Exil-Uiguren in Deutschland wagen kaum zu hoffen. Zu groß ist Chinas Macht. #München
zeit.de
Uiguren: Die blauen Wölfe
In keiner europäischen Stadt leben so viele Uiguren wie in München. Sie sind froh, dass nun die ganze Welt über Chinas Lager weiß – frei fühlen können sie sich nicht.
29
907
977",,29,907,977,[],https://twitter.com/zeitonline/status/1204121777481408512
ZEIT ONLINE,@zeitonline,2019-12-10T15:39:46.000Z,"ZEIT ONLINE
@zeitonline
·
2019年12月10日","In keiner europäischen Stadt leben so viele #Uiguren wie in München. Sie sind froh, dass nun die ganze Welt über Chinas Lager weiß – frei fühlen können sie sich nicht. 
 http://bit.ly/358TGg5 #china
20
543
554",,20,543,554,[],https://twitter.com/zeitonline/status/1204425480486699009
ZEIT ONLINE,@zeitonline,2019-12-13T23:45:24.000Z,"ZEIT ONLINE
@zeitonline
·
2019年12月14日","Mesut #Özil prangert das Schweigen der Muslime zur Uiguren-Verfolgung in China an. ""Rückblickend wird nicht an die Folter durch die Tyrannen erinnert werden, sondern an das Schweigen der muslimischen Brüder"", warnte der Fußballer.
zeit.de
Uiguren-Verfolgung: Mesut Özil wirft Muslimen Schweigen vor
Menschenrechtsaktivisten zufolge befinden sich mehr als eine Million Uiguren in chinesischen Umerziehungslagern. Fußballer Özil kritisiert, dass viele Muslime schwiegen.
40
43
155",,40,43,155,[],https://twitter.com/zeitonline/status/1205634857126244353
ZEIT ONLINE,@zeitonline,2019-12-17T19:57:20.000Z,"ZEIT ONLINE
@zeitonline
·
2019年12月18日","US-Außenminister Mike Pompeo hat dem deutschen Fußballspieler Mesut Özil Rückendeckung gegeben angesichts seiner kritischen Äußerungen zur Unterdrückung der #Uiguren in China.
zeit.de
Uiguren-Verfolgung: US-Außenminister Mike Pompeo unterstützt Mesut Özil
Der Fußballer hat den Umgang Chinas mit den Uiguren angeprangert und wurde von seinem Verein kritisiert. Rückendeckung erhält Özil nun von US-Außenminister Pompeo.
21
811
829",,21,811,829,[],https://twitter.com/zeitonline/status/1207027014965837825
ZEIT ONLINE,@zeitonline,2019-12-18T17:25:05.000Z,"ZEIT ONLINE
@zeitonline
·
2019年12月19日","Nach Mesut #Özil hat auch der 1. FC Köln die chinesische Regierung kritisiert. Der Verein will künftig nicht mehr mit #China zusammenarbeiten. http://bit.ly/35CXHK2
24
85
376",,24,85,376,[],https://twitter.com/zeitonline/status/1207351086979399681
