UserScreenName,UserName,Timestamp,Text,Embedded_text,Emojis,Comments,Likes,Retweets,Image link,Tweet URL
ZEIT ONLINE,@zeitonline,2014-01-10T11:22:42.000Z,"ZEIT ONLINE
@zeitonline
·
2014年1月10日","Wirtschaftsbilanz: Mit mehr als vier Billionen Dollar löst #China die USA als größte Handelsnation ab http://zeit.de/wirtschaft/2014-01/china-handel-bilanz-usa… (tis)
5
3",,,5,3,[],https://twitter.com/zeitonline/status/421602999585103872
ZEIT ONLINE,@zeitonline,2014-01-05T08:45:55.000Z,"ZEIT ONLINE
@zeitonline
·
2014年1月5日","""Polar Star"": Ein US-Eisbrecher soll die beiden Schiffe aus Russland und China aus dem #Antarktis-Eis befreien. http://zeit.to/1e9mqEi (nd)
1
3",,,1,3,[],https://twitter.com/zeitonline/status/419751603856363520
ZEIT ONLINE,@zeitonline,2014-01-22T06:34:43.000Z,"ZEIT ONLINE
@zeitonline
·
2014年1月22日","#China: Parallel zum Prozess gegen Bürgerrechtler #Xu Zhiyong gibt es Korruptionsvorwürfe gegen politische Elite http://zeit.to/1mEcsAJ (nd)
1
4
3",,1,4,3,[],https://twitter.com/zeitonline/status/425879180824559616
ZEIT ONLINE,@zeitonline,2014-01-23T15:24:54.000Z,"ZEIT ONLINE
@zeitonline
·
2014年1月23日","In China werden die Einkommen immer ungleicher verteilt. http://zeit.to/1egr4iy (bm)
3
4
3",,3,4,3,['https://pbs.twimg.com/media/BerJy8rCIAAT5f4?format=png&name=small'],https://twitter.com/zeitonline/status/426374991978823680
ZEIT ONLINE,@zeitonline,2014-01-23T18:44:56.000Z,"ZEIT ONLINE
@zeitonline
·
2014年1月24日","In Deutschland fehlen Pflegefachkräfte. Deshalb kommen sie jetzt aus #China. Eine Personalchefin erklärt warum. http://zeit.to/1eVOWJH (nd)
1
9
6",,1,9,6,[],https://twitter.com/zeitonline/status/426425331755798528
ZEIT ONLINE,@zeitonline,2014-01-26T06:13:25.000Z,"ZEIT ONLINE
@zeitonline
·
2014年1月26日","Haft für Kämpfer gegen Korruption in China: Der Bürgerrechtler Xu Zhiyong muss für vier Jahre ins Gefängnis. http://zeit.de/politik/2014-01/china-xu-zhiyong-urteil-haft… (nd)
10
1",,,10,1,[],https://twitter.com/zeitonline/status/427323369243959296
ZEIT ONLINE,@zeitonline,2014-01-30T06:34:22.000Z,"ZEIT ONLINE
@zeitonline
·
2014年1月30日","China weist Korrespondenten der NYT aus. Die hatte enthüllt, dass hohe Politiker Vermögen im Ausland verstecken. http://zeit.to/Lr3qJa (kh)
9
5",,,9,5,[],https://twitter.com/zeitonline/status/428778195937406976
ZEIT ONLINE,@zeitonline,2014-02-21T05:07:15.000Z,"ZEIT ONLINE
@zeitonline
·
2014年2月21日","US-Präsident #Obama will den Dalai Lama im Weißen Haus empfangen. China reagiert verärgert und protestiert. http://zeit.de/politik/2014-02/obama-dalai-lama-china… (nd)
11
3",,,11,3,[],https://twitter.com/zeitonline/status/436728805714300928
ZEIT ONLINE,@zeitonline,2014-02-21T08:56:42.000Z,"ZEIT ONLINE
@zeitonline
·
2014年2月21日","Instant Messaging-Apps wie #WhatsApp lassen sich für die Macher zu Geld machen - das zeigt der Blick nach China http://zeit.to/OhEGos (leo)
blog.zeit.de
Wie WhatsApp - nur erfolgreicher - China-Blog
Für sage und schreibe 19 Milliarden US-Dollar kauft Facebook seinen bisherigen Konkurrenten, den Kurznachrichtendienst WhatsApp. 1,2 Milliarden Mitglieder zählt Facebook-Chef Mark Zuckerberg auf der...
1
5
5",,1,5,5,[],https://twitter.com/zeitonline/status/436786547246247936
ZEIT ONLINE,@zeitonline,2014-03-05T05:53:17.000Z,"ZEIT ONLINE
@zeitonline
·
2014年3月5日","Aufrüstung: #China erhöht seinen Militäretat kräftig und verspricht, eine ""verantwortungsvolle Macht""  zu sein. http://zeit.de/politik/2014-03/china-volkskongress-militaer… (nd)
zeit.de
Volkskongress: China rüstet kräftig auf
Chinas Regierungschef Li Keqiang hat eine überraschend deutliche Erhöhung des Militäretats angekündigt. Die Wirtschaft soll wieder um 7,5 Prozent wachsen.
5
5
2",,5,5,2,['https://pbs.twimg.com/card_img/1497766704730017792/aRkEz1bZ?format=jpg&name=medium'],https://twitter.com/zeitonline/status/441089041295872000
ZEIT ONLINE,@zeitonline,2014-03-02T06:11:25.000Z,"ZEIT ONLINE
@zeitonline
·
2014年3月2日","Messerangriff mit 33 Toten am Bahnhof von Kunming: China beschuldigt Uiguren aus der Konfliktregion Xinjiang. http://zeit.de/gesellschaft/2014-03/china-kunming-angriff… (nd)
zeit.de
Provinz Yunnan: China macht uigurische Separatisten für Messerangriff verantwortlich
China bezichtigt Uiguren aus der Konfliktregion Xinjiang, mindestens 34 Reisende am Bahnhof von Kunming getötet zu haben. Der Angriff sei ein Terrorakt von Separatisten.
4
1",,,4,1,['https://pbs.twimg.com/card_img/1498893883442348035/cxHXBkFS?format=jpg&name=medium'],https://twitter.com/zeitonline/status/440006442628575232
ZEIT ONLINE,@zeitonline,2014-03-15T16:00:55.000Z,"ZEIT ONLINE
@zeitonline
·
2014年3月16日","Krim-Krise: China hat sich mit seiner Enthaltung im UN-Sicherheitsrat von Russland distanziert. http://zeit.de/politik/ausland/2014-03/krim-referendum-un-sicherheitsrat… (ft)
zeit.de
Krim-Krise: Der diplomatische Druck auf Russland nimmt zu
China hat sich im UN-Sicherheitsrat enthalten, als es um die Illegalität des Krim-Referendums ging. Der Westen erwägt zudem offenbar ein G-8-Treffen ohne Russland.
2
9
2",,2,9,2,['https://pbs.twimg.com/card_img/1495229921257562112/YNtnL-s2?format=jpg&name=medium'],https://twitter.com/zeitonline/status/444865836852195328
ZEIT ONLINE,@zeitonline,2014-03-18T06:53:02.000Z,"ZEIT ONLINE
@zeitonline
·
2014年3月18日","Flug #MH370: China schließt einen Terrorakt chinesischer Passagiere aus und sucht auf der möglichen Nordroute. http://zeit.de/gesellschaft/2014-03/malaysia-flugzeug-boeing… (nd)
1
4
1",,1,4,1,[],https://twitter.com/zeitonline/status/445815120300871680
ZEIT ONLINE,@zeitonline,2014-03-12T13:35:03.000Z,"ZEIT ONLINE
@zeitonline
·
2014年3月12日","Die Regierung in China kritisiert die chaotische Suche nach dem verschwundenen Flugzeug: http://zeit.to/1fpR0Za sk #MH370 #MalaysiaAirlines
2
1",,,2,1,[],https://twitter.com/zeitonline/status/443741964237025280
ZEIT ONLINE,@zeitonline,2014-03-25T06:34:16.000Z,"ZEIT ONLINE
@zeitonline
·
2014年3月25日","Flug #MH370: China verlangt von Malaysia Daten und Beweise für den mutmaßlichen Absturz der Boeing im Meer. http://zeit.de/gesellschaft/2014-03/china-malaysia-flugzeug… (nd)
zeit.de
Flug MH370: China schickt Gesandten und verlangt Beweise für Absturz
China will Belege für den Absturz von Flug MH370 und beordert einen Gesandten nach Malaysia. Wütende Angehörige der Passagiere belagern Malaysias Botschaft in Peking.
1
6
4",,1,6,4,['https://pbs.twimg.com/card_img/1498893883442348035/cxHXBkFS?format=jpg&name=medium'],https://twitter.com/zeitonline/status/448347115283296256
ZEIT ONLINE,@zeitonline,2014-04-06T10:14:12.000Z,"ZEIT ONLINE
@zeitonline
·
2014年4月6日","Die USA bauen ihren militärischen Schutz für Japan aus - und warnen China vor Provokationen gegen Nachbarn. http://zeit.de/politik/2014-04/usa-japan-verteidigung… (nd)
3
11
4",,3,11,4,[],https://twitter.com/zeitonline/status/452751115902541825
ZEIT ONLINE,@zeitonline,2014-04-25T13:13:59.000Z,"ZEIT ONLINE
@zeitonline
·
2014年4月25日","Mit Erasmus bis nach China? Dafür setzt sich eine EU-Kommissarin ein. http://zeit.to/QLhW0I (leo)
10
6",,,10,6,[],https://twitter.com/zeitonline/status/459681727800422400
ZEIT ONLINE,@zeitonline,2014-05-07T15:48:39.000Z,"ZEIT ONLINE
@zeitonline
·
2014年5月7日","Südchinesisches Meer: Inselstreit zwischen China und Vietnam eskaliert – Kriegsschiffe rammen Küstenwache http://zeit.de/politik/ausland/2014-05/china-vietnam-inselstreit-zwischenfall… (tis)
6
5",,,6,5,[],https://twitter.com/zeitonline/status/464069306435649536
ZEIT ONLINE,@zeitonline,2014-05-09T18:24:52.000Z,"ZEIT ONLINE
@zeitonline
·
2014年5月10日","Wie China Asien und Amerika mit einem Hochgeschwindigkeitszug verbinden will http://blog.zeit.de/china/2014/05/09/china-will-die-welt-mit-super-zuegen-ueberziehen/… (nd)
blog.zeit.de
China will die Welt mit Super-Zügen überziehen - China-Blog
Ein Hochgeschwindigkeitszug soll Asien und Nordamerika verbinden. Das zumindest erwägt die chinesische Regierung. Verrückt oder machbar?
7
7",,,7,7,[],https://twitter.com/zeitonline/status/464833395059863553
ZEIT ONLINE,@zeitonline,2014-05-07T06:21:15.000Z,"ZEIT ONLINE
@zeitonline
·
2014年5月7日","China: Handelsriese Alibaba plant größten Börsengang seit Facebook http://zeit.to/1j1yJmt (nd)
1
5
3",,1,5,3,[],https://twitter.com/zeitonline/status/463926515139231744
ZEIT ONLINE,@zeitonline,2014-05-05T15:46:23.000Z,"ZEIT ONLINE
@zeitonline
·
2014年5月5日","#China will Handel mit #Afrika auf 400 Milliarden Dollar verdoppeln. Geplant sind Investitionen im Bahnverkehr: http://zeit.de/wirtschaft/2014-05/china-afrika-handelsvolumen… (nd)
zeit.de
Afrika: China will 400 Milliarden Dollar in Afrika investieren
Peking will das Handelsvolumen mit Afrika verdoppeln. Es will noch mehr Kredite gewähren und einen Entwicklungsfonds aufstocken.
1
4
1",,1,4,1,['https://pbs.twimg.com/card_img/1487171540839911426/_OH4higG?format=jpg&name=medium'],https://twitter.com/zeitonline/status/463343961596522496
ZEIT ONLINE,@zeitonline,2014-05-12T05:58:06.000Z,"ZEIT ONLINE
@zeitonline
·
2014年5月12日","#China macht Uiguren für Terror verantwortlich. Nun wurden Hunderte wegen Propagandavorwürfen festgenommen: http://zeit.de/politik/ausland/2014-05/china-uiguren-festnahmen-terrorverdacht… (nd)
10
4",,,10,4,[],https://twitter.com/zeitonline/status/465732630701690880
ZEIT ONLINE,@zeitonline,2014-05-16T07:14:16.000Z,"ZEIT ONLINE
@zeitonline
·
2014年5月16日","Anti-China-Krawalle: Vietnams Regierungschef ruft per SMS zur Ruhe auf, fordert aber ""mehr Patriotismus"": http://zeit.de/politik/ausland/2014-05/vietnam-china-proteste-pazifik-oel… (tis)
1
6
1",,1,6,1,[],https://twitter.com/zeitonline/status/467201347327361024
ZEIT ONLINE,@zeitonline,2014-05-16T12:21:14.000Z,"ZEIT ONLINE
@zeitonline
·
2014年5月16日","Korruption gehörte lange zum Alltag in #China. Unter Xi Jinping soll das anders werden. Das Blog von Felix Lee http://zeit.to/1k80GxV (nd)
1
4
1",,1,4,1,[],https://twitter.com/zeitonline/status/467278600459534336
ZEIT ONLINE,@zeitonline,2014-05-20T05:06:25.000Z,"ZEIT ONLINE
@zeitonline
·
2014年5月20日","Russlands Präsident #Putin sucht die Nähe zu #China. Bei einem Staatsbesuch trifft er Präsident #Xi Jinping. http://zeit.to/1o9ur2c (nd)
1
3
2",,1,3,2,[],https://twitter.com/zeitonline/status/468618727786037248
ZEIT ONLINE,@zeitonline,2014-05-19T07:06:40.000Z,"ZEIT ONLINE
@zeitonline
·
2014年5月19日","#China schickt Schiffe nach #Vietnam, um Landsleute vor antichinesischen Protesten in Sicherheit zu bringen.  http://zeit.to/1n8z6o1 (nd)
5
1",,,5,1,[],https://twitter.com/zeitonline/status/468286600250941440
ZEIT ONLINE,@zeitonline,2014-05-20T07:45:03.000Z,"ZEIT ONLINE
@zeitonline
·
2014年5月20日","#China wehrt sich gegen die US-Klage wegen #Cyberspionage: http://zeit.to/1p8owKI (sk)
1
2",,1,2,,[],https://twitter.com/zeitonline/status/468658647586050049
ZEIT ONLINE,@zeitonline,2014-05-24T09:16:47.000Z,"ZEIT ONLINE
@zeitonline
·
2014年5月24日","Ist das Gasgeschäft von #Russland und #China Anlass zur Sorge für die Deutschland? Ökonom Zilibotti im Interview http://zeit.to/1hjEi0e (nd)
8
1",,,8,1,[],https://twitter.com/zeitonline/status/470131285185531904
ZEIT ONLINE,@zeitonline,2014-06-04T06:21:08.000Z,"ZEIT ONLINE
@zeitonline
·
2014年6月4日","Gedenken verboten: Wegen des #Tiananmen-Massakers hat #China seine Sicherheitsvorkehrungen massiv verschärft: http://zeit.to/1rKkOvP (sk)
zeit.de
Gedenktag Proteste: Scharfe Sicherheitskontrollen auf dem Tiananmen-Platz
Die chinesische Staatsmacht will jegliches Gedenken an den blutigen Aufstand vor 25 Jahren verhindern. Etliche Aktivisten wurden schon vor dem Jahrestag festgenommen.
2
13
5",,2,13,5,[],https://twitter.com/zeitonline/status/474073345294876672
ZEIT ONLINE,@zeitonline,2014-06-02T13:16:31.000Z,"ZEIT ONLINE
@zeitonline
·
2014年6月2日","Nicht nur Politik brachte die Demonstranten vor 25 Jahren auf den Tian’anmen-Platz in China http://zeit.to/1kpu0AC (leo)
1
3
3",,1,3,3,[],https://twitter.com/zeitonline/status/473453105833852928
ZEIT ONLINE,@zeitonline,2014-06-07T14:18:05.000Z,"ZEIT ONLINE
@zeitonline
·
2014年6月7日","Ein #Erasmus-Jahr in Europa? Pah, langweilig. Dann lieber Iran, China oder Turkmenistan. Fünf Studenten erzählen http://zeit.de/campus/2014/03/auslandsstudium-erfahrungen… (nd)
5
4",,,5,4,[],https://twitter.com/zeitonline/status/475280537410871296
ZEIT ONLINE,@zeitonline,2014-06-05T12:03:03.000Z,"ZEIT ONLINE
@zeitonline
·
2014年6月5日","China verurteilt neun Terrorverdächtige zum Tode: http://zeit.to/1mdXRZm (sk)
2
1
2",,2,1,2,[],https://twitter.com/zeitonline/status/474521783044169728
ZEIT ONLINE,@zeitonline,2014-06-07T15:01:52.000Z,"ZEIT ONLINE
@zeitonline
·
2014年6月7日","Friedhofs-Bestattungen sind teuer, zudem ist kaum Platz. In #China nimmt deshalb die Zahl der Seebestattungen zu http://zeit.de/gesellschaft/2014-05/fs-seebestattung-china-platzmangel… (nd)
2
2",,2,2,,[],https://twitter.com/zeitonline/status/475291557009321984
ZEIT ONLINE,@zeitonline,2014-06-18T16:51:42.000Z,"ZEIT ONLINE
@zeitonline
·
2014年6月19日","Tee in Großbritannien wird aus Indien und China importiert. Der ganze Tee? Nein. Ein Landgut leistet Widerstand http://zeit.de/2014/23/englischer-tee-tregothan-teeplantage-cornwall… (tis)
8
12",,,8,12,[],https://twitter.com/zeitonline/status/479305463990087680
ZEIT ONLINE,@zeitonline,2014-07-01T12:46:15.000Z,"ZEIT ONLINE
@zeitonline
·
2014年7月1日","Zehntausende Hongkonger demonstrieren für freie Wahlen: http://zeit.to/1mEKmle (sk) #china #HongKong
zeit.de
China: Zehntausende Hongkonger demonstrieren für freie Wahlen
In Hongkong protestieren die Menschen für Unabhängigkeit. Von 2017 an wählen die Bürger ihren Verwaltungschef zwar direkt, doch China will die Kandidaten festlegen.
2
10
4",,2,10,4,[],https://twitter.com/zeitonline/status/483954736497176576
ZEIT ONLINE,@zeitonline,2014-07-08T05:19:34.000Z,"ZEIT ONLINE
@zeitonline
·
2014年7月8日","#China-Reise: Kanzlerin Merkel ruft chinesische Studenten zu kritischem Denken auf: http://zeit.de/politik/ausland/2014-07/merkel-china-studenten… (tis) #neuland
3
4
2",,3,4,2,[],https://twitter.com/zeitonline/status/486379041126363137
ZEIT ONLINE,@zeitonline,2014-07-08T10:20:59.000Z,"ZEIT ONLINE
@zeitonline
·
2014年7月8日","Ein Positionspapier, an dem deutsche Firmen mitgearbeitet haben, sorgt während Merkels China-Besuch für Unruhe. http://zeit.to/1n3gsr5 (bm)
1
2",,,1,2,[],https://twitter.com/zeitonline/status/486454894325686273
ZEIT ONLINE,@zeitonline,2014-07-13T06:48:14.000Z,"ZEIT ONLINE
@zeitonline
·
2014年7月13日","In China mehren sich die Zeichen, dass die Immobilienblase bald platzen könnte. Welche Kettenreaktion droht? http://zeit.de/2014/27/immobilienmarkt-china-blase… (nd)
2
9
7",,2,9,7,[],https://twitter.com/zeitonline/status/488213293891588097
ZEIT ONLINE,@zeitonline,2014-07-15T17:27:46.000Z,"ZEIT ONLINE
@zeitonline
·
2014年7月16日","Brasilien, Russland, Indien, China, Südafrika wollen die Welt neu ordnen. Schon im Kleinen sind sie nicht einig: http://zeit.to/1mRT9or (lu)
3
4
3",,3,4,3,[],https://twitter.com/zeitonline/status/489099012373757952
ZEIT ONLINE,@zeitonline,2014-07-21T13:11:38.000Z,"ZEIT ONLINE
@zeitonline
·
2014年7月21日","#Android-Malware lässt Smartphones teure Selbstgespräche führen. Made in China. (pb)
zeit.de
Android: Schadsoftware lässt Smartphones teure Selbstgespräche führen
Lassen Sie Ihr Smartphone nicht unbeaufsichtigt. Wer weiß, wen es sonst heimlich anruft. Chinesische Forscher zeigen, welche Tricks die Google-Spracheingabe ermöglicht.
10
3",,,10,3,[],https://twitter.com/zeitonline/status/491208884082991104
ZEIT ONLINE,@zeitonline,2014-07-29T08:17:20.000Z,"ZEIT ONLINE
@zeitonline
·
2014年7月29日","China der Jahre 1958 bis 1962 war die Hölle auf Erden, schreibt Frank Dikötter in seiner Studie ""Maos großer Hunger"". http://zeit.de/2014/29/industrialisierung-china-mao-zedong-frank-dikoetter…
3
4",,,3,4,[],https://twitter.com/zeitonline/status/494033922825916416
ZEIT ONLINE,@zeitonline,2014-08-04T05:20:52.000Z,"ZEIT ONLINE
@zeitonline
·
2014年8月4日","Zahl der Erdbeben-Toten in China steigt. Zehntausende obdachlos. http://zeit.to/1olbS84 (kh)
4
2",,,4,2,[],https://twitter.com/zeitonline/status/496163841685061632
ZEIT ONLINE,@zeitonline,2014-08-03T13:34:28.000Z,"ZEIT ONLINE
@zeitonline
·
2014年8月3日","Bei einem #Erdbeben im Süden von #China sind mindestens 150 Menschen gestorben. (nd) http://zeit.de/gesellschaft/2014-08/erdbeben-china-yunnan…
4",,,4,,[],https://twitter.com/zeitonline/status/495925672913928192
ZEIT ONLINE,@zeitonline,2014-08-06T10:52:51.000Z,"ZEIT ONLINE
@zeitonline
·
2014年8月6日","Obama will die USA in Afrika stärken. China aber signalisiert: An uns kommt ihr dort nicht vorbei. (ae)
zeit.de
US-Afrika-Gipfel: China bietet USA Kooperation an
Obama will die Vereinigten Staaten in Afrika stärken. China ist dort viel besser im Geschäft und signalisiert jetzt: An uns kommt ihr auch künftig nicht vorbei.
1
10
4",,1,10,4,[],https://twitter.com/zeitonline/status/496972162805563392
ZEIT ONLINE,@zeitonline,2014-08-01T08:45:37.000Z,"ZEIT ONLINE
@zeitonline
·
2014年8月1日","China hat erstmals die Entwicklung einer neuen Langstreckenrakete bestätigt. Ihre Reichweite geht bis Amerika. (nd)  http://zeit.de/politik/ausland/2014-08/china-langstreckenrakete-df41…
4
4
3",,4,4,3,[],https://twitter.com/zeitonline/status/495128202873155584
ZEIT ONLINE,@zeitonline,2014-08-10T12:13:36.000Z,"ZEIT ONLINE
@zeitonline
·
2014年8月10日","Ursula Schersch ist kulinarische Nomadin. Auf ihrem Blog ""Taste of Travel"" gibt es Rezepte von China bis Marokko.
zeit.de
Sonntagsessen: Aus den Straßenküchen dieser Welt
Die Österreicherin Ursula Schersch nimmt uns auf ihrem Foodblog ""Taste of Travel"" mit auf die Reise. Wie man echte Topfennockerln macht, hat sie trotzdem nicht vergessen.
4
8",,,4,8,[],https://twitter.com/zeitonline/status/498442035150721024
ZEIT ONLINE,@zeitonline,2014-08-17T07:59:16.000Z,"ZEIT ONLINE
@zeitonline
·
2014年8月17日","Höchst interessantes Debütalbum von Fatima al Qadiri: In Kuwait geboren, wohnhaft in Brooklyn, China reflektierend. http://zeit.de/2014/32/konzeptkunst-fatima-al-qadiri…
1
5",,,1,5,[],https://twitter.com/zeitonline/status/500914745751646208
ZEIT ONLINE,@zeitonline,2014-08-17T09:23:53.000Z,"ZEIT ONLINE
@zeitonline
·
2014年8月17日","Der Papst will die Funkstille zwischen dem Vatikan und China beenden und ruft zu einem Dialog auf. (nd) http://zeit.de/gesellschaft/zeitgeschehen/2014-08/papst-dialog-china…
3",,,3,,[],https://twitter.com/zeitonline/status/500936039473889280
ZEIT ONLINE,@zeitonline,2014-08-20T07:51:05.000Z,"ZEIT ONLINE
@zeitonline
·
2014年8月20日","Ein 36-jähriger Mann aus München ist in #China zum Tode verurteilt worden. (sk) http://zeit.de/politik/ausland/2014-08/china-todesstrafe-student-muenchen…
2
6
8",,2,6,8,[],https://twitter.com/zeitonline/status/501999848493940736
ZEIT ONLINE,@zeitonline,2014-08-24T15:02:40.000Z,"ZEIT ONLINE
@zeitonline
·
2014年8月24日","Fast jeder zweite VW wird in China verkauft. Die Autoindustrie wird abhängig –  auch weil Russland krankt. http://zeit.de/2014/35/autohersteller-china-bmw-audi…
1
3
5",,1,3,5,[],https://twitter.com/zeitonline/status/503558011248734208
ZEIT ONLINE,@zeitonline,2014-09-15T14:55:07.000Z,"ZEIT ONLINE
@zeitonline
·
2014年9月15日","Daimler setzt in #China große Hoffnungen in den Denza: Kann das #Elektroauto ein Erfolg werden? (mbr)
zeit.de
Elektroauto: Daimler setzt große Hoffnungen in den Denza
China hat große Ambitionen beim Elektroauto, doch wie in Europa ist die erste Euphorie verflogen. Daimler will sie mit dem Denza neu entfachen. Kann das gelingen?
2
4",,,2,4,[],https://twitter.com/zeitonline/status/511528646767824896
ZEIT ONLINE,@zeitonline,2014-09-14T05:15:58.000Z,"ZEIT ONLINE
@zeitonline
·
2014年9月14日","Text über eine außergewöhnliche #China-Reise. Bitte nicht nur die Baby-Pandas anschauen! (raa) http://zeit.de/2014/36/panda-china-pflege…
7",,,,7,[],https://twitter.com/zeitonline/status/511020510621499392
ZEIT ONLINE,@zeitonline,2014-09-23T18:30:38.000Z,"ZEIT ONLINE
@zeitonline
·
2014年9月24日","China ist nicht zwangsläufig der größte #Klima-Sünder der Welt. Das zeigt unsere Infografik (muk) #climate2014
zeit.de
Klimawandel: Die größten Klimasünder
Kein anderes Land stößt mehr Kohlendioxid aus als China. Vergleicht man aber den CO2-Ausstoß pro Kopf, relativiert sich die Lage, wie unsere Infografik zeigt.
12
13",,,12,13,['https://pbs.twimg.com/card_img/1500645547312562178/-CigDzFG?format=jpg&name=medium'],https://twitter.com/zeitonline/status/514481983658135553
ZEIT ONLINE,@zeitonline,2014-09-22T23:05:50.000Z,"ZEIT ONLINE
@zeitonline
·
2014年9月23日","#Amnesty International kritisiert, dass in #China Firmen vermehrt #Folterwerkzeuge handeln würden. (nd)
zeit.de
Menschenrechte: Chinesische Firmen exportieren immer mehr Folterinstrumente
Laut Amnesty International verdienen zahlreiche Unternehmen am Handel mit Schlagstöcken und Fußketten. In den Importländern würden damit die Menschenrechte verletzt.
7
1",,,7,1,[],https://twitter.com/zeitonline/status/514188853322997761
ZEIT ONLINE,@zeitonline,2014-09-23T03:34:10.000Z,"ZEIT ONLINE
@zeitonline
·
2014年9月23日","Taiwan will Annäherung an China vorantreiben. (fst) http://zeit.de/politik/ausland/2014-09/taiwan-annaeherung-china…
2",,,2,,[],https://twitter.com/zeitonline/status/514256383689367552
ZEIT ONLINE,@zeitonline,2014-09-23T10:07:51.000Z,"ZEIT ONLINE
@zeitonline
·
2014年9月23日","#Xinjiang: China verurteilt uigurischen Bürgerrechtler zu lebenslanger Haft. (nd) http://zeit.de/politik/2014-09/china-ilham-tohti-uiguren-minderheit…
1
1",,1,1,,[],https://twitter.com/zeitonline/status/514355455129563136
ZEIT ONLINE,@zeitonline,2014-09-30T10:49:34.000Z,"ZEIT ONLINE
@zeitonline
·
2014年9月30日","#Hongkong: China bleibt hart und prangert Proteste als illegal an. (nd) http://zeit.de/politik/2014-09/china-hongkong-protest-demokratie…
2
10
1",,2,10,1,[],https://twitter.com/zeitonline/status/516902668485533697
ZEIT ONLINE,@zeitonline,2014-09-30T19:06:14.000Z,"ZEIT ONLINE
@zeitonline
·
2014年10月1日","Die Ereignisse in #Hongkong kommen nicht überraschend. #China ist seit Jahren strukturell instabil. (msg) http://zeit.de/wirtschaft/2014-09/hongkong-china-proteste…
1
8
6",,1,8,6,[],https://twitter.com/zeitonline/status/517027660376322048
ZEIT ONLINE,@zeitonline,2014-10-02T09:17:02.000Z,"ZEIT ONLINE
@zeitonline
·
2014年10月2日","#Hongkong: Demonstranten belagern Regierungssitz, China zeigt Härte. (nd)
zeit.de
Hongkong: Polizei droht Demonstranten mit ""ernsten Folgen""
In wenigen Stunden läuft ein Ultimatum der Demonstranten für den Rücktritt des Regierungschefs ab. China bleibt hart. Die Protestierenden fürchten einen Polizeieinsatz.
4
1",,,4,1,[],https://twitter.com/zeitonline/status/517604157759709184
ZEIT ONLINE,@zeitonline,2014-10-02T12:08:22.000Z,"ZEIT ONLINE
@zeitonline
·
2014年10月2日","#Hongkong: China bleibt hart, Demonstranten befürchten Polizeieinsatz. (nd)
zeit.de
Hongkong: Polizei droht Demonstranten mit ""ernsten Folgen""
In wenigen Stunden läuft ein Ultimatum der Demonstranten für den Rücktritt des Regierungschefs ab. China bleibt hart. Die Protestierenden fürchten einen Polizeieinsatz.
3
1",,,3,1,[],https://twitter.com/zeitonline/status/517647274915418112
ZEIT ONLINE,@zeitonline,2014-10-10T13:17:21.000Z,"ZEIT ONLINE
@zeitonline
·
2014年10月10日","Bundesregierung verlangt von #China Aufklärung über Festnahme von ZEIT-Mitarbeiterin in Peking. (nd) http://zeit.de/politik/2014-10/china-zeit-mitarbeiterin-bundesregierung-festnahme…
10
4",,,10,4,[],https://twitter.com/zeitonline/status/520563739503112192
ZEIT ONLINE,@zeitonline,2014-10-17T16:48:48.000Z,"ZEIT ONLINE
@zeitonline
·
2014年10月18日","Die Zahl der Millionäre in China steigt. Die Ungerechtigkeit könnte für wachsende soziale Spannungen sorgen. (msg)
blog.zeit.de
Viele Millionäre, aber auch viel Armut - China-Blog
In China leben nach den USA inzwischen weltweit die meisten Millionäre. Beeindruckend ist, dass ihre Zahl so rasant steigt. Waren es 2012 noch rund 1,5 Millionen, so stieg ihre Zahl im vergangenen...
1
1
2",,1,1,2,[],https://twitter.com/zeitonline/status/523153667730706432
ZEIT ONLINE,@zeitonline,2014-10-09T10:17:53.000Z,"ZEIT ONLINE
@zeitonline
·
2014年10月9日","#Hongkong: China muss seine Strategie ändern, sagt Politikexperte James Tang. Es drohe eine tiefere Spaltung. (nd) http://zeit.de/politik/2014-10/hongkong-china-james-tang…
4
1",,,4,1,[],https://twitter.com/zeitonline/status/520156187518857216
ZEIT ONLINE,@zeitonline,2014-10-27T10:24:32.000Z,"ZEIT ONLINE
@zeitonline
·
2014年10月27日","#China will weniger Delikte mit dem Tod bestrafen. (nd) http://zeit.de/politik/ausland/2014-10/todesstrafe-china-finanzdelikte…
3
5
2",,3,5,2,[],https://twitter.com/zeitonline/status/526680841238622208
ZEIT ONLINE,@zeitonline,2014-10-22T16:54:39.000Z,"ZEIT ONLINE
@zeitonline
·
2014年10月23日","China und Russland schließen immer mehr Kooperationen ab. Eine neue Völkerfreundschaft? Von wegen (msg) http://zeit.de/wirtschaft/2014-10/russland-china-wirtschaft…
1
5
3",,1,5,3,[],https://twitter.com/zeitonline/status/524967078122758144
ZEIT ONLINE,@zeitonline,2014-10-19T12:42:55.000Z,"ZEIT ONLINE
@zeitonline
·
2014年10月19日","In #China sind in der Region Xinjiang mehr als 20 Menschen bei einem Anschlag umgekommen. #Uiguren http://zeit.de/politik/ausland/2014-10/xinjiang-china-uiguren-anschlag…
8",,,8,,[],https://twitter.com/zeitonline/status/523816565100531712
ZEIT ONLINE,@zeitonline,2014-10-30T06:18:18.000Z,"ZEIT ONLINE
@zeitonline
·
2014年10月30日","Samsung-#Galaxy verkauft sich schlechter. Die Billig-Konkurrenz aus China macht dem Konzern Probleme. (nd)
zeit.de
Smartphone: Galaxy verdirbt Samsung die Bilanz
Der weltweit größte Smartphone-Hersteller hat Probleme mit seinem bisherigen Erfolgsmodell. Vor allem Billigkonkurrenz aus China unterbietet die Preise der Koreaner.
1
9
1",,1,9,1,['https://pbs.twimg.com/card_img/1501206965078405127/f-TDgK7H?format=jpg&name=medium'],https://twitter.com/zeitonline/status/527706037869359104
ZEIT ONLINE,@zeitonline,2014-11-12T06:01:16.000Z,"ZEIT ONLINE
@zeitonline
·
2014年11月12日","#China und die #USA einigen sich auf neue Klimaschutz-Ziele. (nd)
zeit.de
Klimaschutz: USA und China einigen sich auf neue Klimaziele
China hat erstmals eine Jahreszahl genannt: Das Land will ab 2030 seine CO2-Emissionen nicht mehr steigern. Die USA verpflichten sich, ihren Ausstoß deutlich zu senken.
1
11
5",,1,11,5,['https://pbs.twimg.com/card_img/1500977182574886912/E9smCuGz?format=jpg&name=medium'],https://twitter.com/zeitonline/status/532412792452956160
ZEIT ONLINE,@zeitonline,2014-11-10T18:30:09.000Z,"ZEIT ONLINE
@zeitonline
·
2014年11月11日","Wachstumsraten im zweistelligen Bereich? Vorbei. In #China kehrt Normalität ein, wie unsere Infografik zeigt. (muk) http://zeit.de/wirtschaft/2014-11/konjunktur-china-wachstumsrate…
5
7",,,5,7,[],https://twitter.com/zeitonline/status/531876481358913536
ZEIT ONLINE,@zeitonline,2014-11-12T14:51:37.000Z,"ZEIT ONLINE
@zeitonline
·
2014年11月12日","USA und China unternehmen endlich was fürs #Klima. Deutschland sollte sich ein Beispiel nehmen. (ae) http://zeit.de/wirtschaft/2014-11/klimapolitik-barack-obama-xi-jinping-deutschland…
3
3
6",,3,3,6,[],https://twitter.com/zeitonline/status/532546260549787648
ZEIT ONLINE,@zeitonline,2014-11-13T18:04:41.000Z,"ZEIT ONLINE
@zeitonline
·
2014年11月14日","Venedig ist überall. Selbst in China, Brasilien u Südafrika wollen Städte sein wie die Lagunenstadt. Ob's hilft? (ae)
zeit.de
Städtemarketing: Venedig ist überall
Im Kampf um Touristen ist ihnen jedes Mittel recht: Unzählige Städte in aller Welt tun so, als seien sie wie Venedig. Nur in Italien hält sich die Konkurrenz zurück.
2
5",,,2,5,[],https://twitter.com/zeitonline/status/532957237523005440
ZEIT ONLINE,@zeitonline,2014-11-12T19:55:08.000Z,"ZEIT ONLINE
@zeitonline
·
2014年11月13日","Sind die zwischen den USA und China vereinbarten Klimaschutz-Ziele mehr als nur eine Absichtserklärung? http://blog.zeit.de/china/2014/11/12/china-und-usa-bleiben-die-groessten-klimakiller/… (nd)
1
5
1",,1,5,1,[],https://twitter.com/zeitonline/status/532622643498065920
ZEIT ONLINE,@zeitonline,2014-11-10T08:15:05.000Z,"ZEIT ONLINE
@zeitonline
·
2014年11月10日","Treffen auf #Apec-Gipfel: Japan und China suchen gegenseitige Nähe. (tst) http://zeit.de/politik/ausland/2014-11/china-japan-treffen-apec…
4
2",,,4,2,[],https://twitter.com/zeitonline/status/531721696257249280
ZEIT ONLINE,@zeitonline,2014-11-23T14:48:48.000Z,"ZEIT ONLINE
@zeitonline
·
2014年11月23日","Damit Antibiotika billig bleiben, bestellen Pharmafirmen Wirkstoffe in China und Indien. Und importieren Resistenzen.
zeit.de
Antibiotika: Gefährliche Lieferungen
Damit Antibiotika billig bleiben, bestellen Pharmahersteller Wirkstoffe in China und Indien. Und produzieren so ungewollte Nebenwirkungen: Lieferengpässe und Resistenzen.
1
27
12",,1,27,12,['https://pbs.twimg.com/card_img/1498893883442348035/cxHXBkFS?format=jpg&name=medium'],https://twitter.com/zeitonline/status/536531820331167744
ZEIT ONLINE,@zeitonline,2014-11-21T18:47:49.000Z,"ZEIT ONLINE
@zeitonline
·
2014年11月22日","Früher Radfahrermassen, heute Stau. Wie sehr der Boom den Alltag in #China verändert hat, zeigen unsere Bilder. (muk) http://zeit.de/wirtschaft/2014-11/china-beijing-wirtschaft-fs…
1
8
4",,1,8,4,[],https://twitter.com/zeitonline/status/535867193347829760
ZEIT ONLINE,@zeitonline,2014-11-17T09:26:53.000Z,"ZEIT ONLINE
@zeitonline
·
2014年11月17日","China öffnet seine Börse und den Devisenmarkt, und handelt den #Renminbi ab heute auch in Frankfurt am Main. (ae) http://zeit.de/wirtschaft/2014-11/kapitalmarkt-china-boerse-renminbi…
6",,,6,,[],https://twitter.com/zeitonline/status/534276476812931072
ZEIT ONLINE,@zeitonline,2014-11-21T09:27:07.000Z,"ZEIT ONLINE
@zeitonline
·
2014年11月21日","Prozess in #China: Regierungskritische Journalistin Gao Yu bestreitet Geheimnisverrat. (nd) http://zeit.de/gesellschaft/2014-11/china-gao-yu-prozess-vorwuerfe-bestreiten…
1
2",,,1,2,[],https://twitter.com/zeitonline/status/535726089528967168
ZEIT ONLINE,@zeitonline,2014-11-22T18:15:09.000Z,"ZEIT ONLINE
@zeitonline
·
2014年11月23日","China sucht nach lukrativen Investitionen für seine Devisenreserven. Ein neue Entwicklungsbank soll dabei helfen. msg http://blog.zeit.de/china/2014/11/22/china-investiert-lieber-strassen-als-fonds…
3",,,3,,[],https://twitter.com/zeitonline/status/536221359463202817
ZEIT ONLINE,@zeitonline,2014-11-28T16:11:19.000Z,"ZEIT ONLINE
@zeitonline
·
2014年11月29日","Kaum zu glauben, aber China bringt den Klimaschutz voran (ae)
blog.zeit.de
China, Vorbild im Klimaschutz? - China-Blog
Wer im Smog von Peking lebt, mag es kaum glauben. Aber China bringt den Klimaschutz voran. Selbst der Emissionshandel funktioniert.
2
7
7",,2,7,7,[],https://twitter.com/zeitonline/status/538364522617372672
ZEIT ONLINE,@zeitonline,2014-12-05T06:53:20.000Z,"ZEIT ONLINE
@zeitonline
·
2014年12月5日","#China ist der weltgrößte Klimasünder – und der größte Klimaretter. 
@FVorholz
 & A. Köckritz über Chinas #Energiewende
zeit.de
Klimawandel: Energiewende à la China
China ist zwar der weltgrößte Klimasünder – aber auch der größte Klimaretter. Die Motivation für Chinas Klimastrategie ist simpel: Wachstumssorgen und Angst vor Revolte.
1
13
5",,1,13,5,[],https://twitter.com/zeitonline/status/540760815918645249
ZEIT ONLINE,@zeitonline,2014-12-04T06:16:45.000Z,"ZEIT ONLINE
@zeitonline
·
2014年12月4日","Ab dem kommenden Jahr will die China keine Organe von Hingerichteten mehr transplantieren. (nd)
zeit.de
Organtransplantation: China stoppt Organentnahme von Hingerichteten
Ab dem kommenden Jahr will die Volksrepublik keine Organe von Hingerichteten mehr transplantieren. Menschenrechtsorganisationen hatten die Praxis lange kritisiert.
4
9
6",,4,9,6,['https://pbs.twimg.com/card_img/1501012515756597248/EfLznQqu?format=jpg&name=medium'],https://twitter.com/zeitonline/status/540389221576736768
ZEIT ONLINE,@zeitonline,2014-12-11T09:29:40.000Z,"ZEIT ONLINE
@zeitonline
·
2014年12月11日","Liu Xiaobo: Inhaftierter Nobelpreisträger fordert Hilfe für Verfolgte in China - Botschaft aus der Haft. (nd)  http://zeit.de/politik/2014-12/liu-xiaobo-china-gefaengnis-nachricht…
4
3",,,4,3,[],https://twitter.com/zeitonline/status/542974487143395328
ZEIT ONLINE,@zeitonline,2014-12-08T13:07:00.000Z,"ZEIT ONLINE
@zeitonline
·
2014年12月8日","China: Gericht verhängt acht Todesurteile nach Anschlägen in Unruheregion #Xinjiang. (nd) http://zeit.de/politik/2014-12/china-terroristen-xinjiang-todesurteil…
6
1",,,6,1,[],https://twitter.com/zeitonline/status/541942016062783489
ZEIT ONLINE,@zeitonline,2014-12-22T11:42:20.000Z,"ZEIT ONLINE
@zeitonline
·
2014年12月22日","#China verurteilt jede From von Cyberangriffen – ohne aber #Nordkorea zu erwähnen. #SonyHack (sdo) http://zeit.de/digital/2014-12/sony-hack-china-cyberattacke-usa-nordkorea…
1
4
6",,1,4,6,[],https://twitter.com/zeitonline/status/546994142874968064
ZEIT ONLINE,@zeitonline,2014-12-21T06:18:18.000Z,"ZEIT ONLINE
@zeitonline
·
2014年12月21日","Die USA wollen nach dem #Sony-Hack bei der Abwehr von Cyberangriffen offenbar mit China kooperieren (nd) http://zeit.de/digital/2014-12/sony-hack-interview-nordkorea-china-obama…
2
5
5",,2,5,5,[],https://twitter.com/zeitonline/status/546550207262253056
ZEIT ONLINE,@zeitonline,2014-12-25T07:25:25.000Z,"ZEIT ONLINE
@zeitonline
·
2014年12月25日","Um zum weltgrößten Autohersteller zu werden, begibt sich Volkswagen in eine gefährliche Abhängigkeit von China. (mbr) http://zeit.de/2014/51/volkswagen-china-abhaengigkeit…
1
3
4",,1,3,4,[],https://twitter.com/zeitonline/status/548016650013134849
