UserScreenName,UserName,Timestamp,Text,Embedded_text,Emojis,Comments,Likes,Retweets,Image link,Tweet URL
ZEIT ONLINE,@zeitonline,2020-01-08T06:34:55.000Z,"ZEIT ONLINE
@zeitonline
·
2020年1月8日","Nur 6,2 Prozent der Bürgerinnen und Bürger #Taiwan|s wollen eine Wiedervereinigung mit #China.
zeit.de
Wahlen in Taiwan: Taiwan stimmt auch über Hongkong ab
Die Wahlen an diesem Samstag sind ein Votum über den Wunsch der Inselrepublik nach Souveränität gegenüber Peking. Kaum jemand will eine Wiedervereinigung mit China.
18
598
606",,18,598,606,['https://pbs.twimg.com/card_img/1500348765399519233/SFX4K-_h?format=jpg&name=medium'],https://twitter.com/zeitonline/status/1214797615151353857
ZEIT ONLINE,@zeitonline,2020-01-04T15:25:21.000Z,"ZEIT ONLINE
@zeitonline
·
2020年1月4日","Sieben Monate nach dem Beginn der Proteste in #Hongkong hat #China seinen höchsten Vertreter in der chinesischen Sonderverwaltungszone ausgetauscht.
zeit.de
Wang Zhimin: China beruft höchsten Vertreter in Hongkong ab
Der Verbindungsmann zwischen der chinesischen Regierung und der Hongkonger Regierungschefin wird ausgetauscht. Künftig soll Luo Huining das Büro leiten.
21
683
653",,21,683,653,['https://pbs.twimg.com/card_img/1502638155086069764/yQogeEwk?format=jpg&name=medium'],https://twitter.com/zeitonline/status/1213481550320480256
ZEIT ONLINE,@zeitonline,2020-01-07T15:59:05.000Z,"ZEIT ONLINE
@zeitonline
·
2020年1月7日","#Venezuela in der Dauerkrise. #Guaidó #Maduro #Russland #China #USA #EU
zeit.de
Venezuela: Die Entscheidungen fallen längst woanders
In Venezuela gibt es nun zwei Präsidenten und zwei Parlamentspräsidenten. Für die Zukunft des Landes ist entscheidend, was nach der umstrittenen Abstimmung geschah.
3
3
7",,3,3,7,[],https://twitter.com/zeitonline/status/1214577203415048194
ZEIT ONLINE,@zeitonline,2020-01-06T19:42:19.000Z,"ZEIT ONLINE
@zeitonline
·
2020年1月7日","#Fantasy ist in #China eines der beliebtesten Literaturgenres. Doch die Fantasie der meisten Autorinnen und Autoren ist gar nicht so groß – und wird neuerdings auch von der Zensur eingeschränkt. #LuErklärtChina
zeit.de
Fantasyromane: Schreibmaschinen aus Menschenfleisch
In China boomt die Onlineliteratur, Unmengen an Romanen werden in Fortsetzung geschrieben und publiziert. Warum wohl ist bei Lesern das Fantasygenre besonders beliebt?
3
7
21",,3,7,21,['https://pbs.twimg.com/card_img/1501843813576364034/-fnbTKeY?format=jpg&name=medium'],https://twitter.com/zeitonline/status/1214270993851703303
ZEIT ONLINE,@zeitonline,2020-01-09T12:42:38.000Z,"ZEIT ONLINE
@zeitonline
·
2020年1月9日","Kurz vor dem Neujahresfest in #China hat sich eine neuartige Lungenkrankheit ausgebreitet. #Coronavirus
zeit.de
China: Neues Virus führt wohl zur Ausbreitung von Lungenkrankheit
In China sind mehrere Menschen offenbar wegen eines neuartigen Erkältungsvirus an der Lunge erkrankt. Die Ansteckungsgefahr sei gering, Experten warnen jedoch Touristen.
3
8
4",,3,8,4,[],https://twitter.com/zeitonline/status/1215252538594906112
ZEIT ONLINE,@zeitonline,2020-01-08T11:46:43.000Z,"ZEIT ONLINE
@zeitonline
·
2020年1月8日","Sechs Kunstwerke von Anselm Kiefer sollten in einer Ausstellung im chinesischen Shenzhen gezeigt werden. Doch sie verschwanden auf dem Weg dahin. Nun wurden die Werke wiedergefunden – in einem guten Zustand. #Kunst #China
zeit.de
Anselm Kiefer: Museum findet Werke von Anselm Kiefer in China wieder
Monatelang galten sie als verschwunden. Jetzt hat die Leiterin des Ludwig Museums in Koblenz laut einem Bericht sechs Werke des Künstlers in einem Lager wiedergefunden.
2
6",,,2,6,[],https://twitter.com/zeitonline/status/1214876080986886144
ZEIT ONLINE,@zeitonline,2020-01-10T19:45:56.000Z,"ZEIT ONLINE
@zeitonline
·
2020年1月11日","Die Bürger #Taiwan|s sind vor der Wahl am Samstag verunsichert: Was ist wahr und was ist Lüge? #China
zeit.de
Wahlen in Taiwan: Pekings Schatten über Taiwans Wahlkampf
Am Samstag werden in Taiwan Präsident und Parlament gewählt. Doch in einem polarisierten Wahlkampf kämpft das Land gegen chinesischen Einfluss und Falschinformationen.
2
8
6",,2,8,6,[],https://twitter.com/zeitonline/status/1215721453959745538
ZEIT ONLINE,@zeitonline,2020-01-08T16:42:23.000Z,"ZEIT ONLINE
@zeitonline
·
2020年1月9日","In #China ist man als Kind am besten gleich: ein Wunderkind. Alle anderen müssen schon im Kindergartenalter pauken. http://bit.ly/2N84hkg #Archiv
zeit.de
Bildung in China: Die Kinder müssen bis zum Mond fliegen, mindestens
Bildung hat in China einen enormen Stellenwert: Mittelschichtfamilien etwa tun alles, um den Nachwuchs zu fördern. Das hat Folgen – für Kinder, Eltern, die Gesellschaft.
2
4
7",,2,4,7,[],https://twitter.com/zeitonline/status/1214950487218372609
ZEIT ONLINE,@zeitonline,2020-01-06T17:32:10.000Z,"ZEIT ONLINE
@zeitonline
·
2020年1月7日","#China war bislang Garant für stabiles Wirtschaftswachstum – auch in Deutschland. Doch die Skepsis wächst, manche Staaten wollen bloß noch weg von ihrem großen Nachbarn.
zeit.de
China: Gefährlich abhängig
Bisher war das Chinageschäft für viele Länder Garant für Wachstum, jetzt kippt die Stimmung. Viele fürchten den Einfluss aus Peking – auch Deutschland.
1
3
4",,1,3,4,['https://pbs.twimg.com/card_img/1495229921257562112/YNtnL-s2?format=jpg&name=medium'],https://twitter.com/zeitonline/status/1214238240401743873
ZEIT ONLINE,@zeitonline,2020-01-16T19:33:55.000Z,"ZEIT ONLINE
@zeitonline
·
2020年1月17日","Jean-Claude Juncker konnte letztes Jahr #Trump|s neue Autozölle noch verhindern. Nach dem #China-Deal dürften die wiederkommen.
zeit.de
Handelsstreit: Jetzt ist Europa dran
Donald Trump sieht sich in seiner konfrontativen Handelspolitik gegenüber China, Kanada und Mexiko bestätigt. Nun müssen die Europäer mit neuen Strafzöllen rechnen.
3
3
7",,3,3,7,[],https://twitter.com/zeitonline/status/1217892757303447552
ZEIT ONLINE,@zeitonline,2020-01-15T16:12:41.000Z,"ZEIT ONLINE
@zeitonline
·
2020年1月16日","Die Bundesanwaltschaft ermittelt gegen drei Personen wegen Spionageverdachts. Sie sollen Informationen an #China geliefert haben. #Spionage
zeit.de
Razzien: Bundesanwaltschaft ermittelt wegen Spionage für China
Ein deutscher Ex-Diplomat und zwei Mitarbeiter einer deutschen Lobbyfirma sollen Informationen an den chinesischen Staat geliefert haben. Es gab mehrere Durchsuchungen.
1
1
2",,1,1,2,[],https://twitter.com/zeitonline/status/1217479726937387011
ZEIT ONLINE,@zeitonline,2020-01-15T04:59:35.000Z,"ZEIT ONLINE
@zeitonline
·
2020年1月15日","Keine neuen Zölle mehr zwischen den #USA und #China? Geht der #Handelsstreit zu Ende? Außerdem im #Nachrichtenpodcast: Warum dürfen Bewertungsportale einzelne Beiträge aussortieren?
zeit.de
Nachrichtenpodcast: Ist das nun das Ende des Handelsstreits?
Die USA und China wollen ein erstes Handelsabkommen schließen. Entspannt das den Konflikt? Außerdem im Podcast: Warum dürfen Bewertungsportale Beiträge aussortieren?
1
2",,1,,2,[],https://twitter.com/zeitonline/status/1217310335184535553
ZEIT ONLINE,@zeitonline,2020-01-16T10:11:37.000Z,"ZEIT ONLINE
@zeitonline
·
2020年1月16日","#Huawei und #5G in Deutschland? It's complicated! Wir versuchen im #Digitalpodcast, die teils hitzigen Debatten des vergangenen Jahres zu sortieren – mit China-Expertin 
@oertel_janka
 #wirddaswas http://bit.ly/35T6bfe
1
1
8",,1,1,8,[],https://twitter.com/zeitonline/status/1217751250202132481
ZEIT ONLINE,@zeitonline,2020-01-14T01:53:59.000Z,"ZEIT ONLINE
@zeitonline
·
2020年1月14日","Im Handelskonflikt der beiden größten Volkswirtschaften stehen die Zeichen auf Entspannung. Die #USA werfen #China in Währungsfragen nun nicht mehr vor, unredlich zu handeln.
zeit.de
Handelsabkommen: USA lassen Vorwurf der Währungsmanipulation gegen China fallen
Im Handelsstreit der größten Volkswirtschaften stehen die Zeichen auf Entspannung. Kurz vor der Unterzeichnung ihres ersten Handelsdeals kommen die USA China entgegen.
1
3",,1,,3,[],https://twitter.com/zeitonline/status/1216901241885859841
ZEIT ONLINE,@zeitonline,2020-01-15T12:59:05.000Z,"ZEIT ONLINE
@zeitonline
·
2020年1月15日","Ein erstes Handelsabkommen zwischen den #USA und #China, schön und gut: Entscheidender ist, worauf sich die Verhandler aus Peking offenbar nicht eingelassen haben.
zeit.de
Handelsabkommen: Entscheidend ist, was nicht drinsteht
Donald Trump hat sich mit China auf ein Handelsabkommen geeinigt. Darüber kann das Defizit der USA mit China wie gewünscht sinken. Doch zwei Probleme bleiben ungelöst.
1
1
2",,1,1,2,[],https://twitter.com/zeitonline/status/1217431008217268225
ZEIT ONLINE,@zeitonline,2020-01-17T05:29:39.000Z,"ZEIT ONLINE
@zeitonline
·
2020年1月17日","Nach 6,6 Prozent 2018 legte die zweitgrößte Volkswirtschaft #China im vergangenen Jahr nur noch um 6,1 Prozent zu, wie das Pekinger Statistikamt mitteilte.
zeit.de
Konjunktur: Chinas Wirtschaft wächst so langsam wie vor 30 Jahren
Die zweitgrößte Volkswirtschaft der Welt meldet weiter sinkende Wachstumsraten. Das liegt an dem Handelsstreit mit den USA, hat aber auch tiefere Ursachen.
2
1
2",,2,1,2,[],https://twitter.com/zeitonline/status/1218042679097012224
ZEIT ONLINE,@zeitonline,2020-01-22T20:03:57.000Z,"ZEIT ONLINE
@zeitonline
·
2020年1月23日","#Coronavirus: Flug- und Zugverkehr in Wuhan in #China werden laut Staatsmedien gesperrt; die #WHO ruft vorerst keinen Gesundheitsnotstand aus.
zeit.de
Lungenkrankheit: China stoppt offenbar alle Flüge und Züge aus Wuhan
Um die Ausbreitung des Coronavirus einzudämmen, sperrt China laut Staatsmedien Flughafen und Bahnhöfe in Wuhan. In der Stadt war die Krankheit ausgebrochen.
2
7
12",,2,7,12,[],https://twitter.com/zeitonline/status/1220074643136053248
ZEIT ONLINE,@zeitonline,2020-01-25T18:18:56.000Z,"ZEIT ONLINE
@zeitonline
·
2020年1月26日","Radikale Maßnahmen, aber keine offene Informationspolitik: #China bekämpft das #Coronavirus und die Diskussionen in den Sozialen Medien #ChineseNewYear
zeit.de
Coronavirus: Neujahr ohne Feier
Chinas Regierung fordert absolute Transparenz, um das Coronavirus zu bekämpfen, vermeidet aber eine offene Informationspolitik. Die Wut vieler Bürger findet andere Wege.
24
570
555",,24,570,555,[],https://twitter.com/zeitonline/status/1221135377265778693
ZEIT ONLINE,@zeitonline,2020-01-30T11:05:18.000Z,"ZEIT ONLINE
@zeitonline
·
2020年1月30日","Die Ein-Kind-Politik in #China verbreitete die Annahme, dass der gesellschaftliche Status der Frau in kaum einem Land der Welt höher sei. Tatsächlich leben Frauen nirgends so unsicher wie dort. Jetzt fangen sie an, sich zu wehren. #Archiv
zeit.de
Feminismus: Aufstand der weiblichen Einzelkinder
Entweder sie werden schon als Mädchen getötet oder sie machen Karriere: Chinas Frauen hoffen auf #MeToo als einzige wirksame Demokratisierungsbewegung.
9
459
463",,9,459,463,[],https://twitter.com/zeitonline/status/1222838189217472512
ZEIT ONLINE,@zeitonline,2020-01-26T17:04:33.000Z,"ZEIT ONLINE
@zeitonline
·
2020年1月27日","#China reagiert mit drastischen Maßnahmen auf das #Coronavirus. Dafür gibt es international Lob – aber auch Kritik.
zeit.de
China: Mit aller Staatsgewalt gegen das Virus
Millionen unter Quarantäne, abgeriegelte Städte, Mundschutz als Pflicht: China versucht alles, um das Coronavirus einzudämmen. Wie erfolgversprechend ist das?
4
16
17",,4,16,17,[],https://twitter.com/zeitonline/status/1221479045415698443
ZEIT ONLINE,@zeitonline,2020-02-07T09:22:05.000Z,"ZEIT ONLINE
@zeitonline
·
2020年2月7日","Für #China|s Führung politisch heikel: Der Tod des Arztes Li Wenliang in #Wuhan. #Coronavirus http://bit.ly/2S5zkQz
3
7",,,3,7,[],https://twitter.com/zeitonline/status/1225711319522869248
ZEIT ONLINE,@zeitonline,2020-02-05T11:17:58.000Z,"ZEIT ONLINE
@zeitonline
·
2020年2月5日","Die Ausbreitung des #Coronavirus in #China ist auch ein systemisches Problem.
zeit.de
China: Virus im System
China wird von der Kommunistischen Partei autoritär regiert. Der Ausbruch des Coronavirus offenbart die Schwächen des Systems. Alles unter Kontrolle? Der Schein trügt.
20
545
549",,20,545,549,[],https://twitter.com/zeitonline/status/1225015704992256000
ZEIT ONLINE,@zeitonline,2020-02-03T14:59:05.000Z,"ZEIT ONLINE
@zeitonline
·
2020年2月3日","Und wo ist eigentlich Xi Jinping, der Führer der Nation und Schöpfer des ""Traums von China""? Er hat bislang weder Wuhan noch eines der Krankenhäuser im Land besucht, in denen am #Coronavirus erkrankte Menschen behandelt werden.
zeit.de
Coronavirus: Bloß nichts durchsickern lassen
Der Umgang mit dem Coronavirus erschüttert das Vertrauen der Chinesen in ihre Regierung. Weil die kritische Öffentlichkeit fehlt, wird Social Media bedeutsam wie nie.
36
571
577",,36,571,577,[],https://twitter.com/zeitonline/status/1224346573661970434
ZEIT ONLINE,@zeitonline,2020-02-04T15:24:04.000Z,"ZEIT ONLINE
@zeitonline
·
2020年2月4日","Der zum Erliegen gekommene Alltag in #China schafft Raum für Diskussionen. Stille verleitet zum Nachdenken, Aufgestautes bricht sich Bahn. #Coronavirus http://bit.ly/36UKJHm #Abo
zeit.de
China: Alles unter Kontrolle?
Nicht nur für die Gesundheit ist das Coronavirus eine Bedrohung: Unter Chinas Bürgern wächst der Unmut über die Kommunikationspolitik der kommunistischer Führung.
13
510
494",,13,510,494,[],https://twitter.com/zeitonline/status/1224715251440148488
ZEIT ONLINE,@zeitonline,2020-02-14T14:36:04.000Z,"ZEIT ONLINE
@zeitonline
·
2020年2月14日","Bundespräsident Frank-Walter #Steinmeier hat den #USA, #China und #Russland vorgeworfen, durch egoistisches Vorgehen die internationale Ordnung zu gefährden. #MSC2020 http://bit.ly/2OTzoRr
30
447
467",,30,447,467,[],https://twitter.com/zeitonline/status/1228327049867202560
ZEIT ONLINE,@zeitonline,2020-02-15T08:50:58.000Z,"ZEIT ONLINE
@zeitonline
·
2020年2月15日","China meldet 143 neue Todesfälle und 2.641 neue Infektionen durch das #Coronavirus
zeit.de
Coronavirus: Erstmals Toter durch Coronavirus in Europa
Ein chinesischer Tourist ist in Frankreich am neuen Coronavirus gestorben. Es ist der erste Todesfall durch das aus China stammende Virus in einem europäischen Land.
2
6
8",,2,6,8,[],https://twitter.com/zeitonline/status/1228602589417177090
ZEIT ONLINE,@zeitonline,2020-02-18T12:51:12.000Z,"ZEIT ONLINE
@zeitonline
·
2020年2月18日","Werden #Uiguren in #China weggesperrt, weil sie einen Bart tragen oder bestimmte Websites aufrufen? Geheimdokumente legen das nahe.
zeit.de
Uiguren: Neue Geheimdokumente zeigen Verletzung der Religionsfreiheit in China
Einen Bart tragen oder religiöse Bücher besitzen: Um als Uigure in ein Umerziehungslager zu kommen, braucht es nicht viele Gründe. Dies zeigt eine vertrauliche Liste.
4
14
29",,4,14,29,[],https://twitter.com/zeitonline/status/1229750211393789952
ZEIT ONLINE,@zeitonline,2020-02-19T09:22:26.000Z,"ZEIT ONLINE
@zeitonline
·
2020年2月19日","In China sterben immer mehr Menschen am #Coronavirus, in manchen Städten werden Blutkonserven knapp. Die aktuellen Entwicklungen
zeit.de
Coronavirus: Hunderte Passagiere dürfen ""Diamond Princess"" verlassen
An Bord des Kreuzfahrtschiffes sind weitere Reisende erkrankt. 500 Passagiere wurden indes negativ getestet. In Ägypten gibt es doch keinen Infektionsfall. Der Überblick
5
10
12",,5,10,12,[],https://twitter.com/zeitonline/status/1230060060568621056
ZEIT ONLINE,@zeitonline,2020-02-25T17:49:00.000Z,"ZEIT ONLINE
@zeitonline
·
2020年2月26日","Der Plan, das #Coronavirus auf China zu begrenzen, ist gescheitert. Wir stehen an der Schwelle zur Pandemie. Zeit, sich auf einen europaweiten Ausbruch vorzubereiten, schreibt 
@kakape
: http://bit.ly/2Vl4LbH
6
11
22",,6,11,22,[],https://twitter.com/zeitonline/status/1232361869127671808
ZEIT ONLINE,@zeitonline,2020-02-21T12:16:43.000Z,"ZEIT ONLINE
@zeitonline
·
2020年2月21日","In #Südkorea sind inzwischen 204 Menschen am #Coronavirus erkrankt. Es ist der bisher größte bekannte Ausbruch außerhalb von #China. #covid-19 http://bit.ly/2umw3DE
25
609
572",,25,609,572,[],https://twitter.com/zeitonline/status/1230828694899392514
ZEIT ONLINE,@zeitonline,2020-02-24T14:28:44.000Z,"ZEIT ONLINE
@zeitonline
·
2020年2月24日","Todesfälle im Iran, Südkorea und jetzt auch in Italien: Der Ausbruch des #Coronavirus steht an der Schwelle zur 
Pandemie. Der Plan, das Virus #SARSCoV2 weitgehend auf #China zu begrenzen, ist jedenfalls gescheitert.
zeit.de
Coronavirus in Italien: Eindämmen war gestern
Der Plan, das Coronavirus auf China zu begrenzen, ist gescheitert. Wir stehen an der Schwelle zur Pandemie. Zeit, sich auf einen europaweiten Ausbruch vorzubereiten.
20
627
628",,20,627,628,[],https://twitter.com/zeitonline/status/1231949083616665600
ZEIT ONLINE,@zeitonline,2020-02-23T12:09:09.000Z,"ZEIT ONLINE
@zeitonline
·
2020年2月23日","Fünf Wochen nach dem Ausbruch der #Corona-Epidemie stehen große Teile Chinas noch immer still. Obwohl die Regierung die Bevölkerung offiziell seit dem 10. Februar dazu auffordert, zurück an die Arbeit zu gehen. #China
zeit.de
China: Ein Land steht still
Die Coronakrise geht an die Substanz der chinesischen Wirtschaft. Auch die deutschen Unternehmen in China machen Verluste. Wie groß die sind, ist noch nicht klar.
21
609
606",,21,609,606,[],https://twitter.com/zeitonline/status/1231551567674867718
ZEIT ONLINE,@zeitonline,2020-03-04T06:31:46.000Z,"ZEIT ONLINE
@zeitonline
·
2020年3月4日","Eigentlich müsste in #China der Kampf gegen #Corona oberste Priorität haben. Aber die Regierung lässt trotzdem weiterhin Kritiker verhaften.
zeit.de
China: Die Verfolgungsroutine geht weiter
In China ändert der Ausnahmezustand wegen Corona nichts an der Verhaftung von Oppositionellen. Unerwünscht ist auch die kritische Berichterstattung ausländischer Medien.
25
835
785",,25,835,785,[],https://twitter.com/zeitonline/status/1235090541618098177
ZEIT ONLINE,@zeitonline,2020-03-04T14:54:29.000Z,"ZEIT ONLINE
@zeitonline
·
2020年3月4日","""Was mich an der Kommunistischen Partei immer erstaunt hat, ist ihre enorme Flexibilität."" Joschka Fischer über die Folgen des #Coronavirus #Covid_19 für China, dessen Verhältnis zu Trump und die Frage, warum die Volksrepublik zu groß ist, um zu scheitern.
zeit.de
Joschka Fischer: ""Statt aus den Fehlern zu lernen, eskaliert man diese noch""
Die EU unterschätzt den Expansionsdrang Chinas, warnt der frühere Außenminister Joschka Fischer. Ein Gespräch über Pekings Ambitionen und die Folgen für die Welt.
27
862
848",,27,862,848,[],https://twitter.com/zeitonline/status/1235217052698370050
ZEIT ONLINE,@zeitonline,2020-03-10T19:03:16.000Z,"ZEIT ONLINE
@zeitonline
·
2020年3月11日","Xi Jinping war in #Wuhan: Die Führung in #Peking geht davon aus, dass das #Coronavirus eingedämmt ist. 
@yangxifan
 über die Lage in #China
zeit.de
China: Ein Propagandageschenk für Xi Jinping
Während sich das Coronavirus im Rest der Welt ausbreitet, gehen die Neuinfektionen in China zurück. Dem autoritären Regime kann die Krise am Ende sogar helfen.
31
751
767",,31,751,767,[],https://twitter.com/zeitonline/status/1237453987584126976
ZEIT ONLINE,@zeitonline,2020-03-01T10:29:25.000Z,"ZEIT ONLINE
@zeitonline
·
2020年3月1日","Noch ist unklar, wie stark sich das #Coronavirus weltweit ausbreiten wird. Sollten die Ausmaße ähnlich wie in China sein, kommt eine schwere Rezession auf uns zu, schreibt 
@zacys
: https://trib.al/aUw1na2 #covid2019
4
13
15",,4,13,15,[],https://twitter.com/zeitonline/status/1234063183930896385
ZEIT ONLINE,@zeitonline,2020-03-16T06:24:42.000Z,"ZEIT ONLINE
@zeitonline
·
2020年3月16日","Leider schauen manche im Westen mit einer gewissen Bewunderung darauf, wie #China derzeit die massenhafte Ausbreitung des #Coronavirus im eigenen Land eindämmt. Das Land kann uns kein Vorbild sein. #Covid-19
zeit.de
Kampf gegen Covid-19: Wir müssen über China reden
Die Corona-Krise zeigt, wie abhängig wir von China sind. Doch auch wegen der menschenverachtenden Politik muss sich der Westen Chinas Machthunger entgegenstellen.
72
931
1,152",,72,931,"1,152",[],https://twitter.com/zeitonline/status/1239437418627022849
ZEIT ONLINE,@zeitonline,2020-03-19T10:38:08.000Z,"ZEIT ONLINE
@zeitonline
·
2020年3月19日","Zwischen den #USA und #China gibt es viele Konflikte. Nun ist das #Coronavirus dazugekommen.
zeit.de
China und USA: Das Virus als Propagandawaffe
Das Verhältnis zwischen den USA und China war belastet, durch die Covid-19-Krise wird es noch schlechter. Das liegt an Pekings Propaganda – und an Trumps Politikstil.
18
623
596",,18,623,596,[],https://twitter.com/zeitonline/status/1240588360197996546
ZEIT ONLINE,@zeitonline,2020-03-21T11:24:48.000Z,"ZEIT ONLINE
@zeitonline
·
2020年3月21日","""Die Menschen im Land sind während der Corona-Krise viel patriotischer geworden."" #China #Covid_19 #Coronavirus
zeit.de
Propaganda: ""Das wäre in China nicht passiert""
Nach dem Ausbruch des Coronavirus in Wuhan stand Chinas Führung in der Bevölkerung plötzlich unter Druck. Doch inzwischen hat sie die öffentliche Meinung wieder im Griff.
32
729
740",,32,729,740,['https://pbs.twimg.com/card_img/1500744251864461312/5rKagmD-?format=jpg&name=medium'],https://twitter.com/zeitonline/status/1241324877333831681
ZEIT ONLINE,@zeitonline,2020-03-29T19:01:39.000Z,"ZEIT ONLINE
@zeitonline
·
2020年3月30日","Wer hat Schuld an der #Corona-Pandemie? China, die Weltbevölkerung, der Spätkapitalismus? Solche Gedanken sind zynisch und reaktionär.
zeit.de
Pandemien: Die Heimsuchung
Wer hat Schuld an der Corona-Epidemie? Schon immer haben Seuchen die kulturelle Fantasie angesteckt. Die Zivilisation verdiene es ja nicht anders. Wie zynisch.
32
611
634",,32,611,634,['https://pbs.twimg.com/card_img/1500403048237404167/US1ynIBx?format=jpg&name=medium'],https://twitter.com/zeitonline/status/1244338950883459072
ZEIT ONLINE,@zeitonline,2020-03-29T11:26:58.000Z,"ZEIT ONLINE
@zeitonline
·
2020年3月29日","Dass die Zahl der Infektionen in Hubei nicht mehr ansteigt, ist wunderbar, aber kein Grund das schneidige Einparteiensystem #China|s zu feiern, meint Matthias Nass.
zeit.de
China: Ein krankes System
Erst richtete China mit dem Corona-Ausbruch den größtmöglichen Schlamassel an. Nun feiert sich das Regime mit seinem autoritären Regierungssystem als Sieger. Von wegen!
20
629
676",,20,629,676,['https://pbs.twimg.com/card_img/1502027441044623360/nVDsh1YJ?format=jpg&name=medium'],https://twitter.com/zeitonline/status/1244224528248684544
ZEIT ONLINE,@zeitonline,2020-03-23T11:54:04.000Z,"ZEIT ONLINE
@zeitonline
·
2020年3月23日","Falls der Trend anhält, könnte die #China von seiner Führung bald zur virusfreien Zone erklärt werden. Entspannung bedeutet das aber nur bedingt: Die Volksrepublik ist extrem abhängig von der schwächelnden Weltwirtschaft. #Coronavirus
zeit.de
Coronavirus in China: Allein wird China nicht gesund
Das Coronavirus scheint in China eingedämmt, bald schon könnte die Führung es für besiegt erklären. Die Zeit drängt: Ohne Wirtschaftswachstum drohen neue Probleme.
11
12
24",,11,12,24,[],https://twitter.com/zeitonline/status/1242057020964065281
ZEIT ONLINE,@zeitonline,2020-04-09T13:16:38.000Z,"ZEIT ONLINE
@zeitonline
·
2020年4月9日","Der deutsche Export hat wegen der #Coronavirus-Krise bereits im Februar an Tempo verloren. Da zeigten sich bereits erste Effekte der Pandemie im Handel mit #China.
zeit.de
Deutscher Export: Außenhandel schon vor dem Lockdown belastet
Für den Februar haben die deutschen Exporteure eine gemischte Bilanz gezogen: Insgesamt führten sie zwar mehr Waren aus. Die Geschäfte mit China aber sanken da bereits.
15
635
643",,15,635,643,[],https://twitter.com/zeitonline/status/1248238393487745025
ZEIT ONLINE,@zeitonline,2020-03-31T04:35:35.000Z,"ZEIT ONLINE
@zeitonline
·
2020年3月31日","""Ohne China wird die Krise nicht beigelegt werden können."" Theo Sommer befasst sich in unserer Kolumne ""Fünf vor Acht"" mit Wegen aus der #Corona-Pandemie.
zeit.de
Wirtschaftskrise: Das Virus kennt keine Grenzen
Die USA sind ein Totalausfall, humanitäre Hilfe geht vor Sanktionen – und ohne China geht's nicht: Wie die Staatengemeinschaft auf die Corona-Krise reagieren sollte.
20
640
640",,20,640,640,[],https://twitter.com/zeitonline/status/1244845776083320833
ZEIT ONLINE,@zeitonline,2020-04-02T05:50:36.000Z,"ZEIT ONLINE
@zeitonline
·
2020年4月2日","#China hält #Uiguren in Lagern gefangen, das weiß nun die ganze Welt. Ändert das etwas? Die Exil-Uiguren in Deutschland wagen kaum zu hoffen. Zu groß ist Chinas Macht. #Archiv
zeit.de
Uiguren: Die blauen Wölfe
In keiner europäischen Stadt leben so viele Uiguren wie in München. Sie sind froh, dass nun die ganze Welt über Chinas Lager weiß – frei fühlen können sie sich nicht.
31
64
142",,31,64,142,[],https://twitter.com/zeitonline/status/1245589430452113408
ZEIT ONLINE,@zeitonline,2020-03-31T19:57:11.000Z,"ZEIT ONLINE
@zeitonline
·
2020年4月1日","Erst richtete China den größtmöglichen Schlamassel an. Jetzt gibt sich das Regime als Sieger. Von wegen! https://trib.al/E8XU57E #Coronavirus #COVID2019
5
4
10",,5,4,10,[],https://twitter.com/zeitonline/status/1245077702534627328
ZEIT ONLINE,@zeitonline,2020-04-18T06:34:12.000Z,"ZEIT ONLINE
@zeitonline
·
2020年4月18日","Arbeitslosigkeit, ausbleibende Binnennachfrage, Pandemie-geplagte Exportmärkte: Die Wirtschaft von #China ist eingebrochen. #Corona
zeit.de
Corona-Wirtschaftskrise: Der Retter der Weltwirtschaft fällt dieses Jahr aus
Chinas Wirtschaft ist eingebrochen, die Arbeitslosigkeit hoch. Peking versucht jetzt kleine und mittlere Betriebe zu stützen. Global wird das der Wirtschaft nicht helfen.
22
722
735",,22,722,735,[],https://twitter.com/zeitonline/status/1251398607967793152
ZEIT ONLINE,@zeitonline,2020-04-13T15:45:36.000Z,"ZEIT ONLINE
@zeitonline
·
2020年4月13日","Eine der Lehren aus der Corona-Pandemie müsse sein, schreibt unsere Kolumnistin Franka Lu, dass Europa die Verantwortlichkeiten benennen müsse, wenn es um Beginn und Ausbreitung dieser Pandemie geht. ""Auch wenn China solche offenen Worte verärgern werden.""
zeit.de
China: Dieses Schlachtfeld hat keine Grenzen
China ist Ursprung der Corona-Pandemie. Nun inszeniert sich die Regierung als Helfer anderer Staaten in Not. Sie folgt dabei der Strategie des uneingeschränkten Krieges.
29
691
737",,29,691,737,[],https://twitter.com/zeitonline/status/1249725432183824385
ZEIT ONLINE,@zeitonline,2020-04-25T05:07:57.000Z,"ZEIT ONLINE
@zeitonline
·
2020年4月25日","#China|s internationale Antwort auf die #Corona-Krise: Diplomatie, die keine ist, und Propaganda auf Kosten anderer. #USA #EU
zeit.de
Corona-Weltpolitik: China will das Trump-Versagen für sich nutzen
Die USA ziehen sich aus der Weltpolitik zurück. Peking gibt sich in der Pandemie als gutmütiger Helfer. Doch das ideologische Korsett lässt sich nicht leicht abstreifen.
17
639
659",,17,639,659,[],https://twitter.com/zeitonline/status/1253913615545053184
ZEIT ONLINE,@zeitonline,2020-04-27T16:29:13.000Z,"ZEIT ONLINE
@zeitonline
·
2020年4月28日","Die Bundesregierung ist überzeugt: #China hat versucht, deutsche Beamte zu beeinflussen, damit diese in der #Corona-Krise Schmeichelhaftes über die Volksrepublik sagen. Die chinesische Botschaft bestreitet diesen Vorwurf. https://zeit.de/politik/ausland/2020-04/china-regierung-vorwuerfe-einflussnahme-deutsche-ministerien-corona-krise…
13
540
557",,13,540,557,[],https://twitter.com/zeitonline/status/1254809837780774913
ZEIT ONLINE,@zeitonline,2020-04-21T16:31:59.000Z,"ZEIT ONLINE
@zeitonline
·
2020年4月22日","#China|s Führung will #Hongkong|s Demokratie im Schatten von #Corona endgültig bezwingen: 
@agoerlach
 über die Zukunft der Stadt.
zeit.de
Hongkong: Chinas unmissverständliche Drohung
Hongkongs Peking-treuer Regierung droht bei den Wahlen im September eine Niederlage. Chinas Führung erhöht deswegen den Druck auf die Demokratiebewegung.
18
635
638",,18,635,638,[],https://twitter.com/zeitonline/status/1252636208930357248
ZEIT ONLINE,@zeitonline,2020-04-28T04:32:54.000Z,"ZEIT ONLINE
@zeitonline
·
2020年4月28日","US-Präsident #DonaldTrump hat einen Schuldigen für die #Corona-Pandemie gefunden: #China. Er hofft auf eine ""sehr substanzielle"" Entschädigung.
zeit.de
Coronavirus: Donald Trump fordert Entschädigungen von China
Für den US-Präsidenten Donald Trump trägt China die Schuld an der Pandemie. Jetzt lässt er prüfen, ob das Land finanziell ""zur Rechenschaft gezogen"" werden kann.
15
14
15",,15,14,15,[],https://twitter.com/zeitonline/status/1254991960940609537
ZEIT ONLINE,@zeitonline,2020-05-07T10:36:52.000Z,"ZEIT ONLINE
@zeitonline
·
2020年5月7日","Kaum jemand schließt einen Laborunfall in #Wuhan mit Sars-CoV-2 kategorisch aus – die meisten Fachleute halten eine Verbreitung auf natürlichem Wege aber für wahrscheinlicher. https://trib.al/4ApURFJ #Abo #Corona #China #Coronavirus
zeit.de
Ursprung des Coronavirus: Wo alles begann
Immer aggressiver beschuldigt die amerikanische Regierung China, den wahren Ursprung des Coronavirus zu verschleiern. Was man über den Anfang der Pandemie weiß.
6
6
17",,6,6,17,[],https://twitter.com/zeitonline/status/1258345047449382912
ZEIT ONLINE,@zeitonline,2020-05-02T12:00:18.000Z,"ZEIT ONLINE
@zeitonline
·
2020年5月2日","#China-Versteher im Westen fördern indirekt Rassismus und Arroganz in Pekings Führung. #Coronavirus #Covid-19
zeit.de
Corona-Ausbruch: China-Versteher machen alles noch schlimmer
In Politik und Medien gibt es eine Tendenz, Kritik an Peking zu beschwichtigen. Doch damit schadet man all jenen in China, die sich mutig dem Regimediktat widersetzen.
20
571
589",,20,571,589,[],https://twitter.com/zeitonline/status/1256554101111955461
ZEIT ONLINE,@zeitonline,2020-05-06T15:41:04.000Z,"ZEIT ONLINE
@zeitonline
·
2020年5月6日","Die #EU beschäftigt sich auf einem Gipfel mit dem #Westbalkan. Das liegt auch an #China.
zeit.de
Westbalkangipfel: Kann nur China helfen? Nicht doch, wirbt die EU
Als Serbiens Präsident die Chinesen als echte Freunde pries, wurde man in Brüssel nervös: Driftet der Westbalkan von Europa weg? Nun wird deswegen ein Gipfel abgehalten.
6
638
637",,6,638,637,[],https://twitter.com/zeitonline/status/1258059211910656002
ZEIT ONLINE,@zeitonline,2020-05-03T11:39:38.000Z,"ZEIT ONLINE
@zeitonline
·
2020年5月3日","Außenminister Heiko #Maas fordert von China, sich an der Aufklärung über den Ursprung des #Coronavirus zu beteiligen. Unser Newsblog #Covid_19 #Corona
zeit.de
Coronavirus: Das Liveblog zum Nachlesen
Der Lockdown in Deutschland wurde gelockert, die Verantwortung obliegt nun den Bundesländern und den einzelnen Landkreisen. Lesen Sie hier das Liveblog nach.
17
556
572",,17,556,572,[],https://twitter.com/zeitonline/status/1256911288183263232
ZEIT ONLINE,@zeitonline,2020-05-12T05:07:47.000Z,"ZEIT ONLINE
@zeitonline
·
2020年5月12日","Die Ein-Kind-Politik in China verbreitete die Annahme, dass der gesellschaftliche Status der Frau in kaum einem Land der Welt höher sei. Tatsächlich leben Frauen nirgends so unsicher wie dort. Jetzt fangen sie an, sich zu wehren. #Archiv
zeit.de
Feminismus: Aufstand der weiblichen Einzelkinder
Entweder sie werden schon als Mädchen getötet oder sie machen Karriere: Chinas Frauen hoffen auf #MeToo als einzige wirksame Demokratisierungsbewegung.
7
640
710",,7,640,710,[],https://twitter.com/zeitonline/status/1260074170387517440
ZEIT ONLINE,@zeitonline,2020-05-11T06:40:31.000Z,"ZEIT ONLINE
@zeitonline
·
2020年5月11日","Mit allen politischen und wirtschaftlichen Mitteln versucht #China in der Welt ein tadelloses Bild von sich zu verbreiten. Wer daran kratzt, wird mundtot gemacht.
zeit.de
China : Schleichender Angriff
Mit allen politischen und wirtschaftlichen Mitteln versucht China, in der Welt ein tadelloses Bild von sich zu verbreiten. Wer daran kratzt, wird mundtot gemacht.
19
794
817",,19,794,817,[],https://twitter.com/zeitonline/status/1259735116433276928
ZEIT ONLINE,@zeitonline,2020-05-12T04:06:45.000Z,"ZEIT ONLINE
@zeitonline
·
2020年5月12日","#Europa darf sich nicht in die US-chinesische Konfrontation hineinziehen lassen, schreibt Theo Sommer. #Coronavirus #COVID19 #China #USA
zeit.de
Corona-Weltpolitik: Es wird anarchischer
Peking verspielt Chinas internationale Vertrauenswürdigkeit, US-Präsident Donald Trump macht die USA weltpolitisch belanglos. Wo bleibt Europa in der Corona-Krise?
4
10
29",,4,10,29,[],https://twitter.com/zeitonline/status/1260058808711348224
ZEIT ONLINE,@zeitonline,2020-05-17T15:32:15.000Z,"ZEIT ONLINE
@zeitonline
·
2020年5月17日","China wollte eigentlich sicherstellen, dass nur medizinische Schutzausrüstung ins Ausland exportiert wird, die eine zertifizierte Qualität aufweist. Diese Bestimmung führt nun zu einer Verknappung. #Zoll #Schutzausrüstung #Export #China #Coronakrise
zeit.de
Medizinprodukte aus China: Verknappung durch den Zoll
China verschärft die Exportregeln für Masken und andere Schutzausrüstung. In Deutschland könnte die Ware knapper werden.
6
5
9",,6,5,9,[],https://twitter.com/zeitonline/status/1262043261239246849
ZEIT ONLINE,@zeitonline,2020-05-22T10:52:23.000Z,"ZEIT ONLINE
@zeitonline
·
2020年5月22日","Die Regierung von #Hongkong hat das von #China geplante neue #Sicherheitsgesetz für die Sonderverwaltungszone verteidigt. Das Gesetz werde die Unabhängigkeit der Justiz nicht beeinträchtigen, sagte Regierungschefin Carrie Lam.
zeit.de
China: Hongkong weist Kritik an geplantem Sicherheitsgesetz zurück
Die Unabhängigkeit der Justiz sei dadurch nicht gefährdet, sagt Regierungschefin Carrie Lam. China will eigene Sicherheitsbehörden in der Sonderverwaltungszone einsetzen.
21
997
969",,21,997,969,[],https://twitter.com/zeitonline/status/1263784768610668546
ZEIT ONLINE,@zeitonline,2020-05-29T22:03:30.000Z,"ZEIT ONLINE
@zeitonline
·
2020年5月30日","US-Präsident Donald #Trump leitet das Ende der Sonderbehandlung von #Hongkong in die Wege. Der Schritt verstärkt den Konflikt mit #China.
zeit.de
China: Trump leitet Ende des Ausnahmestatus Hongkongs ein
Die USA reagieren nach eigenen Angaben auf Einmischungsversuche Chinas. Der US-Präsident kündigte außerdem Einreiseverbote an. Hongkongs Regierung kritisiert den Schritt.
17
673
687",,17,673,687,[],https://twitter.com/zeitonline/status/1266490376178872320
ZEIT ONLINE,@zeitonline,2020-05-26T04:01:14.000Z,"ZEIT ONLINE
@zeitonline
·
2020年5月26日","Durch die #Corona-Krise ist #China ökonomisch geschwächt und verliert Freunde. Doch seine #Hongkong-Politik zeigt: Machtpolitisch bleibt das Regime kompromisslos. #Coronavirus
zeit.de
Nationaler Volkskongress: Chinas Ehrgeiz ist ungebrochen
In der Corona-Krise muss China wirtschaftlich zurückstecken, der Umgang mit der Pandemie hat sein Ansehen beschädigt. Doch machtpolitisch bleibt das Regime kompromisslos.
10
731
726",,10,731,726,[],https://twitter.com/zeitonline/status/1265130849005178881
ZEIT ONLINE,@zeitonline,2020-05-27T17:56:59.000Z,"ZEIT ONLINE
@zeitonline
·
2020年5月28日","""Keine vernünftige Person kann heute angesichts der Lage vor Ort behaupten, dass #Hongkong noch einen hohen Grad an Autonomie von #China beibehält"": US-Außenminister Mike Pompeo.
zeit.de
Sonderverwaltungszone: US-Regierung erkennt Hongkong Sonderstatus ab
Weil China sich zunehmend einmische, sei der bisherige Status nicht mehr haltbar, sagt US-Außenminister Pompeo. In Hongkong protestieren Tausende gegen geplante Gesetze.
10
759
769",,10,759,769,[],https://twitter.com/zeitonline/status/1265703562472042499
ZEIT ONLINE,@zeitonline,2020-06-06T12:39:19.000Z,"ZEIT ONLINE
@zeitonline
·
2020年6月6日","Wird Asien sich weiter mit sich selbst vernetzen – und vom Rest der Welt abwenden? Ganz eindeutig: Ja. Aber das bedeutet nicht, dass die ganze Region dabei um #China kreist, wie die meisten westlichen Kommentatoren glauben.
zeit.de
China: Bitte nicht streicheln
Der Westen schafft es nicht, die richtige Distanz zu China zu finden – anders als Pekings Nachbarn. Die asiatischen Länder zeigen in der Pandemie neues Selbstbewusstsein.
9
698
684",,9,698,684,[],https://twitter.com/zeitonline/status/1269247496901005312
ZEIT ONLINE,@zeitonline,2020-06-03T10:20:07.000Z,"ZEIT ONLINE
@zeitonline
·
2020年6月3日","Der britische Premier Boris #Johnson hat Millionen Menschen aus #Hongkong einen erleichterten Zugang zur britischen Staatsbürgerschaft angeboten, sollte #China mit seinem Sicherheitsgesetz ernst machen.
zeit.de
Großbritannien: Boris Johnson bietet Hongkongern erleichterte Einbürgerung an
Sollte China die Autonomie Hongkongs einschränken, will Großbritannien den Menschen in der Sonderverwaltungszone helfen. China kritisierte die Überlegungen scharf.
5
16
65",,5,16,65,[],https://twitter.com/zeitonline/status/1268125301479018497
ZEIT ONLINE,@zeitonline,2020-06-04T14:22:48.000Z,"ZEIT ONLINE
@zeitonline
·
2020年6月4日","Vor allem die Einhaltung des strengen europäischen Datenschutzes soll #GaiaX im Vergleich zu Großanbietern aus #China und den #USA attraktiv machen. https://trib.al/nIRphp2
1
6
25",,1,6,25,[],https://twitter.com/zeitonline/status/1268548765784424449
ZEIT ONLINE,@zeitonline,2020-05-31T09:47:50.000Z,"ZEIT ONLINE
@zeitonline
·
2020年5月31日","Bei einem der rund 200 Passagiere aus Deutschland, die am Samstag in #China eingetroffen sind, ist das #Coronavirus nachgewiesen worden.
zeit.de
Coronavirus: Infektionsfall bei erstem Rückkehrflug nach China
180 Menschen sind von Frankfurt nach Tianjin geflogen worden. An Bord war ein Mann, bei dem das Coronavirus festgestellt wurde. Vor dem Abflug war sein Test negativ.
9
15
23",,9,15,23,[],https://twitter.com/zeitonline/status/1267030012915580928
ZEIT ONLINE,@zeitonline,2020-06-10T16:38:09.000Z,"ZEIT ONLINE
@zeitonline
·
2020年6月11日","Die Schuppen von den vom Aussterben bedrohten Schuppentieren dürfen in #China nicht mehr in der TCM verwendet werden. #Pangolin
zeit.de
Artenschutz: China streicht Schuppentiere von Liste der traditionellen Medizin
Auf Schwarzmärkten begehrt, mögliche Virus-Überträger – nun als Heilmittel tabu. Die Entscheidung der chinesischen Behörden ist wohl auch eine Reaktion auf die Pandemie.
4
10
31",,4,10,31,[],https://twitter.com/zeitonline/status/1270757153431793665
ZEIT ONLINE,@zeitonline,2020-06-14T02:33:35.000Z,"ZEIT ONLINE
@zeitonline
·
2020年6月14日","In #China wächst die Angst vor einer zweiten #Coronavirus-Welle. Das Land meldet 57 neue Fälle an einem Tag - so viele seit April nicht mehr. Fast alle der Infizierten haben sich in #Peking angesteckt.
zeit.de
Covid-19: China meldet höchsten Anstieg an Coronavirus-Neuinfektionen seit April
In China wächst die Angst vor einer zweiten Coronavirus-Welle. Das Land meldet 57 neue Fälle an einem Tag. Fast alle der Infizierten haben sich in Peking angesteckt.
11
25
26",,11,25,26,[],https://twitter.com/zeitonline/status/1271994164478128128
ZEIT ONLINE,@zeitonline,2020-06-12T05:56:43.000Z,"ZEIT ONLINE
@zeitonline
·
2020年6月12日","#Twitter hat mehr als 170.000 Nutzerkonten mit dubiosen Informationen und China-Propaganda von seiner Plattform entfernt.
zeit.de
Desinformation: Twitter löscht 170.000 Konten mit chinesischer Propaganda
Der US-Kurznachrichtendienst hat mehr als 170.000 Accounts von seiner Plattform entfernt. Sie sollen Desinformation im Auftrag Chinas verbreitet haben.
2
12
31",,2,12,31,[],https://twitter.com/zeitonline/status/1271320506956840962
ZEIT ONLINE,@zeitonline,2020-06-18T04:34:33.000Z,"ZEIT ONLINE
@zeitonline
·
2020年6月18日","#China beherrscht den Weltmarkt an medizinischer Schutzausrüstung und zwingt alle anderen Länder in einen Bieterwettbewerb. Das Land ging selten so aggressiv vor. Europas Regierungen müssen sich jetzt wehren, schreibt Franka Lu in ihrer Kolumne.
zeit.de
China und Europa: Rückzug aus Selbstschutz
Obwohl Chinas Scheitern in der Corona-Krise offensichtlich wurde, ist seine Wirtschaftsmacht fast ungebrochen. Europas Unternehmen brauchen die Hilfe ihrer Regierungen!
8
15
28",,8,15,28,[],https://twitter.com/zeitonline/status/1273474156672290817
ZEIT ONLINE,@zeitonline,2020-06-24T15:18:20.000Z,"ZEIT ONLINE
@zeitonline
·
2020年6月24日","In der Zweieinhalb-Mächte-Welt: Was #Europa fehlt, um mit #China, #Russland und den #USA zu bestehen.
zeit.de
Europäische Union: Mit Parlieren und Lavieren ist es nicht mehr getan
Wie kann Europa zwischen Amerika, China und der Halb-Supermacht Russland bestehen? Nicht mit Predigten und Appellen, sondern einem strategischen Bewusstseinswandel.
12
588
600",,12,588,600,[],https://twitter.com/zeitonline/status/1275810496646651909
ZEIT ONLINE,@zeitonline,2020-06-21T09:16:06.000Z,"ZEIT ONLINE
@zeitonline
·
2020年6月21日","Die Corona-Krise hat #Europa geschwächt. #China scheint dagegen gut durch die Pandemie zu kommen. Und danach? Wie verschieben sich die #Machtverhältniss ? Hier streiten Matthias #Döpfner und Kishore #Mahbubani.
zeit.de
China: Wie gefährlich ist China?
Die Krise macht Europa schwächer und Peking angriffslustiger. Was folgt daraus? Der Streit von Springer-Chef Döpfner und Asien-Erklärer Mahbubani hat viele interessiert.
23
735
740",,23,735,740,[],https://twitter.com/zeitonline/status/1274632172574584832
ZEIT ONLINE,@zeitonline,2020-07-04T20:50:14.000Z,"ZEIT ONLINE
@zeitonline
·
2020年7月5日","Mit der Übung der beiden Flugzeugträger solle ein Zeichen ""für einen freien und offenen #Indopazifik"" gesetzt werden, sagte ein US-Marinesprecher. Die US-Regierung verteidige das Recht aller Nationen auf einen freien Schiffs- und Flugverkehr. #China #USA
zeit.de
China: US-Militärübung im Südchinesischen Meer
Die US-Marine hat eine Militärübung im Südchinesischen Meer durchgeführt – für einen ""freien Indopazifik"". Chinas Regierung warnte vor einer Eskalation.
13
7
15",,13,7,15,[],https://twitter.com/zeitonline/status/1279517902819950593
ZEIT ONLINE,@zeitonline,2020-06-30T05:31:36.000Z,"ZEIT ONLINE
@zeitonline
·
2020年6月30日","Die Europäer suchen im Dialog mit Peking ein Gleichgewicht zwischen Konkurrenz und Kooperation, meint Theo Sommer. #China #EU
zeit.de
China-Politik: Der Ton ist robust geworden
Eigentlich will die EU keine Konfrontation mit China. Doch in Peking herrscht inzwischen großmächtige Überheblichkeit und macht einen Dialog kaum noch möglich.
16
596
593",,16,596,593,[],https://twitter.com/zeitonline/status/1277837165897146369
ZEIT ONLINE,@zeitonline,2020-07-02T16:59:38.000Z,"ZEIT ONLINE
@zeitonline
·
2020年7月3日","In #Hongkong gilt nun das umstrittene #Sicherheitsgesetz. Viele Protestgruppen lösen sich nun auf, auch die einflussreiche Gruppierung #Demosisto. Das ist aber nicht das Ende des Widerstands gegen #China.
zeit.de
Demokratiebewegung in Hongkong: ""Wir müssen neue Formen des Protests finden""
Kritische Stimmen sollen in Hongkong keinen Platz mehr finden, sagt Isaac Cheng von der Widerstandsgruppe Demosisto. Und erklärt, warum sich die Gruppe aufgelöst hat.
7
482
499",,7,482,499,[],https://twitter.com/zeitonline/status/1278735092874121216
ZEIT ONLINE,@zeitonline,2020-07-01T19:53:39.000Z,"ZEIT ONLINE
@zeitonline
·
2020年7月2日","In China kam es vermutlich zu Infektionen mit einer neuen Variante von Sars-CoV-2. Wieso sich Virenerbgut verändert und ob diese Mutationen #Corona ansteckender und lebensbedrohlicher machen, beantworten wir hier: https://trib.al/ZKWwEI0
4
15
25",,4,15,25,[],https://twitter.com/zeitonline/status/1278416495803056134
ZEIT ONLINE,@zeitonline,2020-07-18T16:19:31.000Z,"ZEIT ONLINE
@zeitonline
·
2020年7月19日","Jan #Marsalek ist offenbar in Belarus, das Kanzleramt hat sich in China wohl für #Wirecard eingesetzt und die Opposition fordert einen #Untersuchungsausschuss: Die neuesten Entwicklungen im #Bilanzskandal.
zeit.de
Jan Marsalek: Wirecard-Manager soll nach Belarus geflüchtet sein
Jan Marsalek wird per Haftbefehl gesucht. Laut einem Bericht gibt es neue Hinweise zu seiner Flucht. Die Opposition fordert im Fall Wirecard einen Untersuchungsausschuss.
3
5
20",,3,5,20,[],https://twitter.com/zeitonline/status/1284523202438402049
ZEIT ONLINE,@zeitonline,2020-07-14T18:37:20.000Z,"ZEIT ONLINE
@zeitonline
·
2020年7月15日","""Es ist unbestritten, dass für den Ausbau der neuen #5G-Mobilfunknetze hohe Sicherheitsstandards gebraucht werden"", sagte ein Regierungssprecher. #huawei #china
zeit.de
5G-Mobilfunknetz: Deutschland will Huawei bei 5G vorerst nicht ausschließen
Die USA und Großbritannien werden ihr 5G-Netz ohne chinesische Partner ausbauen. Die Bundesregierung legt sich noch nicht fest. Sie will ein gemeinsames Vorgehen der EU.
12
455
470",,12,455,470,[],https://twitter.com/zeitonline/status/1283108335978414081
ZEIT ONLINE,@zeitonline,2020-07-09T17:49:39.000Z,"ZEIT ONLINE
@zeitonline
·
2020年7月10日","Die USA sanktionieren chinesische Politiker wegen der Unterdrückung der #Uiguren in #China. Man sei entschlossen, ""jene zur Rechenschaft zu ziehen, die gegen #Menschenrechte in Xinjiang und in der ganzen Welt verstoßen"", sagt Finanzminister Steven Mnuchin.
zeit.de
Uiguren-Unterdrückung: US-Regierung verhängt Sanktionen gegen chinesische Politiker
Das Finanzministerium belegt mehrere Politiker und eine Institution mit Strafen. Sie sollen die Unterdrückung der Uiguren in China entscheidend vorangetrieben haben.
13
456
470",,13,456,470,[],https://twitter.com/zeitonline/status/1281284396578988033
ZEIT ONLINE,@zeitonline,2020-07-13T14:49:33.000Z,"ZEIT ONLINE
@zeitonline
·
2020年7月13日","Längst sind China und Europa keine Zentren der #Covid_19-Pandemie mehr. Stattdessen tötet das #Coronavirus in Lateinamerika und Südasien Tausende. Diese Daten und Geschichten zeigen, welche Orte besonders betroffen sind.
zeit.de
Coronavirus: So geht die Pandemie um die Welt
Wuhan, Bergamo und New York haben Schlimmstes hinter sich. Covid-19 trifft nun neue Orte. Wir zeigen den Verlauf der Pandemie und wo das Sterben erst begonnen hat.
16
20",,,16,20,[],https://twitter.com/zeitonline/status/1282688620726542337
ZEIT ONLINE,@zeitonline,2020-07-19T15:26:39.000Z,"ZEIT ONLINE
@zeitonline
·
2020年7月19日","Laut britischer Regierung sei klar, dass es ""schwerwiegende, schockierende Menschenrechtsverletzungen"" gegenüber den #Uiguren in #China gebe. Die Welt müsse dies zur Kenntnis nehmen.
zeit.de
China: Großbritannien kritisiert Chinas Umgang mit Uiguren-Minderheit
Laut britischer Regierung müsse die Welt die ""Menschenrechtsverletzungen"" Chinas gegen die Uiguren zur Kenntnis nehmen. Der chinesische Botschafter warnt vor Sanktionen.
26
541
642",,26,541,642,[],https://twitter.com/zeitonline/status/1284872288274386947
ZEIT ONLINE,@zeitonline,2020-07-27T08:22:32.000Z,"ZEIT ONLINE
@zeitonline
·
2020年7月27日","#China hat nach eigenen Angaben das US-Konsulat in #Chengdu geschlossen. #USA
zeit.de
China: Regierung lässt US-Konsulat in Chengdu schließen
Im texanischen Houston ist das chinesische Konsulat bereits verlassen. Jetzt wurde als Reaktion auch eine US-Vertretung in China geräumt.
6
525
525",,6,525,525,[],https://twitter.com/zeitonline/status/1287664656316862464
ZEIT ONLINE,@zeitonline,2020-07-20T16:03:35.000Z,"ZEIT ONLINE
@zeitonline
·
2020年7月21日","#Großbritannien stoppt sein Auslieferungsabkommen mit #Hongkong. Grund ist das neue Sicherheitsgesetz #China|s.
zeit.de
Großbritannien: London setzt Auslieferungsabkommen mit Hongkong aus
Chinas Regierung hat mit einem Gesetz die weitgehend unabhängige Justiz Hongkongs ausgehebelt. Die britische Regierung hat deswegen ein Auslieferungsabkommen gestoppt.
8
472
494",,8,472,494,[],https://twitter.com/zeitonline/status/1285243970772230144
ZEIT ONLINE,@zeitonline,2020-07-28T05:35:01.000Z,"ZEIT ONLINE
@zeitonline
·
2020年7月28日","#Pompeo|s #China-Rede vergangene Woche war eine surreale Tirade, meint Theo Sommer in seiner Fünf-vor-acht-Kolumne.
zeit.de
China: Konkurrent? Gegner? Feind?
Chinas Ansehen und Vertrauenswürdigkeit sind angeschlagen. Besonders das Verhältnis zu den USA ist schlecht. Europa braucht jetzt eine eigene Politik für Peking.
11
495
498",,11,495,498,[],https://twitter.com/zeitonline/status/1287984886175989760
ZEIT ONLINE,@zeitonline,2020-08-04T16:13:31.000Z,"ZEIT ONLINE
@zeitonline
·
2020年8月5日","Warum der Großkonflikt zwischen den #USA und #China vor allem in Peking seine Ursache hat. #XiJinping #Trump
zeit.de
China und USA: Nötige Härte
Die US-Regierung fährt einen scharfen Kurs gegen China. Was wie plumpes Bashing aussieht, ist tatsächlich eine notwendige Reaktion. Biden würde nicht viel anders handeln.
13
426
428",,13,426,428,[],https://twitter.com/zeitonline/status/1290682285788889089
ZEIT ONLINE,@zeitonline,2020-08-04T06:14:41.000Z,"ZEIT ONLINE
@zeitonline
·
2020年8月4日","Wir fliegen zu weit, essen zu viel Fleisch, ruinieren das Klima – und machen dann Politiker, Unternehmer, China oder die Überbevölkerung verantwortlich. Schluss damit! https://trib.al/2UHsXWl #Archiv
zeit.de
Klimaschutz: Warum unsere Ausreden falsch sind
Wir fliegen zu weit, essen zu viel Fleisch, ruinieren das Klima – und machen dann Politiker, Unternehmer, China oder die Überbevölkerung verantwortlich. Schluss damit!
94
164
496",,94,164,496,[],https://twitter.com/zeitonline/status/1290531586765709313
ZEIT ONLINE,@zeitonline,2020-08-01T17:30:29.000Z,"ZEIT ONLINE
@zeitonline
·
2020年8月2日","Statt der Flagge von #Taiwan zeigt das Auswärtige Amt auf seiner Homepage eine weiße Fläche. Sollte #Deutschland die Republik anerkennen? #China #Abo
zeit.de
Taiwan: Sollen wir diese Flagge zeigen?
Statt der Taiwan-Flagge zeigt das Auswärtige Amt auf seiner Homepage eine weiße Fläche. Sollte Deutschland die Republik anerkennen? Oder ist das verantwortungslos?
41
17
81",,41,17,81,[],https://twitter.com/zeitonline/status/1289614493937315842
ZEIT ONLINE,@zeitonline,2020-07-30T16:42:11.000Z,"ZEIT ONLINE
@zeitonline
·
2020年7月31日","Angriffe auf IT-Systeme weltweit, Krankenhäuser und Bahnhöfe: Gegen #Hacker aus #China und #Russland werden #Sanktionen verhängt.
zeit.de
Cyberkriminalität: EU verhängt Sanktionen gegen russische und chinesische Hacker
Für ihre Angriffe auf IT-Systeme weltweit bestraft die EU sechs Einzelpersonen und drei Organisationen. Einreiseverbote werden verhängt und Vermögen eingefroren.
6
8
11",,6,8,11,[],https://twitter.com/zeitonline/status/1288877561783754753
ZEIT ONLINE,@zeitonline,2020-08-15T17:45:34.000Z,"ZEIT ONLINE
@zeitonline
·
2020年8月16日","Frauen stellen in China die Mehrheit des Krankenhauspersonals, das seit Jahresbeginn zuvorderst gegen die Pandemie ankämpft. Belohnt aber werden sie dafür nur selten. Und das ist nur ein Beispiel für die prekäre Lage der Frauen in China.
zeit.de
China: Wenn es nur schlimmer wird
Das Leben ist für Frauen und Mädchen in China schon immer schwierig gewesen. Die Pandemie hat alles noch verschärft. Gerade Gewalt gegen Frauen hat offenbar zugenommen.
20
10
41",,20,10,41,[],https://twitter.com/zeitonline/status/1294691719754260486
ZEIT ONLINE,@zeitonline,2020-08-08T11:25:27.000Z,"ZEIT ONLINE
@zeitonline
·
2020年8月8日","Weil die Regierungschefin von #Hongkong, Carrie #Lam, die Parlamentswahl um ein Jahr verschob, haben die #USA #Sanktionen gegen sie verhängt. #China reagiert empört auf den Schritt.
zeit.de
Carrie Lam: China und Hongkong verurteilen US-Sanktionen
Wegen der Verschiebung der Parlamentswahl haben die USA Hongkongs Regierungschefin mit Sanktionen belegt. Die Führung der Stadt und China reagieren empört.
3
3
9",,3,3,9,[],https://twitter.com/zeitonline/status/1292059342926159872
ZEIT ONLINE,@zeitonline,2020-08-19T19:28:00.000Z,"ZEIT ONLINE
@zeitonline
·
2020年8月20日","Das Leben ist für Frauen und Mädchen in China schon immer schwierig gewesen. Die Pandemie hat alles noch verschärft. Gerade Gewalt gegen Frauen hat offenbar zugenommen: https://trib.al/4aIS0zm
6
397
403",,6,397,403,[],https://twitter.com/zeitonline/status/1296167047072813056
ZEIT ONLINE,@zeitonline,2020-08-18T08:57:25.000Z,"ZEIT ONLINE
@zeitonline
·
2020年8月18日","#China hält #Uiguren in Lagern gefangen, das weiß nun die ganze Welt. Ändert das etwas? Die Exil-Uiguren in Deutschland wagen kaum zu hoffen. Zu groß ist Chinas Macht. #München #Archiv
zeit.de
Uiguren: Die blauen Wölfe
In keiner europäischen Stadt leben so viele Uiguren wie in München. Sie sind froh, dass nun die ganze Welt über Chinas Lager weiß – frei fühlen können sie sich nicht.
28
641
667",,28,641,667,[],https://twitter.com/zeitonline/status/1295645969724448771
ZEIT ONLINE,@zeitonline,2020-09-01T16:48:03.000Z,"ZEIT ONLINE
@zeitonline
·
2020年9月2日","#China|s Außenminister hat fünf #EU-Staaten bereist. War die Reise ein Erfolg? #Uiguren #Hongkong #Taiwan #Huawei
zeit.de
Wang Yi: Läuft nicht so gut
Chinas Außenminister soll in Europa für gute Stimmung sorgen: Das Coronavirus, die Uiguren und Hongkong lasten auf den Beziehungen. Doch Wang steht sich selbst im Weg.
10
468
461",,10,468,461,[],https://twitter.com/zeitonline/status/1300837837533835268
ZEIT ONLINE,@zeitonline,2020-08-28T18:51:33.000Z,"ZEIT ONLINE
@zeitonline
·
2020年8月29日","Wenn #China wirklich in Europa auf Datensammeltour geht, dürften ihm Gesetze egal sein. Was also tun? #digitalpolitik
zeit.de
Digitalpolitik: Die Methode Trump taugt nicht für Europas Digitalpolitik
Chinesische Datengiganten hart anfassen oder gleich ganz verbieten, wie es die US-Regierung vormacht? Europa muss einen anderen Weg gehen, der komplexer ist.
9
513
496",,9,513,496,[],https://twitter.com/zeitonline/status/1299419367764037634
ZEIT ONLINE,@zeitonline,2020-09-16T12:04:49.000Z,"ZEIT ONLINE
@zeitonline
·
2020年9月16日","26,8 Prozent aller deutschen #Schweinefleisch-Exporte gingen im ersten Halbjahr 2020 nach #China.
zeit.de
Fleischindustrie: Schweinefleisch-Export nach China vor Importstopp verdoppelt
In der ersten Jahreshälfte 2020 hat China Italien als Hauptabnehmer für Schweinefleisch aus Deutschland abgelöst. Der Importstopp setzt die Industrie jetzt unter Druck.
3
8
12",,3,8,12,[],https://twitter.com/zeitonline/status/1306202376500645889
ZEIT ONLINE,@zeitonline,2020-09-14T16:37:31.000Z,"ZEIT ONLINE
@zeitonline
·
2020年9月15日","""#China muss uns davon überzeugen, dass es ein Investitionsabkommen wert ist"", sagte #EU-Kommissionspräsidentin Ursula von der Leyen.
zeit.de
Investitionsabkommen: EU fordert mehr Zugeständnis für Investitionsabkommen mit China
Ursula von der Leyen sieht die EU und China beim Investitionsabkommen in vielen Punkten einig. Vor allem beim Thema Marktzugang gebe es aber noch viel zu tun.
8
405
417",,8,405,417,[],https://twitter.com/zeitonline/status/1305546229611483136
ZEIT ONLINE,@zeitonline,2020-09-08T19:13:52.000Z,"ZEIT ONLINE
@zeitonline
·
2020年9月9日","Laut der Menschenrechtsbeauftragen der #Bundesregierung, Bärbel #Kofler, verschlechtere sich die Lage der #Menschenrechte in #China derzeit ""dramatisch"". Bei Gesprächen sei es unter anderem die ""katastrophale Situation der Uiguren"" angesprochen.
zeit.de
Bärbel Kofler: Menschenrechtsbeauftragte kritisiert zunehmende Verletzungen in China
China verstößt laut der Menschenrechtsbeauftragten Bärbel Kofler in zunehmendem Ausmaß gegen die Menschenrechte. Und es gebe keine Bereitschaft, auf Fälle einzugehen.
13
490
478",,13,490,478,[],https://twitter.com/zeitonline/status/1303411249523421184
ZEIT ONLINE,@zeitonline,2020-09-15T18:07:35.000Z,"ZEIT ONLINE
@zeitonline
·
2020年9月16日","Die #Welthandelsorganisation hat die 2019 verhängten US-Zölle gegen #China als unzulässig verurteilt.
zeit.de
Handelsstreit: US-Zölle gegen China sind nicht zulässig
Im Umfang von 200 Milliarden Dollar hatten die USA 2019 Zölle gegen China verhängt. Die Welthandelsorganisation urteilt jetzt: Sie waren nicht ausreichend begründet.
4
8
18",,4,8,18,[],https://twitter.com/zeitonline/status/1305931281402822662
ZEIT ONLINE,@zeitonline,2020-09-17T17:10:48.000Z,"ZEIT ONLINE
@zeitonline
·
2020年9月18日","#Hongkong ist für Mitarbeiter der Naumann-Stiftung zu gefährlich geworden. Warum? #China
zeit.de
Hongkong: ""Es wurden bereits Partner verhaftet""
Die FDP-nahe Friedrich-Naumann-Stiftung schließt ihr Büro in Hongkong. Chinas Sicherheitsgesetz gefährde die Mitarbeiter, sagt ihr Vorsitzender, Karl-Heinz Paqué.
14
495
491",,14,495,491,[],https://twitter.com/zeitonline/status/1306641767291379715
ZEIT ONLINE,@zeitonline,2020-09-18T18:34:15.000Z,"ZEIT ONLINE
@zeitonline
·
2020年9月19日","Die Buchhandelskette Thalia wird wegen des Verkaufs von Büchern kritisiert, die vom chinesischen Staatskonzern China National Publications Import and Export (Group) Cooperation in Absprache platziert wurden.
zeit.de
Buchhandelskette: Kritik an Thalia wegen Kooperation mit chinesischem Staatskonzern
Der Buchhändler bietet in den Filialen in Wien, Berlin und Hamburg von einem chinesischen Konzern ausgewählte Titel an. Es handle sich um einen Test, argumentiert Thalia.
10
470
474",,10,470,474,[],https://twitter.com/zeitonline/status/1307025155902840832
ZEIT ONLINE,@zeitonline,2020-09-21T15:16:37.000Z,"ZEIT ONLINE
@zeitonline
·
2020年9月21日","Wie weit kommen die deutschen Konzerne den Sichtweisen und Argumenten der chinesischen Staatsführung entgegen? #China #Abo
zeit.de
Dax-Konzerne und China: Profit oder Menschenrechte?
Für viele deutsche Konzerne ist China der wichtigste Markt. Was zählt da noch das Schicksal Hongkongs und unterdrückter Minderheiten? Eine Umfrage unter Dax-Chefs
2
394
385",,2,394,385,[],https://twitter.com/zeitonline/status/1308062584814395392
ZEIT ONLINE,@zeitonline,2020-09-19T09:24:10.000Z,"ZEIT ONLINE
@zeitonline
·
2020年9月19日","Im #Handelsstreit mit den #USA kündigt #China eine Sanktionsliste an, um seine ""nationale Souveränität"" zu schützen. Mit ähnlicher Begründung hatten die USA zuletzt die chinesischen Apps #TikTok und #WeChat gesperrt.
zeit.de
Handelsstreit mit den USA: China bereitet Sanktionsliste für US-Unternehmen vor
Im Technologiestreit mit China haben die USA die Apps TikTok und WeChat verboten. Die Regierung in Peking will mit einer eigenen Sanktionsliste dagegenhalten.
10
469
459",,10,469,459,[],https://twitter.com/zeitonline/status/1307249114070085634
ZEIT ONLINE,@zeitonline,2020-09-30T16:11:16.000Z,"ZEIT ONLINE
@zeitonline
·
2020年10月1日","#China betreibt globales Mobbing und vertritt seine Interessen zunehmend aggressiv. Was die #EU jetzt tun sollte, analysiert der frühere Nato-Generalsekretär Anders Fogh Rasmussen.
zeit.de
EU-Außenpolitik: Europa braucht eine neue ""Ein China""-Politik
Wenn die EU ein geopolitischer Akteur sein will, dann muss sie Chinas globales Mobbing geschlossen kontern. Das erfordert vor allem einen anderen Umgang mit Taiwan.
8
502
513",,8,502,513,[],https://twitter.com/zeitonline/status/1311337830308868096
ZEIT ONLINE,@zeitonline,2020-09-27T02:06:46.000Z,"ZEIT ONLINE
@zeitonline
·
2020年9月27日","Deutsche #Elektroauto-Hersteller verpassen laut Experten das große #China-Geschäft.
zeit.de
Autoindustrie: Deutsche E-Autobauer verpassen laut Experten das große China-Geschäft
Deutsche Autohersteller sind nach Ansicht von Branchenkennern zu langsam. Sie drohen auf dem rasant wachsenden Elektroautomarkt China den Anschluss zu verlieren.
5
6
10",,5,6,10,[],https://twitter.com/zeitonline/status/1310038139759718400
ZEIT ONLINE,@zeitonline,2020-09-29T05:15:36.000Z,"ZEIT ONLINE
@zeitonline
·
2020年9月29日","Alle Anstrengung gegen den #Klimawandel ist vergebens ohne #China.
zeit.de
Klimawandel: Pragmatisches Handeln bleibt das Optimum
Alle Versuche, die Erderwärmung aufzuhalten, werden ohne China wirkungslos. Europa muss den Kontakt halten und nach innen wie außen mit Augenmaß handeln.
11
6
17",,11,6,17,[],https://twitter.com/zeitonline/status/1310810436430901248
ZEIT ONLINE,@zeitonline,2020-10-13T05:29:14.000Z,"ZEIT ONLINE
@zeitonline
·
2020年10月13日","Man könnte auch einfach von einem neuen Kalten Krieg sprechen. #usa #china #russland #türkei #europa
zeit.de
Imperialismus: Und alles schaut auf Asien
Die Welt zerfällt in zwei Wertesysteme und die alten Imperien drängen zurück. Zwischen den Machtpolen USA und China hat Europa seinen Platz im Lager der Demokratien.
10
2
6",,10,2,6,[],https://twitter.com/zeitonline/status/1315887296248524802
ZEIT ONLINE,@zeitonline,2020-10-14T19:56:30.000Z,"ZEIT ONLINE
@zeitonline
·
2020年10月15日","China gilt heute als der größte Rotweinmarkt der Welt. Nun wird das Land auch mehr und mehr zum Produzenten – etwa gemeinsam mit umtriebigen Österreichern. https://trib.al/WVNiUZk #Abo
zeit.de
Wein aus China: Der Osten bleibt rot
China gilt heute als der größte Rotweinmarkt der Welt. Nun wird das Land auch mehr und mehr zum Produzenten – etwa gemeinsam mit umtriebigen Österreichern.
2
2
5",,2,2,5,[],https://twitter.com/zeitonline/status/1316467941995614217
ZEIT ONLINE,@zeitonline,2020-10-08T17:59:00.000Z,"ZEIT ONLINE
@zeitonline
·
2020年10月9日","Der erste war entsetzlich, aber das war einmal. Gero von 
@randow
 über das aufstrebende Weinland #China. #weindoch
zeit.de
Wein aus China: Der Osten bleibt rot
China gilt heute als der größte Rotweinmarkt der Welt. Nun wird das Land auch mehr und mehr zum Produzenten – etwa gemeinsam mit umtriebigen Österreichern.
1
2
2",,1,2,2,[],https://twitter.com/zeitonline/status/1314264044426199043
ZEIT ONLINE,@zeitonline,2020-10-24T05:07:38.000Z,"ZEIT ONLINE
@zeitonline
·
2020年10月24日","Eine Umfrage hat ergeben, dass beinahe ein Viertel der chinesischen Frauen häusliche Gewalt erlebt hat und fast die Hälfte der Kinder Gewalt durch die Eltern ausgesetzt war. Welche psychischen Folgen hat das, und wie begegnet man ihnen in China?
zeit.de
Psychische Erkrankungen: Seid positiv!
In China waren psychische Erkrankungen lange ein Tabu, nun müht sich der Staat um Behandlungsmöglichkeiten. Die Gewaltgeschichte des Landes aber wird weiter beschwiegen.
7
378
391",,7,378,391,[],https://twitter.com/zeitonline/status/1319868130424832000
ZEIT ONLINE,@zeitonline,2020-10-20T15:36:16.000Z,"ZEIT ONLINE
@zeitonline
·
2020年10月20日","Im neuen IT-Sicherheitsgesetz soll festgelegt werden, dass #5G-Ausrüster einer Vertrauensprüfung unterzogen werden können. #Huawei #ZTE #China
zeit.de
5G-Mobilfunk: Bundesinnenminister kündigt politische Prüfung von Netzausrüstern an
Kritiker halten chinesische Anbieter beim Ausbau des 5G-Netzes für ein Sicherheitsrisiko. Deswegen werde es künftig Vertrauensprüfungen geben, sagte Horst Seehofer.
8
402
401",,8,402,401,[],https://twitter.com/zeitonline/status/1318576779083321345
ZEIT ONLINE,@zeitonline,2020-10-19T22:22:18.000Z,"ZEIT ONLINE
@zeitonline
·
2020年10月20日","Die #EU will bei Verletzungen der #Menschenrechte wie in China oder Russland künftig einfacher gegen Einzelpersonen vorgehen.
zeit.de
EU-Kommission: EU will Verstöße gegen Menschenrechte direkter sanktionieren
Bei Menschenrechtsverletzungen soll die Europäische Union zukünftig gegen Einzelpersonen vorgehen können. Bislang waren dafür Strafmaßnahmen gegen Staaten notwendig.
17
454
475",,17,454,475,[],https://twitter.com/zeitonline/status/1318316572302299141
ZEIT ONLINE,@zeitonline,2020-10-26T14:42:10.000Z,"ZEIT ONLINE
@zeitonline
·
2020年10月26日","Status, Führungsanspruch, internationale Anerkennung: Das sind die Fragen, um die sich der US-chinesische Konflikt dreht, schreibt Hanns W. Maull im Gastbeitrag. #China #USA
zeit.de
USA und China: Sie wollen vor allem Anerkennung
China und die USA sehen sich beide berufen, die Weltpolitik allein zu bestimmen. Dabei geht es ihnen vor allem um Status. Im Zentrum dieses Konfliktes steht Ostasien.
6
405
408",,6,405,408,[],https://twitter.com/zeitonline/status/1320737490647584770
ZEIT ONLINE,@zeitonline,2020-10-29T06:23:07.000Z,"ZEIT ONLINE
@zeitonline
·
2020年10月29日","In #Hongkong ist zum ersten Mal ein bekannter Aktivist auf Grundlage des von China erlassenen ""Sicherheitsgesetzes"" angeklagt worden. #TonyChung wollte laut einer NGO Asyl in den USA beantragen.
zeit.de
Sicherheitsgesetz: Hongkongs Justiz klagt Demokratieaktivisten an
Erstmals ist in Hongkong das sogenannte Sicherheitsgesetz angewendet worden. Dem ehemaligen Studierendenführer Tony Chung wird unter anderem Abspaltung vorgeworfen.
8
352
357",,8,352,357,[],https://twitter.com/zeitonline/status/1321699062861697025
ZEIT ONLINE,@zeitonline,2020-10-29T18:43:04.000Z,"ZEIT ONLINE
@zeitonline
·
2020年10月30日","Fünf mutmaßliche chinesische Agenten sind vom #FBI verhaftet worden. Sie sollen versucht haben, chinesische Dissidenten zur Rückkehr nach #China zu zwingen.
zeit.de
FBI: Fünf mutmaßliche chinesische Agenten in den USA festgenommen
Das FBI verhaftet mutmaßliche chinesische Agenten auf US-Boden. China soll mit illegalen Polizeiaktivitäten versucht haben, Dissidenten zur Rückkehr zu nötigen.
4
309
316",,4,309,316,[],https://twitter.com/zeitonline/status/1321885276780855296
ZEIT ONLINE,@zeitonline,2020-11-07T11:11:40.000Z,"ZEIT ONLINE
@zeitonline
·
2020年11月7日","Die US-Wahl ist das bestimmende Thema in den internationalen Medien. In China wird die Abstimmung zurückhaltend kommentiert, in Indien fürchtet man einen Wahlsieg von Joe #Biden #USelections #elections2020 #Election2020results
zeit.de
US-Wahl: ""Unreif, unklug, übergriffig""
War es richtig, Donald Trump das Mikrofon abzudrehen? Was bleibt von dessen Präsidentschaft? Wie Medien weltweit auf die US-Wahl blicken
4
4
5",,4,4,5,[],https://twitter.com/zeitonline/status/1325033172569034756
ZEIT ONLINE,@zeitonline,2020-11-11T15:36:10.000Z,"ZEIT ONLINE
@zeitonline
·
2020年11月11日","""#China hat eine lange Sicht auf die Entwicklung"": Chinaexperte Sebastian Heilmann über die US-chinesischen Beziehungen. #Biden #XiJinping
zeit.de
USA und China: ""Die Zeit arbeitet für China""
Für Chinas Führung sind die USA eine absteigende Macht. Aus ihrer Sicht ist es am Ende egal, wer im Weißen Haus sitzt, meint Chinaexperte Sebastian Heilmann.
5
3
18",,5,3,18,[],https://twitter.com/zeitonline/status/1326549284678889474
ZEIT ONLINE,@zeitonline,2020-11-15T05:13:37.000Z,"ZEIT ONLINE
@zeitonline
·
2020年11月15日","China und Asien-Pazifik-Staaten schließen weltgrößten Freihandelspakt
zeit.de
Asean-Gipfel: China und Asien-Pazifik-Staaten schließen weltgrößten Freihandelspakt
Mit den USA läuft der Clinch weiter, dafür besiegelt China jetzt mit 14 asiatisch-pazifischen Staaten ein neues Freihandelsabkommen. Es ist das größte der Welt.
3
3
21",,3,3,21,[],https://twitter.com/zeitonline/status/1327842165834309633
ZEIT ONLINE,@zeitonline,2020-11-21T18:03:35.000Z,"ZEIT ONLINE
@zeitonline
·
2020年11月22日","Russland will seinen Impfstoff Sputnik-V auch anderen Ländern zur Verfügung stellen. Massentests in Südtirol und #China. #Corona-News aus aller Welt in unserem Liveblog
zeit.de
Coronavirus weltweit: Athen verpflichtet freiberufliche Ärzte zu Corona-Dienst
Die Ärzte in Griechenland sind erschöpft, die Regierung greift zu drastischen Maßnahmen. Rumänien hat so viele Intensivpatienten wie nie zuvor. Corona-News aus aller Welt
4
5
11",,4,5,11,[],https://twitter.com/zeitonline/status/1330210264562667522
ZEIT ONLINE,@zeitonline,2020-11-25T16:22:31.000Z,"ZEIT ONLINE
@zeitonline
·
2020年11月26日","#Trump hat gegen #China gehetzt, #Biden und #Blinken werden die Tonlage künftig wohl wechseln.
zeit.de
US-Außenpolitik: Jetzt wieder mit Verbündeten
Das Verhältnis zu China wird die wichtigste außenpolitische Herausforderung für Joe Biden sein. Sein designierter Außenminister möchte dafür Allianzen wiederbeleben.
9
1
14",,9,1,14,[],https://twitter.com/zeitonline/status/1331634379601403904
ZEIT ONLINE,@zeitonline,2020-11-20T17:11:35.000Z,"ZEIT ONLINE
@zeitonline
·
2020年11月21日","#China hält weiter am Flugverbot für die #Boeing 737 MAX fest – trotz der Aufhebung in den #USA. #737MAX
zeit.de
Boeing: China hält an Flugverbot für 737 Max fest
In China müssen die absturzgefährdeten Boeing-Jets – anders als in den USA – weiter auf dem Boden bleiben. Einen Zeitplan für die Aufhebung des Flugverbots gibt es nicht.
5
2
20",,5,2,20,[],https://twitter.com/zeitonline/status/1329834790175072259
ZEIT ONLINE,@zeitonline,2020-11-24T06:29:07.000Z,"ZEIT ONLINE
@zeitonline
·
2020年11月24日","#China hat erfolgreich seine Mission zum #Mond gestartet. Eine unbemannte Trägerrakete hob am frühen Dienstagmorgen vom Raumfahrtbahnhof #Wenchang ab.
zeit.de
Chang'e 5: Chinesisches Raumschiff ist auf dem Weg zum Mond
Der Start ist geglückt: In drei Tagen dürfte die Chang'e 5 auf dem Mond landen und dort Gesteins- und Bodenproben nehmen. Zurückerwartet wird die Sonde in zwei Wochen.
6
2
15",,6,2,15,[],https://twitter.com/zeitonline/status/1331122660038877185
ZEIT ONLINE,@zeitonline,2020-12-02T14:22:27.000Z,"ZEIT ONLINE
@zeitonline
·
2020年12月2日","EU-Gesundheitsbehörde warnt vor Lockerungen. Snowboard- und Ski-Freestyle-WM in #China abgesagt. #Corona-News aus aller Welt
zeit.de
Coronavirus weltweit: Athen verpflichtet freiberufliche Ärzte zu Corona-Dienst
Die Ärzte in Griechenland sind erschöpft, die Regierung greift zu drastischen Maßnahmen. Rumänien hat so viele Intensivpatienten wie nie zuvor. Corona-News aus aller Welt
3
4
9",,3,4,9,[],https://twitter.com/zeitonline/status/1334140881457262593
ZEIT ONLINE,@zeitonline,2020-12-02T08:45:38.000Z,"ZEIT ONLINE
@zeitonline
·
2020年12月2日","#China hat bei seiner ehrgeizigen Mondmission erste Gesteinsproben auf dem #Mond entnommen. #Chang'e
zeit.de
Chang'e 5: Chinesische Sonde entnimmt erste Gesteinsproben auf dem Mond
Wenige Stunden nach der Landung auf dem Mond hat Chang'e 5 seine wichtigste Aufgabe erfüllt. Das Mondgestein soll nun zurück auf die Erde gebracht werden.
3
3
8",,3,3,8,[],https://twitter.com/zeitonline/status/1334056115622076416
ZEIT ONLINE,@zeitonline,2020-12-07T19:01:33.000Z,"ZEIT ONLINE
@zeitonline
·
2020年12月8日","Im Streit um die Autonomie von #Hongkong hat die US-Regierung Sanktionen gegen 14 Führungsvertreter #China|s verhängt.
zeit.de
Hongkong: USA verhängen neue Sanktionen gegen chinesische Führung
Einreiseverbot, Einfrieren von Vermögen: Im Streit um die Autonomie Hongkongs hat US-Außenminister Pompeo erneut Vertreter von Chinas Führung mit Sanktionen belegt.
7
269
299",,7,269,299,[],https://twitter.com/zeitonline/status/1336023055181750273
ZEIT ONLINE,@zeitonline,2020-12-08T17:11:06.000Z,"ZEIT ONLINE
@zeitonline
·
2020年12月9日","Der #MountEverest – der höchste Berg der Welt – ist höher als bisher offiziell angegeben. #China und #Nepal einigten sich auf eine neue offizielle Höhe. Damit gewinnt der Berg gegenüber der bisher anerkannten Höhe 86 Zentimeter.
zeit.de
Mount Everest: Höchster Berg nun noch höher
Der Mount Everest gilt als der höchste Berg der Erde. Die beiden Anrainerstaaten China und Nepal einigten sich nun auf eine neue offizielle Höhe von 8.848,86 Metern.
6
6
19",,6,6,19,[],https://twitter.com/zeitonline/status/1336357647470243840
ZEIT ONLINE,@zeitonline,2020-12-09T06:58:53.000Z,"ZEIT ONLINE
@zeitonline
·
2020年12月9日","#China begnügt sich nicht mehr nur mit Zensur im eigenen Land; es versucht nun auch, die #Meinungsfreiheit in fremden Ländern einzuschränken. Die Strafmaßnahmen der Volksrepublik gegen #Australien könnten sich außenpolitisch als Bumerang erweisen.
zeit.de
Peking und Australien: ""Wenn ihr China zum Feind macht, wird China der Feind sein""
China ist wütend auf Australien. Aber die Strafmaßnahmen der Volksrepublik gegen Australien könnten sich außenpolitisch als Bumerang erweisen.
8
10
39",,8,10,39,[],https://twitter.com/zeitonline/status/1336565968336773120
ZEIT ONLINE,@zeitonline,2020-12-11T13:56:03.000Z,"ZEIT ONLINE
@zeitonline
·
2020年12月11日","Die #Bundesregierung hat sich deutlich umfassender für den Markteintritt von #Wirecard in #China eingesetzt als bislang bekannt.
zeit.de
Untersuchungsausschuss: Regierung setzte sich stärker als bekannt für Wirecard in China ein
Im Januar 2019 wollen die Münchner eine chinesische Firma übernehmen und können dabei auf Hilfe des Bundes setzen. Per Mail dankte man für ""die hervorragende Grundlage"".
1
5
9",,1,5,9,[],https://twitter.com/zeitonline/status/1337395727165763584
ZEIT ONLINE,@zeitonline,2020-12-18T07:37:34.000Z,"ZEIT ONLINE
@zeitonline
·
2020年12月18日","Ou Hongyi führt in #China einen einsamen Kampf gegen die Klimakatastrophe. Die Achtzehnjährige stellt sich unbeirrt gegen Mitbürger und staatliche Behörden. Vor dem Gefängnis, sagt sie, habe sie keine Angst: https://trib.al/b9OuFtH #Abo #Klimaschutz
7
309
381",,7,309,381,[],https://twitter.com/zeitonline/status/1339837192055771137
ZEIT ONLINE,@zeitonline,2020-12-21T17:49:09.000Z,"ZEIT ONLINE
@zeitonline
·
2020年12月22日","#FridaysforFuture, das sind Millionen von Schülerinnen und Studenten in mehr als 120 Ländern. Fridays for Future in China besteht eigentlich nur aus der 18-jährigen Ou Hongyi.
zeit.de
Klimaschutz in China: Die chinesische Greta
Ou Hongyi führt einen einsamen Kampf gegen die Klimakatastrophe. Die Achtzehnjährige stellt sich unbeirrt gegen Behörden und hat vor dem Gefängnis keine Angst.
12
10
33",,12,10,33,[],https://twitter.com/zeitonline/status/1341078264899657728
