UserScreenName,UserName,Timestamp,Text,Embedded_text,Emojis,Comments,Likes,Retweets,Image link,Tweet URL
ZEIT ONLINE,@zeitonline,2013-01-07T16:47:14.000Z,"ZEIT ONLINE
@zeitonline
·
2013年1月8日","Steigt China als Investor bei #Daimler ein, wäre es nicht das erste autoritäre Regime, das so handelt. http://blog.zeit.de/china/2013/01/07/die-chinesen-und-der-daimler-deal/… (leo)
3
1",,,3,1,[],https://twitter.com/zeitonline/status/288325935382532096
ZEIT ONLINE,@zeitonline,2013-01-08T14:28:24.000Z,"ZEIT ONLINE
@zeitonline
·
2013年1月8日","In China streiken Redakteure gegen die Pressezensur. Die neue Führung hatte mehr Medienfreiheit versprochen. http://blog.zeit.de/china/2013/01/08/chinesische-journalisten-begehren-auf/… (leo)
7
1",,,7,1,[],https://twitter.com/zeitonline/status/288653386583244800
ZEIT ONLINE,@zeitonline,2013-01-31T08:53:21.000Z,"ZEIT ONLINE
@zeitonline
·
2013年1月31日","Chinesische Hacker haben die 
@nytimes
 angegriffen und Passwörter aller Mitarbeiter gestohlen: http://zeit.de/digital/datenschutz/2013-01/new-york-times-hacker-angriff… #hacker #china
zeit.de
Chinesische Hacker spionierten ""New York Times"" aus
Die ""New York Times"" ist Ziel eines Hacker-Angriffs aus China geworden – vermutlich, weil sie über Wen Jiabaos Vermögen berichtete. Viele Passwörter wurden geknackt.
2
11
4",,2,11,4,[],https://twitter.com/zeitonline/status/296903988253700096
ZEIT ONLINE,@zeitonline,2013-02-07T12:19:32.000Z,"ZEIT ONLINE
@zeitonline
·
2013年2月7日","Kaum ein Land hat eine größere Kluft zwischen Arm und Reich als China. Die Parteiführung der KP will das ändern. http://blog.zeit.de/china/2013/02/07/chinas-kp-verteilt-um/… (leo)
1
4
2",,1,4,2,[],https://twitter.com/zeitonline/status/299492588308803584
ZEIT ONLINE,@zeitonline,2013-03-05T10:57:12.000Z,"ZEIT ONLINE
@zeitonline
·
2013年3月5日","Der jüngste #Atomtest hat den Bogen überspannt: China und die USA wollen Nordkorea bestrafen: http://zeit.de/politik/ausland/2013-03/nordkorea-sanktionen-usa-china… (nd)
4
1",,,4,1,[],https://twitter.com/zeitonline/status/308893955041402880
ZEIT ONLINE,@zeitonline,2013-03-05T06:30:58.000Z,"ZEIT ONLINE
@zeitonline
·
2013年3月5日","Volkskongress in China: Das Land will seinen Militärhaushalt um mehr als zehn Prozent erhöhen. http://zeit.de/politik/ausland/2013-03/china-volkskongress-jiabao-rede… (nd)
zeit.de
China stockt Militärhaushalt deutlich auf
Die chinesische Regierung wird in diesem Jahr über 90 Milliarden Euro für das Militär ausgeben. Ein weiteres Ziel der Partei: ein Wirtschaftswachstum von 7,5 Prozent.
4",,,4,,[],https://twitter.com/zeitonline/status/308826954201694209
ZEIT ONLINE,@zeitonline,2013-03-18T06:27:23.000Z,"ZEIT ONLINE
@zeitonline
·
2013年3月18日","China boomt - auch mit Rüstungsplagiaten. Erstmals ist China unter den 5 größten Waffenexporteuren. #Sipri http://zeit.de/politik/ausland/2013-03/china-ruestungstechnik-waffen… (kh)
2
5
1",,2,5,1,[],https://twitter.com/zeitonline/status/313537094272290816
ZEIT ONLINE,@zeitonline,2013-03-22T15:25:07.000Z,"ZEIT ONLINE
@zeitonline
·
2013年3月22日","Der Hackerangriff auf Banken und TV-Sender in Südkorea kam weder aus China noch aus Nordkorea. http://zeit.de/digital/internet/2013-03/suedkorea-hacker-rundfunkanstalten-banken… (leo)
5
1",,,5,1,[],https://twitter.com/zeitonline/status/315121972164055040
ZEIT ONLINE,@zeitonline,2013-04-06T12:25:22.000Z,"ZEIT ONLINE
@zeitonline
·
2013年4月6日","Nordkorea richtet seine Kriegsrhetorik nun auch gegen China, den wichtigsten Verbündeten. http://zeit.de/politik/ausland/2013-04/nordkorea-china-botschaften… (nd)
4
10
4",,4,10,4,[],https://twitter.com/zeitonline/status/320512553891532800
ZEIT ONLINE,@zeitonline,2013-04-02T11:57:55.000Z,"ZEIT ONLINE
@zeitonline
·
2013年4月2日","Mehr als eine Million Menschen sind 2010 an Folgen der Luftverschmutzung in #China gestorben, so die 
@nytimes
: http://zeit.de/wissen/umwelt/2013-04/studie-china-luftverschmutzung… (tis)
zeit.de
Hunderttausende sterben wegen dreckiger Luft
Die Luft in Chinas Metropolen ist oft zum Schneiden. Eine Studie zeigt: Der Smog kostet mehr als eine Million Menschen das Leben, es ist die vierthäufigste Todesursache.
20
3",,,20,3,[],https://twitter.com/zeitonline/status/319056094750183424
ZEIT ONLINE,@zeitonline,2013-05-03T07:37:34.000Z,"ZEIT ONLINE
@zeitonline
·
2013年5月3日","Die Katastrophe der eingestürzten Textilfabrik in Bangladesch zeigt: Das Land kann von China lernen http://zeit.to/135lv3m (leo)
4
1",,,4,1,[],https://twitter.com/zeitonline/status/330224601772744704
ZEIT ONLINE,@zeitonline,2013-05-07T07:31:36.000Z,"ZEIT ONLINE
@zeitonline
·
2013年5月7日","Die USA werfen China erstmals in aller Deutlichkeit Cyberspionage auf Geheimdienstdaten vor. http://zeit.to/16dqkMb (leo)
1
7
1",,1,7,1,[],https://twitter.com/zeitonline/status/331672648104951808
ZEIT ONLINE,@zeitonline,2013-05-09T14:46:55.000Z,"ZEIT ONLINE
@zeitonline
·
2013年5月9日","Hat Regisseur Zhang Yimou zu viele Kinder? China diskutiert über die Ungerechtigkeiten der Ein-Kind-Politik (me)
zeit.de
Ein-Kind-Politik: Chinesische Behörden überprüfen die Kinderzahl eines Star-Regisseurs
Hat der Regisseur Zhang Yimou mehr als ein Kind? Diese Frage sorgt in China für Aufregung. Denn einen Verstoß gegen die Ein-Kind-Politik erlauben sich oft nur Reiche.
5",,,5,,[],https://twitter.com/zeitonline/status/332506978037399552
ZEIT ONLINE,@zeitonline,2013-05-27T10:21:14.000Z,"ZEIT ONLINE
@zeitonline
·
2013年5月27日","Lässt Merkel sich von China vereinnahmen läuft sie Gefahr, die EU-Länder gegeneinander ausspielen zu lassen. http://zeit.to/16ZwtvF (leo)
3
4",,3,4,,[],https://twitter.com/zeitonline/status/338963097064701952
ZEIT ONLINE,@zeitonline,2013-05-27T06:04:35.000Z,"ZEIT ONLINE
@zeitonline
·
2013年5月27日","Gute Nachrichten für den Gast aus Peking: Merkel unterstützt China im Streit um Anti-Dumping-Zölle. http://zeit.to/12bm8fg (nd)
1
1",,,1,1,[],https://twitter.com/zeitonline/status/338898509904351232
ZEIT ONLINE,@zeitonline,2013-06-13T05:25:55.000Z,"ZEIT ONLINE
@zeitonline
·
2013年6月13日","Whistleblower Snowdon hat den USA eine umfangreiche Cyberspionage gegen China vorgeworfen. http://zeit.de/digital/datenschutz/2013-06/edward-snowdon-prism-interview… (nd)
2
5
4",,2,5,4,[],https://twitter.com/zeitonline/status/345049369466261505
ZEIT ONLINE,@zeitonline,2013-06-04T09:04:44.000Z,"ZEIT ONLINE
@zeitonline
·
2013年6月4日","Großbrand in China: Die Polizei nimmt Mitarbeiter der Schlachterei fest. Die Zahl der Toten steigt auf 120. http://zeit.to/19EFf1J (nd)
4",,,4,,[],https://twitter.com/zeitonline/status/341842948406788098
ZEIT ONLINE,@zeitonline,2013-06-12T08:46:53.000Z,"ZEIT ONLINE
@zeitonline
·
2013年6月12日","China schickt erneut Rakete ins All. So wie einst die USA träumt es von einer glorreichen Zukunft im Weltraum. http://zeit.to/11yt7Zm (nd)
blog.zeit.de
Chinas ehrgeizige Pläne im All - China-Blog
Der Start war präzise. Auf die Sekunde genau startete am Dienstagnachmittag die Trägerrakete vom Weltraumbahnhof Jiuquan. Sie rast nun mit dem Raumschiff Shenzhou 10 in den Himmel über das Grasland...
2",,,2,,[],https://twitter.com/zeitonline/status/344737558162456577
ZEIT ONLINE,@zeitonline,2013-06-05T09:10:29.000Z,"ZEIT ONLINE
@zeitonline
·
2013年6月5日","Die EU-Strafzölle haben China verärgert. Wirtschaftsminister Rösler warnt vor einem Handelskrieg: http://zeit.to/12s3OyM (sk)
zeit.de
Strafzölle: Rösler warnt vor Handelskrieg mit China
Die EU-Strafzölle haben China verärgert: Die Volksrepublik antwortet mit einem Antidumping-Verfahren. Nun will der Wirtschaftsminister weitere Konfrontation vermeiden.
4",,,4,,[],https://twitter.com/zeitonline/status/342206780530647040
ZEIT ONLINE,@zeitonline,2013-06-21T08:07:30.000Z,"ZEIT ONLINE
@zeitonline
·
2013年6月21日","Panik auf dem chinesischen Finanzmarkt. Die Bank of China wehrt sich gegen das Gerücht, zahlungsunfähig zu sein http://zeit.to/11QBHC7 (nd)
1
8
5",,1,8,5,[],https://twitter.com/zeitonline/status/347989136101228544
ZEIT ONLINE,@zeitonline,2013-06-25T07:10:05.000Z,"ZEIT ONLINE
@zeitonline
·
2013年6月25日","""Eindringling"", ""scheinheilig"" - #China wettert im Fall #Snowden mit deutlichen Worten gegen die #USA http://zeit.to/19nBznj (nd)
10
1",,,10,1,[],https://twitter.com/zeitonline/status/349424239113285632
ZEIT ONLINE,@zeitonline,2013-06-29T10:24:42.000Z,"ZEIT ONLINE
@zeitonline
·
2013年6月29日","Anzeichen einer Kursänderung? China macht ganz leichte Zugeständnisse an die Tibeter und den Dalai Lama. http://zeit.de/politik/ausland/2013-06/dalai-lama-tibet… (nd)
9
1",,,9,1,[],https://twitter.com/zeitonline/status/350922769715838976
ZEIT ONLINE,@zeitonline,2013-07-10T06:46:54.000Z,"ZEIT ONLINE
@zeitonline
·
2013年7月10日","#China: Die Aussichten für die Wirtschaft haben sich eingetrübt. Ex- und Importe gingen im Juni zurück. http://zeit.to/18Mhm9Z (nd)
4
1",,,4,1,[],https://twitter.com/zeitonline/status/354854222229028865
ZEIT ONLINE,@zeitonline,2013-07-23T08:23:22.000Z,"ZEIT ONLINE
@zeitonline
·
2013年7月23日","In Deutschland abgeschrieben, sucht Thomas Middelhoff sein Glück in China. Sein Ziel: Die Medienbranche http://zeit.to/19f39m7 (leo)
8
2",,,8,2,[],https://twitter.com/zeitonline/status/359589541495050240
ZEIT ONLINE,@zeitonline,2013-07-29T14:50:22.000Z,"ZEIT ONLINE
@zeitonline
·
2013年7月29日","Von wegen Läuterung: Apple spielt seine Zulieferer gegeneinander aus und umgeht so den Arbeitsschutz in China http://zeit.to/14dJbHk (leo)
blog.zeit.de
Apple bleibt ein Ausbeuterkonzern - China-Blog
Eigentlich hatte Apple Besserung gelobt und versprochen, für bessere Arbeitsbedingungen in seinen Zulieferfabriken zu sorgen. Doch weit gefehlt. Die unabhängige Arbeitnehmerorganisation China Labor...
17
3",,,17,3,[],https://twitter.com/zeitonline/status/361861261291556864
ZEIT ONLINE,@zeitonline,2013-08-25T12:45:52.000Z,"ZEIT ONLINE
@zeitonline
·
2013年8月25日","Prozess in China: Bo #Xilai bezichtigt Belastungszeugen als Lügner und nennt seine Frau geisteskrank. http://zeit.de/politik/ausland/2013-08/prozess-bo-xilai-polizeichef-wang… (nd)
1
1",,,1,1,[],https://twitter.com/zeitonline/status/371614402434170880
ZEIT ONLINE,@zeitonline,2013-08-27T15:03:18.000Z,"ZEIT ONLINE
@zeitonline
·
2013年8月27日","China hat am Sonntag den bisher größten Hacker-Angriff auf seine Internet-Infrastruktur erlebt. http://zeit.to/1dLP9k3 (leo)
1
2",,1,2,,[],https://twitter.com/zeitonline/status/372373766522679296
ZEIT ONLINE,@zeitonline,2013-09-12T10:35:05.000Z,"ZEIT ONLINE
@zeitonline
·
2013年9月12日","In China hat die erste Ausstellung ü. Auschwitz eröffnet. Die Besucher sind geschockt. Eine Geschichts-Nachhilfe http://zeit.to/14NRQLj (nd)
9
7",,,9,7,[],https://twitter.com/zeitonline/status/378104472775319552
ZEIT ONLINE,@zeitonline,2013-08-31T07:44:43.000Z,"ZEIT ONLINE
@zeitonline
·
2013年8月31日","Kanzlerin Merkel hat Russland und China für ihre Blockadepolitik zu Syrien kritisiert: http://zeit.de/politik/deutschland/2013-08/syrien-reaktionen-parteien… (tis)
zeit.de
Syrien: Merkel kritisiert Russlands und Chinas Blockadepolitik
Die Kanzlerin hat eine deutsche Beteiligung an einem Syrien-Angriff ohne UN-Mandat ausgeschlossen. Russland und China würden eine solche Einigung der UN verhindern.
1
7
3",,1,7,3,[],https://twitter.com/zeitonline/status/373712942820122625
ZEIT ONLINE,@zeitonline,2013-09-15T08:15:42.000Z,"ZEIT ONLINE
@zeitonline
·
2013年9月15日","Der #Syrien-Plan der #USA und Russlands stößt in #China auf Zustimmung. Auch Iran sieht ""Zeichen der Vernunft"". http://zeit.to/1dfkgU1 (nd)
1
5
2",,1,5,2,[],https://twitter.com/zeitonline/status/379156557529088000
ZEIT ONLINE,@zeitonline,2013-10-11T08:53:17.000Z,"ZEIT ONLINE
@zeitonline
·
2013年10月11日","China hat die USA in diesen Tagen überholt, was den Import von Öl angeht. Tendenz des Energiehungers: Steigend. http://zeit.to/GON3ni (leo)
6
2",,,6,2,[],https://twitter.com/zeitonline/status/388588099757826049
ZEIT ONLINE,@zeitonline,2013-10-22T13:34:42.000Z,"ZEIT ONLINE
@zeitonline
·
2013年10月22日","Wenn die EU sich nicht zusammenrauft, wird Europa zwischen den USA und China zerrieben, sagt Eric T. Hansen http://zeit.to/17dTXii (leo)
1
7
3",,1,7,3,[],https://twitter.com/zeitonline/status/392645189904252928
ZEIT ONLINE,@zeitonline,2013-10-15T19:07:09.000Z,"ZEIT ONLINE
@zeitonline
·
2013年10月16日","In #China wird über den #Shutdown der US-Regierung debattiert: Es gibt auch bewundernde Reaktionen http://zeit.to/16e054b (nd)
3
2",,,3,2,[],https://twitter.com/zeitonline/status/390192137939062785
ZEIT ONLINE,@zeitonline,2013-10-18T06:39:50.000Z,"ZEIT ONLINE
@zeitonline
·
2013年10月18日","Die NSA-Geheimdokumente sind in Sicherheit, beteuert Snowden. China und Russland hätten keinen Zugriff gehabt. http://zeit.to/16jStgh (nd)
2
1",,,2,1,[],https://twitter.com/zeitonline/status/391091233256259584
ZEIT ONLINE,@zeitonline,2013-10-19T09:59:57.000Z,"ZEIT ONLINE
@zeitonline
·
2013年10月19日","China: Bürgermeister von Nanjing wegen Korruption entlassen  http://zeit.to/1gsjsA6 (nd)
2",,,2,,[],https://twitter.com/zeitonline/status/391503979886026752
ZEIT ONLINE,@zeitonline,2013-11-06T15:42:53.000Z,"ZEIT ONLINE
@zeitonline
·
2013年11月6日","Kürzere Arbeitszeiten, Produktionspausen, geschlossene Schulen: #China will bei #Smog die Wirtschaft drosseln: http://zeit.de/wissen/umwelt/2013-11/china-smog-umweltministerium… (tis)
3
1",,,3,1,[],https://twitter.com/zeitonline/status/398113263403036674
ZEIT ONLINE,@zeitonline,2013-11-04T09:01:25.000Z,"ZEIT ONLINE
@zeitonline
·
2013年11月4日","Folge des Anschlags auf dem #Tiananmen-Platz? #China löst obersten General in #Uiguren-Provinz #Xinjiang ab. http://zeit.to/1ayUo7e (nd)
3",,,3,,[],https://twitter.com/zeitonline/status/397287455902408704
ZEIT ONLINE,@zeitonline,2013-10-29T07:15:42.000Z,"ZEIT ONLINE
@zeitonline
·
2013年10月29日","Tödlicher Unfall vor der Verbotenen Stadt in #Peking: Die chinesische Polizei verdächtigt zwei #Uiguren . #China http://zeit.to/1cftNK2 (nd)
3",,,3,,[],https://twitter.com/zeitonline/status/395086525538791424
ZEIT ONLINE,@zeitonline,2013-10-30T11:46:00.000Z,"ZEIT ONLINE
@zeitonline
·
2013年10月30日","Pekings Polizei hat den Vorfall am #Tiananmenplatz von Montag nun als Terrorakt eingestuft: http://zeit.to/1h06FVN (sk) #china
1
2",,1,2,,[],https://twitter.com/zeitonline/status/395516936773042176
ZEIT ONLINE,@zeitonline,2013-11-17T08:46:40.000Z,"ZEIT ONLINE
@zeitonline
·
2013年11月17日","China: Elf Tote bei Überfall in Xinjiang-Provinz  http://zeit.to/19vmnyC (nd)
1",,,,1,[],https://twitter.com/zeitonline/status/401994785658904577
ZEIT ONLINE,@zeitonline,2013-11-15T09:13:25.000Z,"ZEIT ONLINE
@zeitonline
·
2013年11月15日","Lebensmittelskandale nehmen in China immer größere Ausmaße an. Langes Lesestück mit erschreckenden Einblicken: http://zeit.to/1hKCQsU (bm)
zeit.de
Lebensmittelskandale: China auf der Zunge
Vergiftete Babymilch, Eigelb, gefärbt mit Schwermetallen, Ratte als Lamm verkauft: In China häufen sich die Lebensmittelskandale. Wie gehen die Chinesen damit um?
20
14",,,20,14,[],https://twitter.com/zeitonline/status/401276743882788864
ZEIT ONLINE,@zeitonline,2013-11-25T08:12:53.000Z,"ZEIT ONLINE
@zeitonline
·
2013年11月25日","Spannungen im Ostchinesischen Meer: China verbittet sich Einmischung der USA http://zeit.de/politik/2013-11/china-verbittet-sich-einmischung-in-inselstreit… (nd)
1
3
4",,1,3,4,[],https://twitter.com/zeitonline/status/404885389707452416
ZEIT ONLINE,@zeitonline,2013-11-22T17:13:41.000Z,"ZEIT ONLINE
@zeitonline
·
2013年11月23日","35 Menschen sterben durch Explosion einer Ölpipeline in #China. Bilder wie aus einem Katastrophenfilm: http://zeit.de/gesellschaft/zeitgeschehen/2013-11/fs-china-explosion-pipeline… (nd)
8
3",,,8,3,[],https://twitter.com/zeitonline/status/403934321594990595
ZEIT ONLINE,@zeitonline,2013-12-04T05:18:23.000Z,"ZEIT ONLINE
@zeitonline
·
2013年12月4日","Streit um Chinas Luftraumüberwachung im Ostchinesischen Meer: China warnt die USA und Japan http://zeit.de/politik/2013-12/7211b827-291f-42c6-a666-d49b811f701d.tmp… (nd)
1
3
2",,1,3,2,[],https://twitter.com/zeitonline/status/408102963463192576
ZEIT ONLINE,@zeitonline,2013-12-04T14:49:53.000Z,"ZEIT ONLINE
@zeitonline
·
2013年12月4日","Der Besuch von US-Vizepräsident #Biden stimmt #China nicht um: Die Militärzone im Meer bleibt: http://zeit.to/1cb2ONE (sk)
2",,,2,,[],https://twitter.com/zeitonline/status/408246785115566080
ZEIT ONLINE,@zeitonline,2013-12-08T09:26:45.000Z,"ZEIT ONLINE
@zeitonline
·
2013年12月8日","Inselstreit: Südkorea rückt mit Sicherheitsapparat gegen China vor  http://zeit.to/1bPQ8kA (nd)
7
1",,,7,1,[],https://twitter.com/zeitonline/status/409615018498355200
ZEIT ONLINE,@zeitonline,2013-11-28T07:11:58.000Z,"ZEIT ONLINE
@zeitonline
·
2013年11月28日","Inselstreit: China bringt mit Verbotszone ganze Region gegen sich auf  http://zeit.to/1aX58ef (nd)
1
1",,,1,1,[],https://twitter.com/zeitonline/status/405957221973905408
ZEIT ONLINE,@zeitonline,2013-12-23T05:53:28.000Z,"ZEIT ONLINE
@zeitonline
·
2013年12月23日","China Mobile vertreibt #iPhone: Apple bekommt den Schlüssel zu #China und mehr als 750 Millionen Kunden: http://zeit.de/wirtschaft/unternehmen/2013-12/apple-china-mobile-vertrag… (tis)
11
4",,,11,4,[],https://twitter.com/zeitonline/status/414997163731464193
ZEIT ONLINE,@zeitonline,2013-12-17T09:45:31.000Z,"ZEIT ONLINE
@zeitonline
·
2013年12月17日","#China hatte die Abschaffung der Arbeitslager angekündigt. Laut #amnesty wurden sie aber nur umbenannt: http://zeit.to/1bMPXDZ (sk)
1
5
3",,1,5,3,[],https://twitter.com/zeitonline/status/412881232209264640
ZEIT ONLINE,@zeitonline,2013-12-26T08:02:33.000Z,"ZEIT ONLINE
@zeitonline
·
2013年12月26日","Japans Ministerpräsident #Abe hat den Yasukuni-Schrein besucht. Eine Provokation für China und Südkorea: http://zeit.to/1cAp7ls (sk)
zeit.de
Shinzo Abe: Japans Ministerpräsident provoziert China mit Schrein-Besuch
Shinzo Abe hat den Yasukuni-Schrein für die Kriegstoten besucht. Chinas Regierung wertete das Verhalten von Japans Ministerpräsidenten als ""absolut inakzeptabel"".
12
2",,,12,2,[],https://twitter.com/zeitonline/status/416116810455326720
ZEIT ONLINE,@zeitonline,2013-12-23T21:40:14.000Z,"ZEIT ONLINE
@zeitonline
·
2013年12月24日","Seit einem Jahr regiert Shinzo Abe Japan. Der Mann ist ein Nationalist und positioniert sich gegen China: http://zeit.de/politik/ausland/2013-12/japan-shinzo-abe… (nd)
zeit.de
Japan: Shinzo Abe, der Mann von rechts
Seit einem Jahr regiert Abe Japan. Der Nationalist hat sich mit martialischen Reden bekannt gemacht. Sein Land soll zur asiatischen Führungsmacht werden – gegen China.
8
7",,,8,7,[],https://twitter.com/zeitonline/status/415235425356107776
