UserScreenName,UserName,Timestamp,Text,Embedded_text,Emojis,Comments,Likes,Retweets,Image link,Tweet URL
ZEIT ONLINE,@zeitonline,2016-01-17T05:07:21.000Z,"ZEIT ONLINE
@zeitonline
·
2016年1月17日","Kaum ist Tsai Ing-wen zur ersten Präsidentin Taiwans gewählt, setzt #China sie unter Druck. (nd)
zeit.de
Taiwan: China setzt neue Präsidentin unter Druck
Kaum ist Tsai Ing-wen gewählt, stellt China Forderungen. Taiwans neue Präsidentin soll anerkennen, dass es nur ""ein China"" gibt und Taiwan ein Teil davon ist.
1
17
14",,1,17,14,[],https://twitter.com/zeitonline/status/688588396579713026
ZEIT ONLINE,@zeitonline,2016-01-13T06:01:27.000Z,"ZEIT ONLINE
@zeitonline
·
2016年1月13日","Wie lange kann China dem atomaren Größenwahn von Diktator Kim Jong-un noch tatenlos zusehen? (ft)
zeit.de
Nordkorea: Chinas Schmach
Mit hilflosem Zorn reagiert Peking auf Nordkoreas neuen Nuklearversuch. Wie lange kann es dem atomaren Größenwahn von Diktator Kim Jong-un noch tatenlos zusehen?
2
12
12",,2,12,12,[],https://twitter.com/zeitonline/status/687152457567354880
ZEIT ONLINE,@zeitonline,2016-01-22T13:22:57.000Z,"ZEIT ONLINE
@zeitonline
·
2016年1月22日","Wenn #China gegen die Wand fährt, könnten die #Banken wieder wackeln. Zum Schaden des Steuerzahlers. (ae) http://bit.ly/23iYTfq
6
5
3",,6,5,3,[],https://twitter.com/zeitonline/status/690525055999148032
ZEIT ONLINE,@zeitonline,2016-02-08T15:06:16.000Z,"ZEIT ONLINE
@zeitonline
·
2016年2月8日","In China sind einige Verleger von verbotener Literatur verschwunden. Paul Tang verkauft die Bücher trotzdem. http://bit.ly/1Pw171L (nd)
2
18
16",,2,18,16,[],https://twitter.com/zeitonline/status/696711649529561088
ZEIT ONLINE,@zeitonline,2016-02-03T16:34:28.000Z,"ZEIT ONLINE
@zeitonline
·
2016年2月4日","Autos westlicher Hersteller bleiben die Bestseller in #China. Doch die Vormachtstellung bröckelt. (mbr) http://zeit.to/209eoSM
2
3",,,2,3,[],https://twitter.com/zeitonline/status/694921907628548096
ZEIT ONLINE,@zeitonline,2016-02-15T04:51:41.000Z,"ZEIT ONLINE
@zeitonline
·
2016年2月15日","#China: Außenhandel bricht im Januar überraschend stark ein. (nd)
zeit.de
Konjunktur: Chinas Außenhandel bricht überraschend stark ein
Chinesische Importe und Exporte sind im Januar unerwartet tief gefallen. Die neuen Zahlen nähren die Angst vor einem Wachstumseinbruch in China.
1
4
3",,1,4,3,[],https://twitter.com/zeitonline/status/699093701432373249
ZEIT ONLINE,@zeitonline,2016-02-17T11:46:58.000Z,"ZEIT ONLINE
@zeitonline
·
2016年2月17日","#China stationiert Raketen auf einer umstrittenen Insel und löst damit Besorgnis aus. (ks)
zeit.de
Südchinesisches Meer: China stationiert Raketen auf umstrittener Insel
China hat offenbar Flugabwehrraketen auf eine Insel gebracht, die von Taiwan und Vietnam beansprucht wird. Die USA befürchten eine zunehmende Militarisierung der Region.
2
5
3",,2,5,3,[],https://twitter.com/zeitonline/status/699922985222828032
ZEIT ONLINE,@zeitonline,2016-02-23T18:53:45.000Z,"ZEIT ONLINE
@zeitonline
·
2016年2月24日","#China baut seine Wirtschaft um. Das bremst das Wachstum. Aber es besteht kein Grund zur Panik. (lg) http://bit.ly/20Ti2kf
1
6
9",,1,6,9,[],https://twitter.com/zeitonline/status/702204718878236672
ZEIT ONLINE,@zeitonline,2016-02-25T04:26:46.000Z,"ZEIT ONLINE
@zeitonline
·
2016年2月25日","Die USA und China haben sich laut Weißem Haus auf verschärfte Sanktionen gegen #Nordkorea geeinigt. (nd) http://zeit.de/politik/ausland/2016-02/nordkorea-kim-jong-un-usa-china-sanktionen…
2
14
9",,2,14,9,[],https://twitter.com/zeitonline/status/702711310761463809
ZEIT ONLINE,@zeitonline,2016-02-24T01:24:34.000Z,"ZEIT ONLINE
@zeitonline
·
2016年2月24日","#China soll Kampfjets auf eine Insel gebracht haben, die auch Taiwan und Vietnam für sich beanspruchen. (nd)
zeit.de
Woody Island: China verlegt Kampfjets auf umstrittene Insel
Auch Taiwan und Vietnam erheben Ansprüche auf die Insel im Südchinesischen Meer. Der US-Geheimdienst habe die Stationierung von Jets beobachtet, berichtet ein TV-Sender.
1
5
5",,1,5,5,[],https://twitter.com/zeitonline/status/702303069065908224
ZEIT ONLINE,@zeitonline,2016-03-05T03:40:34.000Z,"ZEIT ONLINE
@zeitonline
·
2016年3月5日","China rechnet im neuen Fünf-Jahres-Plan mit robustem Wirtschaftswachstum – doch die Schwierigkeiten nehmen zu. (nd) http://zeit.de/wirtschaft/2016-03/china-fuenf-jahres-plan-volkskongress-wachstum…
2
4",,,2,4,[],https://twitter.com/zeitonline/status/705961171287932928
ZEIT ONLINE,@zeitonline,2016-03-16T02:25:08.000Z,"ZEIT ONLINE
@zeitonline
·
2016年3月16日","#China: Der neue Fünf-Jahres-Plan sieht ein jährliches #Wirtschaftswachstum von mindestens 6,5 Prozent vor. (nd) http://zeit.de/politik/ausland/2016-03/china-volkskongress-fuenf-jahres-plan-wirtschaftwachstum…
1
10
1",,1,10,1,[],https://twitter.com/zeitonline/status/709928455325007873
ZEIT ONLINE,@zeitonline,2016-03-25T19:54:14.000Z,"ZEIT ONLINE
@zeitonline
·
2016年3月26日","Eine Rede, die kaum einer hörte. Wie Bundespräsident Gauck in China über Menschenrechte sprach (bb)
zeit.de
Joachim Gauck: Die chinesische Abseitsfalle
Auch der Staatsbesuch von Bundespräsident Gauck in China zeigt: Kritik an der Situation der Menschenrechte verhallt. Der Ausweg wäre ein Europa, das gemeinsam handelt.
6
12
21",,6,12,21,[],https://twitter.com/zeitonline/status/713453961630638080
ZEIT ONLINE,@zeitonline,2016-04-05T01:25:06.000Z,"ZEIT ONLINE
@zeitonline
·
2016年4月5日","Saudi-Arabien überholt Russland bei den Rüstungsausgaben. Nur die USA und China stecken mehr Geld ins Militär. (nd)
zeit.de
Sipri-Bericht: Saudi-Arabien überholt Russland bei Rüstungsausgaben
Nur die USA und China stecken mehr Geld in ihre Armee als das sunnitische Königreich. Weltweit steigen die Militärausgaben auf 1,7 Billionen Dollar.
6
22
8",,6,22,8,[],https://twitter.com/zeitonline/status/717161107220258822
ZEIT ONLINE,@zeitonline,2016-04-01T08:06:48.000Z,"ZEIT ONLINE
@zeitonline
·
2016年4月1日","USA und China einigen sich im Kampf gegen nuklearen Terror (nd) http://zeit.to/1Vev2RL
3
12",,,3,12,[],https://twitter.com/zeitonline/status/715812646226931717
ZEIT ONLINE,@zeitonline,2016-04-12T11:34:31.000Z,"ZEIT ONLINE
@zeitonline
·
2016年4月12日","#China bestellt den Botschafter Japans und die G7-Gesandten wegen ihrer Erklärung zum #Inselkonflikt ein. (nd) http://bit.ly/1VQoR6G
1
1
4",,1,1,4,[],https://twitter.com/zeitonline/status/719851184849358849
ZEIT ONLINE,@zeitonline,2016-04-28T15:24:01.000Z,"ZEIT ONLINE
@zeitonline
·
2016年4月28日","Mit Geld aus China soll das Brettspiel Go jetzt auch bei uns populärer werden. (cs)
zeit.de
Go: Go, Europe, go!
In Asien ist das Strategiespiel mit den linsenförmigen Steinen Teil der Alltagskultur. Mit Geld aus China soll es jetzt auch bei uns populärer werden.
7
11",,,7,11,[],https://twitter.com/zeitonline/status/725707145216405505
ZEIT ONLINE,@zeitonline,2016-04-29T00:29:11.000Z,"ZEIT ONLINE
@zeitonline
·
2016年4月29日","Starinvestor Carl Icahn zieht sich wegen unsicherem China-Geschäft bei #Apple zurück. (nd)
zeit.de
Apple: Starinvestor Icahn zieht sich wegen unsicheren Chinageschäfts zurück
Ersmals vermeldete Apple einen Gewinnrückgang. Jetzt verkauft Großinvestor Icahn seine Anteile. Grund sind Probleme mit den chinesischen Behörden.
1
3",,,1,3,[],https://twitter.com/zeitonline/status/725844340669554688
ZEIT ONLINE,@zeitonline,2016-05-25T19:56:59.000Z,"ZEIT ONLINE
@zeitonline
·
2016年5月26日","Die USA verkaufen Vietnam Militärtechnik. Das zielt auch gegen China und dessen Expansionskurs im Westpazifik. (lu) http://bit.ly/1WjFgSI
3
9
12",,3,9,12,[],https://twitter.com/zeitonline/status/735560314645794817
ZEIT ONLINE,@zeitonline,2016-05-24T08:43:16.000Z,"ZEIT ONLINE
@zeitonline
·
2016年5月24日","Sudan lässt China das erste Atomkraftwerk des Landes bauen. (nd)
zeit.de
Energie: Atomkraft im Sudan, made in China
China setzt massiv auf den Export seiner Atomtechnologie, der Sudan ist ein weiterer Kunde. Ein entsprechendes Abkommen wurde in Khartum unterzeichnet.
3
6
5",,3,6,5,[],https://twitter.com/zeitonline/status/735028380911964160
ZEIT ONLINE,@zeitonline,2016-06-11T15:57:39.000Z,"ZEIT ONLINE
@zeitonline
·
2016年6月11日","Wirtschaft, Menschenrechte, NGOs: Merkel hat für ihre #China-Reise einige Themen im Gepäck. (nd) http://zeit.de/politik/ausland/2016-06/china-besuch-angela-merkel-journalistin-gao-yu-ausreise…
13
8
8",,13,8,8,[],https://twitter.com/zeitonline/status/741660675563474946
ZEIT ONLINE,@zeitonline,2016-06-12T10:24:27.000Z,"ZEIT ONLINE
@zeitonline
·
2016年6月12日","Merkels Besuch in China wird wohl die deutsch-chinesischen Beziehungsrisse offenlegen. (sr)
zeit.de
Angela Merkel in China: Harte Konflikte mit einem schwierigen Partner
Die Bundeskanzlerin fährt zum Staatsbesuch nach China. Die viel gelobte Partnerschaft hat Risse bekommen – was vor allem an den politischen Verhärtungen in Peking liegt.
9
13
30",,9,13,30,[],https://twitter.com/zeitonline/status/741939212547657728
ZEIT ONLINE,@zeitonline,2016-06-13T03:48:12.000Z,"ZEIT ONLINE
@zeitonline
·
2016年6月13日","Kanzlerin Angela Merkel legt in #China zum Start der Regierungskonsultationen eine Wunschliste vor. (nd)
zeit.de
Peking: Merkel verlangt von China Rechtssicherheit
Zu Beginn der deutsch-chinesischen Regierungskonsultationen hat Kanzlerin Merkel bessere Bedingungen für deutsche Firmen eingefordert. Auch Menschenrechte sind ein Thema.
8
5
10",,8,5,10,[],https://twitter.com/zeitonline/status/742201882907693056
ZEIT ONLINE,@zeitonline,2016-06-13T15:53:23.000Z,"ZEIT ONLINE
@zeitonline
·
2016年6月13日","#China will unbedingt als Marktwirtschaft anerkannt werden – und umgarnt #Merkel. Sie sollte standhaft bleiben (mbr) http://bit.ly/1XjxPLL
2
5
13",,2,5,13,[],https://twitter.com/zeitonline/status/742384379276726272
ZEIT ONLINE,@zeitonline,2016-06-28T18:14:03.000Z,"ZEIT ONLINE
@zeitonline
·
2016年6月29日","Klimaschutz mit Fleischverzicht: Wie China mit Arnold Schwarzenegger den Appetit auf Tier drosseln will. (sst)
zeit.de
Fleischkonsum in China: Der Terminator steht auf Tofu
Chinas Regierung ruft zum Fleischverzicht und will den Konsum im Land halbieren – dem Klima und der Volksgesundheit zuliebe. Helfen soll dabei auch Arnold Schwarzenegger.
2
10
15",,2,10,15,[],https://twitter.com/zeitonline/status/747855598079905792
ZEIT ONLINE,@zeitonline,2016-06-20T15:53:29.000Z,"ZEIT ONLINE
@zeitonline
·
2016年6月20日","In China mit Hanf erwischt: Drei Reisende erzählen, wie sie im Ausland verhaftet wurden. (akg) http://zeit.de/campus/2016-06/gesetze-ausland-justiz-regeln-erfahrungsberichte…
3
7",,,3,7,[],https://twitter.com/zeitonline/status/744921117656252416
ZEIT ONLINE,@zeitonline,2016-06-20T08:22:38.000Z,"ZEIT ONLINE
@zeitonline
·
2016年6月20日","China: Indonesien hat unsere Fischerboote beschossen. Indonesien: Chinas Boote haben bei uns gefischt. (nd) http://bit.ly/28Ii7HX
6
5",,,6,5,[],https://twitter.com/zeitonline/status/744807658457178113
ZEIT ONLINE,@zeitonline,2016-06-26T03:55:36.000Z,"ZEIT ONLINE
@zeitonline
·
2016年6月26日","#China hat die Kommunikation mit #Taiwan gekappt, weil es sich über die neue Präsidentin Tsai Ing-wen ärgert. (nd)
zeit.de
Tsai Ing-wen: China kappt Kommunikation mit Taiwan
Aus Verärgerung über Taiwans neue Regierung hat China den Dialog mit der Inselrepublik unterbrochen. Auch wegen der Auslieferung von Betrugsverdächtigen gibt es Streit.
7
6",,,7,6,[],https://twitter.com/zeitonline/status/746914786412224512
ZEIT ONLINE,@zeitonline,2016-07-12T09:21:38.000Z,"ZEIT ONLINE
@zeitonline
·
2016年7月12日","China hat keinen Gebietsanspruch auf Inseln im Südchinesischen Meer http://zeit.de/politik/ausland/2016-07/china-hat-keinen-gebietsanspruch-auf-inseln-im-suedchinesischen-meer…
8
11
13",,8,11,13,[],https://twitter.com/zeitonline/status/752795038191607808
ZEIT ONLINE,@zeitonline,2016-07-12T15:48:22.000Z,"ZEIT ONLINE
@zeitonline
·
2016年7月12日","Nach Den Haag: Die Botschaft an #China ist eindeutig. (sr)
zeit.de
Südchinesisches Meer: Die Botschaft ist eindeutig
Chinas Anspruch auf fast das gesamte Südchinesische Meer ist nicht rechtens, urteilt ein Gericht. Für Peking ein empfindlicher Schlag – es steht am Pranger.
1
4
5",,1,4,5,[],https://twitter.com/zeitonline/status/752892366395215872
ZEIT ONLINE,@zeitonline,2016-07-13T08:44:02.000Z,"ZEIT ONLINE
@zeitonline
·
2016年7月13日","China droht mit der Einrichtung einer Luftverteidigungszone im Südchinesischen Meer. (nd) http://bit.ly/29DHwl6
2
4
4",,2,4,4,[],https://twitter.com/zeitonline/status/753147965590609921
ZEIT ONLINE,@zeitonline,2016-07-20T05:23:30.000Z,"ZEIT ONLINE
@zeitonline
·
2016年7月20日","Südchinesisches Meer: Das Völkerrecht gilt auch für China. Europa darf nicht neutral bleiben, schreibt M. Naß. (ft)
zeit.de
Südchinesisches Meer: Chinas Ansprüche sind auf Sand gebaut
Das Völkerrecht gilt auch für China. Aber wie kann dessen Führung im Inselstreit zum Einlenken bewegt werden? Europa kann in diesem Streit nicht neutral bleiben.
4
15
13",,4,15,13,[],https://twitter.com/zeitonline/status/755634212997300224
ZEIT ONLINE,@zeitonline,2016-07-29T17:06:11.000Z,"ZEIT ONLINE
@zeitonline
·
2016年7月30日","China hat laut Berichten damit begonnen, das weltweit größte Institut für tibetischen Buddhismus abzureißen
zeit.de
Tibet: China lässt offenbar tibetische Stadt abreißen
Larung Gar ist ein von Tibetern bewohnter Ort in China und eins der größten religiösen Institute weltweit. Nun zerstört China Teile davon ""aus Brandschutzgründen"".
9
84
20",,9,84,20,[],https://twitter.com/zeitonline/status/759072542086819841
ZEIT ONLINE,@zeitonline,2016-08-04T08:01:15.000Z,"ZEIT ONLINE
@zeitonline
·
2016年8月4日","Er verteidigte 
@DIEZEIT
 -Mitarbeiterin Zhang Miao. Nun wurde Menschenrechtsanwalt Zhou Shifeng in China verurteilt.
zeit.de
China: Sieben Jahre Haft für Menschenrechtsanwalt Zhou Shifeng
Er verteidigte Ai Weiwei und die ZEIT-Mitarbeiterin Zhang Miao. Nun wurde der Anwalt Zhou Shifeng wegen ""Untergrabung der Staatsgewalt"" verurteilt.
3
33
14",,3,33,14,[],https://twitter.com/zeitonline/status/761109732174147584
ZEIT ONLINE,@zeitonline,2016-08-03T11:58:37.000Z,"ZEIT ONLINE
@zeitonline
·
2016年8月3日","#Uber gibt in China auf – das Geschäft könnte sich am Ende trotzdem mehr als bezahlt machen. http://zeit.to/2b2bVbM
3
3",,,3,3,[],https://twitter.com/zeitonline/status/760807078583758848
ZEIT ONLINE,@zeitonline,2016-08-04T07:42:01.000Z,"ZEIT ONLINE
@zeitonline
·
2016年8月4日","Eine Sondersitzung des UN-Sicherheitsrats zu Nordkorea endet ergebnislos. China warnt vor Aktionismus. http://zeit.to/2ak1CCJ
4
5
1",,4,5,1,[],https://twitter.com/zeitonline/status/761104892379271168
ZEIT ONLINE,@zeitonline,2016-08-16T18:39:03.000Z,"ZEIT ONLINE
@zeitonline
·
2016年8月17日","Sichere Daten dank Quantenpyhsik? China will mit einem Satelliten die Kommunikation revolutionieren.
zeit.de
Quantenkryptografie: ""Und dann laden wir Menschen ein, die Daten zu hacken""
Abhörsicher dank Quantenphysik? Ein Satellit aus China soll unsere Kommunikation revolutionieren, besser gesagt: verschlüsseln. Anton Zeilinger lieferte die Idee dazu.
15
12",,,15,12,[],https://twitter.com/zeitonline/status/765618895029936128
ZEIT ONLINE,@zeitonline,2016-08-16T16:03:40.000Z,"ZEIT ONLINE
@zeitonline
·
2016年8月17日","#China macht Druck auf die Zivilgesellschaft. Was denkt die neue Mittelschicht darüber, die sozialen Aufsteiger?
zeit.de
Mittelschicht in China: Solange es sich gut leben lässt
Verhaftungen, Zensur, staatliche Willkür: Chinas Regierung macht Druck auf die Zivilgesellschaft. Was denkt die neue Mittelschicht darüber, Chinas soziale Aufsteiger?
2
7
8",,2,7,8,[],https://twitter.com/zeitonline/status/765579789516337152
ZEIT ONLINE,@zeitonline,2016-08-18T18:08:27.000Z,"ZEIT ONLINE
@zeitonline
·
2016年8月19日","Das Reich der Schnitte. Im Tischtennis siegt immer China. Das ist selbst für China ein Problem. 
@stammplatz
 aus Rio
zeit.de
Tischtennis: Das Reich der Schnitte
Im Tischtennis gewinnen immer nur Chinesen. Das ist selbst für die Chinesen ein Problem. Deshalb helfen die Chinesen den anderen, damit die dann spielen wie Chinesen.
2
11",,,2,11,[],https://twitter.com/zeitonline/status/766335967389163520
ZEIT ONLINE,@zeitonline,2016-09-03T03:05:52.000Z,"ZEIT ONLINE
@zeitonline
·
2016年9月3日","Historischer Durchbruch? #China hat das #Klimaabkommen von Paris ratifiziert.
zeit.de
G 20: USA und China treten dem UN-Klimaschutzabkommen bei
China hat den Pariser Klimapakt bereits ratifiziert, nun haben sich auch die USA dem Vertrag angeschlossen. Die beiden Staaten sind die weltweit größten Klimasünder.
1
28
29",,1,28,29,[],https://twitter.com/zeitonline/status/771907033310326784
ZEIT ONLINE,@zeitonline,2016-09-03T10:27:00.000Z,"ZEIT ONLINE
@zeitonline
·
2016年9月3日","Mit den USA und China haben die zwei weltweit größten Klimasünder das UN-Klimaschutzabkommen ratifiziert
zeit.de
G 20: USA und China treten dem UN-Klimaschutzabkommen bei
China hat den Pariser Klimapakt bereits ratifiziert, nun haben sich auch die USA dem Vertrag angeschlossen. Die beiden Staaten sind die weltweit größten Klimasünder.
2
22
29",,2,22,29,[],https://twitter.com/zeitonline/status/772018047976693760
ZEIT ONLINE,@zeitonline,2016-09-05T15:53:07.000Z,"ZEIT ONLINE
@zeitonline
·
2016年9月5日","Umstrittene Gesetze blockieren, #China in Schach halten: Mehr ging noch nie in #Hongkong.  http://zeit.de/politik/ausland/2016-09/wahlen-hongkong-regenschirm-revolution-china-demosisto…
4
8",,,4,8,[],https://twitter.com/zeitonline/status/772824891070550016
ZEIT ONLINE,@zeitonline,2016-09-04T04:18:23.000Z,"ZEIT ONLINE
@zeitonline
·
2016年9月4日","Heute beginnt der #G20-Gipfel in #China. Dabei stehen viele inoffizielle Treffen zu den aktuellen #Weltkrisen an.
zeit.de
G-20-Gipfel: Merkel trifft Erdoğan und Putin
Beim Treffen der G 20 in China stehen neben der Weltwirtschaft auch die großen Krisen auf der Agenda. Mehrere wichtige Gesprächspartner der Kanzlerin stehen bereits fest.
2
4
12",,2,4,12,[],https://twitter.com/zeitonline/status/772287668533112832
ZEIT ONLINE,@zeitonline,2016-09-09T14:04:44.000Z,"ZEIT ONLINE
@zeitonline
·
2016年9月9日","China bemüht sich wieder mehr um das Regime in #Nordkorea. Doch die Führung in Pjöngjang dankt es China nicht. http://bit.ly/2bZ3dyJ
2
3
3",,2,3,3,[],https://twitter.com/zeitonline/status/774247170581094400
ZEIT ONLINE,@zeitonline,2016-09-23T12:05:20.000Z,"ZEIT ONLINE
@zeitonline
·
2016年9月23日","Die Lösung: Schicken wir @DieRotenBullen doch einfach nach China. Die Vorschau auf den 5. Bundesligaspieltag http://bit.ly/2d5FWsZ
2
1
8",,2,1,8,[],https://twitter.com/zeitonline/status/779290552521093121
ZEIT ONLINE,@zeitonline,2016-10-15T12:41:33.000Z,"ZEIT ONLINE
@zeitonline
·
2016年10月15日","Ordos in China ist eine totgeborene Stadt. Ihr fehlen Menschen. 
@AdrienGolinelli
 hat die Geisterstadt portätiert
zeit.de
Ordos: Größenwahnsinnige Geisterstadt
Die chinesische Stadt Ordos wächst höher und höher. Doch es leben kaum Menschen dort. Der Fotograf Adrien Golinelli hat eine völlig absurde Immobilienblase porträtiert.
2
9
10",,2,9,10,[],https://twitter.com/zeitonline/status/787272197467475968
ZEIT ONLINE,@zeitonline,2016-10-17T03:40:51.000Z,"ZEIT ONLINE
@zeitonline
·
2016年10月17日","#China schickt erfolgreich zwei Astronauten ins All.
zeit.de
Raumfahrt: China schickt zwei Taikonauten ins All
Die beiden Weltraumfahrer sollen 30 Tage im All bleiben und dort Ausrüstung testen. Bis 2022 will China eine eigene bemannte Raumstation betreiben.
1
4
8",,1,4,8,[],https://twitter.com/zeitonline/status/787860900376092672
ZEIT ONLINE,@zeitonline,2016-10-26T15:19:34.000Z,"ZEIT ONLINE
@zeitonline
·
2016年10月26日","US-Geheimdienste sollen den Verkauf des deutschen Unternehmens #Aixtron nach China gestoppt haben.
zeit.de
Aixtron: US-Geheimdienste stoppen Verkauf deutscher Firma nach China
Ein chinesischer Investor hat für den deutschen Spezialmaschinenhersteller Aixtron geboten. Das Bundeswirtschaftsministerium zog eine Unbedenklichkeitserklärung zurück.
5
7
8",,5,7,8,[],https://twitter.com/zeitonline/status/791298231976226816
ZEIT ONLINE,@zeitonline,2016-11-01T20:05:42.000Z,"ZEIT ONLINE
@zeitonline
·
2016年11月2日","Jahrzehntelang lief mit Deutschland und China wirtschaftlich alles rund. Das ist nun vorbei.
zeit.de
China: Wer nachgibt, verliert
China kauft in Deutschland Spitzenunternehmen – doch deutschen Betrieben bleibt der chinesische Markt verschlossen. Minister Gabriel muss jetzt in Peking hart verhandeln.
8
15
8",,8,15,8,[],https://twitter.com/zeitonline/status/793544564497874944
ZEIT ONLINE,@zeitonline,2016-11-01T10:00:24.000Z,"ZEIT ONLINE
@zeitonline
·
2016年11月1日","Die deutliche Kritik von Sigmar #Gabriel an China führt zu Irritationen bei seinem Peking-Besuch. http://zeit.to/2ei6c4W
3
4",,,3,4,[],https://twitter.com/zeitonline/status/793392236167847936
ZEIT ONLINE,@zeitonline,2016-11-01T06:39:00.000Z,"ZEIT ONLINE
@zeitonline
·
2016年11月1日","Vor Wirtschaftsminister Gabriels Besuch in China: Keiner will einen Handelskrieg http://zeit.de/politik/ausland/2016-10/china-wirtschaft-sigmar-gabriel-investitionen…
1
1
3",,1,1,3,[],https://twitter.com/zeitonline/status/793341554278731776
ZEIT ONLINE,@zeitonline,2016-11-10T19:21:58.000Z,"ZEIT ONLINE
@zeitonline
·
2016年11月11日","Was ist mit China? #Trump weiß es wohl noch nicht so genau. http://zeit.de/politik/ausland/2016-11/aussenpolitik-donald-trump-ostasien-china…
6
4
7",,6,4,7,[],https://twitter.com/zeitonline/status/796795051888279552
ZEIT ONLINE,@zeitonline,2016-11-19T14:09:17.000Z,"ZEIT ONLINE
@zeitonline
·
2016年11月19日","In Südostasien verschiebt sich die Machtbalance grundlegend. Die Philippinen wenden sich China zu.
zeit.de
Philippinen: Dutertes gefährliches China-Experiment
In Südostasien ereignet sich eine geostrategische Sensation und niemand merkt es. Die Philippinen, bislang fest an der Seite der USA, wenden sich dem großen Nachbarn zu.
2
6
5",,2,6,5,[],https://twitter.com/zeitonline/status/799977850950610944
ZEIT ONLINE,@zeitonline,2016-12-05T23:59:02.000Z,"ZEIT ONLINE
@zeitonline
·
2016年12月6日","Die Vetomächte #Russland und #China haben im Sicherheitsrat gegen eine einwöchige Feuerpause in Aleppo gestimmt.
zeit.de
Syrien: Russland und China blockieren Feuerpause in Aleppo
Mit ihrem Veto im Sicherheitsrat haben beide Staaten eine Resolution verhindert. Ansonsten stimmte nur noch Venezuela gegen eine einwöchige Waffenruhe.
4
23
6",,4,23,6,[],https://twitter.com/zeitonline/status/805924473589395457
ZEIT ONLINE,@zeitonline,2016-12-01T07:51:21.000Z,"ZEIT ONLINE
@zeitonline
·
2016年12月1日","Sondersteuer auf Luxusautos in China: Käufer zahlen zehn Prozent drauf. http://zeit.to/2gBgR9P
4
9
21",,4,9,21,[],https://twitter.com/zeitonline/status/804231394553634817
ZEIT ONLINE,@zeitonline,2016-12-22T21:22:15.000Z,"ZEIT ONLINE
@zeitonline
·
2016年12月23日",".
@realDonaldTrump
 holt einen Großinvestor und einen China Kritiker in sein Führungsteam.  http://zeit.de/politik/ausland/2016-12/finanzinvestor-donald-trump-carl-icahn-berater…
1
5
8",,1,5,8,[],https://twitter.com/zeitonline/status/812045610530598913
