UserScreenName,UserName,Timestamp,Text,Embedded_text,Emojis,Comments,Likes,Retweets,Image link,Tweet URL
¯\_(ツ)_/¯,@s_ill_e,2013-06-06T14:40:08.000Z,"¯\_(ツ)_/¯
@s_ill_e
·
2013年6月6日","Kraut und Rüben in der TL und irgendwo in China kratzt sich jetzt auch ein Reiskorn am Sack, oder so...
1
1
19",,1,1,19,[],https://twitter.com/s_ill_e/status/342652129632206849
| Cpt. WortWunder |,@WortWunder,2013-08-29T11:46:46.000Z,"| Cpt. WortWunder |
@WortWunder
·
2013年8月29日","August, 2013: 
- Der SC Preussen Münster besiegt den FC Sankt Pauli
- Ein blauer Strich spaltet die Twitter-Gemeinde
- In China fällt...
2
10",,,2,10,[],https://twitter.com/WortWunder/status/373049080643338240
✪EinzelKind✪™,@fransenkopf,2013-08-07T11:09:00.000Z,"✪EinzelKind✪™
@fransenkopf
·
2013年8月7日","Die Welt retten wollen, aber nicht verhindern können, dass in China ein Sack Reis umfällt.
3
10",,,3,10,[],https://twitter.com/fransenkopf/status/365067042178613249
✿ ooɹɔs,@scroo,2013-07-08T18:34:53.000Z,"✿ ooɹɔs
@scroo
·
2013年7月9日","Oh, die Hündin hat anscheinend vor, sich nach China durchzugraben. #Loch_im_Garten
1
7",,1,,7,[],https://twitter.com/scroo/status/354307618795298816
½,@halbgrieche,2013-01-10T09:20:35.000Z,"½
@halbgrieche
·
2013年1月10日","Okay, für die dreiwöchige Studienreise nach China im Sommer muss ich mich dann wirklich prostituieren. Oder reich heiraten.
1
11",,1,,11,[],https://twitter.com/halbgrieche/status/289300695692242944
4xIch,@bine888,2013-10-06T19:14:29.000Z,"4xIch
@bine888
·
2013年10月7日","Übrigens:
In China ist ein alter Sack im Reisebüro umgefallen...
5
5
39",,5,5,39,[],https://twitter.com/bine888/status/386932489589379072
风,@senseieni,2013-01-13T19:12:16.000Z,"风
@senseieni
·
2013年1月14日","Hab Nachrichten gesehen. In China verschwindet alles im Smog. Ich hab schlimme Angst,dass man den Sack Reis bald nicht mehr erkennen kann :(
12",,,,12,[],https://twitter.com/senseieni/status/290536762365837312
傾愛圭賢Hyunlove,@Hyunlove_China,2013-12-28T13:21:45.000Z,"傾愛圭賢Hyunlove
@Hyunlove_China
·
2013年12月28日","listen！
3
36
9",,3,36,9,[],https://twitter.com/Hyunlove_China/status/416921915383496704
Adipositas,@Suuupertyp,2013-12-11T08:46:19.000Z,"Adipositas
@Suuupertyp
·
2013年12月11日","Ja, Danke,ich kann den Kalender lesen,der 11.12.13 ist morgen auch wieder rum und am Freitag ist ist der 13. Und in China pinkelt ein Panda.
2
10",,,2,10,[],https://twitter.com/Suuupertyp/status/410692007963553792
Alexander D. Rudin,@alexanderdrudin,2013-09-08T12:31:23.000Z,"Alexander D. Rudin
@alexanderdrudin
·
2013年9月8日","Gott hat die Erde und alle Lebewesen erschaffen, alles andere kommt aus China.
5
13",,,5,13,[],https://twitter.com/alexanderdrudin/status/376684186674798592
anke domscheit-berg,@anked,2013-06-29T16:57:22.000Z,"anke domscheit-berg
@anked
·
2013年6月30日","wie würde EU wohl reagieren, wenn nicht US geheimdienst sondern NordKorea, China o Irak ihre behörden verwanzt hätte?
spiegel.de
NSA hat Wanzen in EU-Gebäuden installiert
Der US-Geheimdienst NSA späht offenbar gezielt die Europäische Union aus. Nach SPIEGEL-Informationen installierten die Amerikaner Wanzen in der EU-Vertretung in Washington und infiltrierten das...
4
13
7",🔴,4,13,7,[],https://twitter.com/anked/status/351021587996225538
Anke Gröner,@ankegroener,2013-02-08T21:42:48.000Z,"Anke Gröner
@ankegroener
·
2013年2月9日","Bayern! Bayerinnen! Ihr habt mein Herz erobert, wirklich! Aber bitte, bitte hört auf „Kina“ zu sagen, wenn ihr „China“ meint.
11
2
11",,11,2,11,[],https://twitter.com/ankegroener/status/299996730802454529
Athrú,@Vorbeibye,2013-02-01T18:31:44.000Z,"Athrú
@Vorbeibye
·
2013年2月2日","Das Nationalgericht in Malta ist Kaninchenragout. Weswegen Kanichen nicht auf Malta Urlaub machen. Sondern in China. Dort gibt es Hund.
2
3
11",,2,3,11,[],https://twitter.com/Vorbeibye/status/297411930019225600
Barbara Schwede,@barbaraschwede,2013-02-19T07:13:10.000Z,"Barbara Schwede
@barbaraschwede
·
2013年2月19日","Im alten China wurden Ärzte nur bezahlt, wenn der Patient gesund wurde.
3
6
11",,3,6,11,[],https://twitter.com/barbaraschwede/status/303764145604526081
Baumhausmädchen,@baumhausmaedchn,2013-08-06T20:49:48.000Z,"Baumhausmädchen
@baumhausmaedchn
·
2013年8月7日","Mein neues Kind—ääh MacbookAir war heute schon in China, Südkorea, Kasachstan und Polen unterwegs. Komm endlich zu Mama!
2
1
13",,2,1,13,[],https://twitter.com/baumhausmaedchn/status/364850820069588992
bee,@zynaesthesie,2013-01-13T19:33:54.000Z,"bee
@zynaesthesie
·
2013年1月14日","+++ Eil +++ Smog in China +++ Polizei befiehlt als Gegenmittel, nur noch mit geschlossenen Scheiben Auto zu fahren +++
1
12",,,1,12,[],https://twitter.com/zynaesthesie/status/290542203812581377
bee,@zynaesthesie,2013-01-14T09:34:00.000Z,"bee
@zynaesthesie
·
2013年1月14日","Die Reistüte in der Küche ist umgefallen. Ich muss in China sein
1
16",,1,,16,[],https://twitter.com/zynaesthesie/status/290753622575304704
BenjaminSeuss,@BenjaminSeuss,2013-10-25T18:46:47.000Z,"BenjaminSeuss
@BenjaminSeuss
·
2013年10月26日","Dann sagst du auch (CH)ristian statt (K)ristian oder? 
@Thomy_Freaky
: Es heißt CHina und nicht Kina 
@BenjaminSeuss
! :O
3
2
9",,3,2,9,[],https://twitter.com/BenjaminSeuss/status/393810887980888064
Biniiii von + zu auf und nieder McClane,@Bini_Pink,2013-02-11T11:04:03.000Z,"Biniiii von + zu auf und nieder McClane
@Bini_Pink
·
2013年2月11日","Eilmeldung: In China ist mal wieder ein Sack Reis umgefallen....
1
3
17",,1,3,17,[],https://twitter.com/Bini_Pink/status/300923147358720000
Biniiii von + zu auf und nieder McClane,@Bini_Pink,2013-07-05T04:38:25.000Z,"Biniiii von + zu auf und nieder McClane
@Bini_Pink
·
2013年7月5日","Wer mich heute entfolgt und mit der Ausrede kommt ""Ich hab nicht gewusst, wer Du bist"" in China fällt gerade ein Sack reis um.
1
2
23",,1,2,23,[],https://twitter.com/Bini_Pink/status/353009952056545280
Blaumann™ ★ ★ ★,@theblaumann,2013-01-04T20:20:42.000Z,"Blaumann™ ★ ★ ★
@theblaumann
·
2013年1月5日","Wenn mein Augenarzt mich darum bittet zu sagen, was in der letzten Zeile auf der Tafel steht, sage ich immer ""Made in China"" ;-)
5
30",,,5,30,[],https://twitter.com/theblaumann/status/287292491303104512
Blaumann™ ★ ★ ★,@theblaumann,2013-01-11T19:35:56.000Z,"Blaumann™ ★ ★ ★
@theblaumann
·
2013年1月12日","Dank der Relativitätstheorie habe ich einen Weg gefunden, einen größeren Penis zu bekommen: Ich ziehe nach China.
1
15",,,1,15,[],https://twitter.com/theblaumann/status/289817939836809216
Blaumann™ ★ ★ ★,@theblaumann,2013-05-20T07:41:01.000Z,"Blaumann™ ★ ★ ★
@theblaumann
·
2013年5月20日","Ich vermute, dieser Frühjahr wurde als Fälschung in China hergestellt.
2
22",,,2,22,[],https://twitter.com/theblaumann/status/336386059950755840
Blaumann™ ★ ★ ★,@theblaumann,2013-07-05T19:28:29.000Z,"Blaumann™ ★ ★ ★
@theblaumann
·
2013年7月6日","Wenn ein Sack mit Reis in China umfällt, habe ich ein Alibi.
1
9",,,1,9,[],https://twitter.com/theblaumann/status/353233944042422273
Blaumann™ ★ ★ ★,@theblaumann,2013-11-01T14:07:03.000Z,"Blaumann™ ★ ★ ★
@theblaumann
·
2013年11月1日","Ich bin ein zwanghafter Lügner und der Kaiser von China.
2
8",,,2,8,[],https://twitter.com/theblaumann/status/396277208970723328
blende_f4,@blende_f4,2013-11-28T07:56:38.000Z,"blende_f4
@blende_f4
·
2013年11月28日","Alle Dunkelheit der Welt reicht nicht, um das Licht einer einzigen, kleinen Kerze auszulöschen.

Aus China
3
15",,,3,15,[],https://twitter.com/blende_f4/status/405968459835904000
Bruce Twarze™,@4zido,2013-12-03T21:18:50.000Z,"Bruce Twarze™
@4zido
·
2013年12月4日","In China hat ein Sack Reis eben beschlossen dass es nun entgültig reicht und er jetzt liegen bleibt.
2
5
31",,2,5,31,[],https://twitter.com/4zido/status/407982281366994944
Buntblatt,@Buntblaettle,2013-04-19T08:11:13.000Z,"Buntblatt
@Buntblaettle
·
2013年4月19日","Wenn du loslässt, hast du zwei Hände frei..
aus China
1
20
71",,1,20,71,[],https://twitter.com/Buntblaettle/status/325159639215910912
Captain_Boosted,@Kipp_Dotter,2013-02-05T11:19:39.000Z,"Captain_Boosted
@Kipp_Dotter
·
2013年2月5日","Bei den Weltmeisterschaften, in China, im Reissackumkippen, wurde ja auch geschoben.
Geordert war umkippen, nicht schieben.
1
13",,1,,13,[],https://twitter.com/Kipp_Dotter/status/298752744783753216
Captain_Boosted,@Kipp_Dotter,2013-06-21T23:32:17.000Z,"Captain_Boosted
@Kipp_Dotter
·
2013年6月22日","Wer China mit k ausspricht, sollte das bei chillen auch tun.
4
25",,,4,25,[],https://twitter.com/Kipp_Dotter/status/348221865669570560
Captain_Boosted,@Kipp_Dotter,2013-09-06T04:42:01.000Z,"Captain_Boosted
@Kipp_Dotter
·
2013年9月6日","1.332.000.000
Anzahl der Menschen, die in China leben. Das ist jeder fünfte Mensch auf der Welt

#infotweet
1
1
13",,1,1,13,[],https://twitter.com/Kipp_Dotter/status/375841292925665281
Captain_Boosted,@Kipp_Dotter,2013-12-09T08:24:35.000Z,"Captain_Boosted
@Kipp_Dotter
·
2013年12月9日","Die U7 ist heute morgen wieder mal durch Peking unterwegs.
Kein Wunder das in China der Reis umfällt.
2
22",,,2,22,[],https://twitter.com/Kipp_Dotter/status/409961763850174464
Captain_Boosted,@Kipp_Dotter,2013-12-28T05:44:46.000Z,"Captain_Boosted
@Kipp_Dotter
·
2013年12月28日","In China gebärt jede Frau im Schnitt nur 1,6 Kind/er. Kein Wunder, dass denen die Leute knapp werden.
2
17",,2,,17,[],https://twitter.com/Kipp_Dotter/status/416806913158815745
Christian Helms,@ChristianHelms,2013-12-17T20:12:04.000Z,"Christian Helms
@ChristianHelms
·
2013年12月18日","Auf den ersten Blick China haltbar. #gzebay
4
7",,,4,7,[],https://twitter.com/ChristianHelms/status/413038910655451136
Christian Huber,@Christian_Huber,2013-08-06T10:21:20.000Z,"Christian Huber
@Christian_Huber
·
2013年8月6日","Jetzt eine scharfe China-Suppe, dann ins Solarium und abschließend ein schönes, heißes Bad.
1
1
22",,1,1,22,[],https://twitter.com/Christian_Huber/status/364692660616839172
Christoph Azone,@ChristophAzone,2013-08-12T05:14:52.000Z,"Christoph Azone
@ChristophAzone
·
2013年8月12日","Kinderprogramm in China: ""Die Sendung mit den Maos""
1
4
16",,1,4,16,[],https://twitter.com/ChristophAzone/status/366789861249781760
ChrisVanOliver,@ChrisVanOliver,2013-06-26T09:39:50.000Z,"ChrisVanOliver
@ChrisVanOliver
·
2013年6月26日","Jedes Ding hat drei Seiten! Eine, die du siehst, eine, die ich sehe und eine, die wir beide nicht sehen. (Sprichwort aus China)
2
11",,,2,11,[],https://twitter.com/ChrisVanOliver/status/349824315476283392
CoBra®,@e7usive,2013-06-29T18:45:21.000Z,"CoBra®
@e7usive
·
2013年6月30日","Kann man Twitter jetzt wieder einschalten? Gibt's wieder andere wichtige Themen? Der Sack Reis in China zum Beispiel?
2
11",,,2,11,[],https://twitter.com/e7usive/status/351048761138622465
CoBra®,@e7usive,2013-08-25T06:38:11.000Z,"CoBra®
@e7usive
·
2013年8月25日","Es zählt nicht, wie alt du bist, sondern wie du alt bist.

(Aus China)
4
19
75",,4,19,75,[],https://twitter.com/e7usive/status/371521871285850112
Daniele Rizzo,@daniele_rizzo,2013-12-29T13:19:12.000Z,"Daniele Rizzo
@daniele_rizzo
·
2013年12月29日","Heute in der Post: Socken aus China?! Ist das ein Glücksbringer? Oder 'ne Warnung? ""Sie sin' zu lustig, Mr. Lizzo!""
1
1
20",,1,1,20,[],https://twitter.com/daniele_rizzo/status/417283661718106112
Darth Lehrer,@Darth_Lehrer,2013-05-12T18:08:58.000Z,"Darth Lehrer
@Darth_Lehrer
·
2013年5月13日","In China gibt es ein ""Amt für Wetteränderungen"". Kein Scherz! Warum haben wir so etwas nicht? Ich prangere das an!
2
3
13",,2,3,13,[],https://twitter.com/Darth_Lehrer/status/333644987608739841
David Herzig,@davidherzig,2013-11-24T12:42:53.000Z,"David Herzig
@davidherzig
·
2013年11月24日","""1:12"" Die Idee: Made in Soviet Union - Die Fahnen: Made in China - Das Nein zu diesem Schwachsinn: Made in Switzerland! Well done! #abst13
8
15",,,8,15,[],https://twitter.com/davidherzig/status/404590948899774465
Dekofee,@toschcrs,2013-10-26T09:09:16.000Z,"Dekofee
@toschcrs
·
2013年10月26日","Ich verzweifel nicht so schnell. Ich hab als Kind die China-Welt bei Super Mario Land geschafft.
1
11",,,1,11,[],https://twitter.com/toschcrs/status/394027942436950016
der Vossi,@derVossi_,2013-11-26T08:35:24.000Z,"der Vossi
@derVossi_
·
2013年11月26日","""China will langfristig Menschen auf den Mond bringen.""
Ich habe da einige Vorschläge.
13
185
556",,13,185,556,[],https://twitter.com/derVossi_/status/405253442014564352
Der Wurfschuh,@Wurfschuh,2013-03-17T18:09:28.000Z,"Der Wurfschuh
@Wurfschuh
·
2013年3月18日","Wusstest du schon? -

NUR, wenn es um CHINA geht, findet das ZDF Macht und Reichtum plötzlich hässlich.
24
15
20",,24,15,20,[],https://twitter.com/Wurfschuh/status/313351390988730368
Der Wurfschuh,@Wurfschuh,2013-04-10T22:54:59.000Z,"Der Wurfschuh
@Wurfschuh
·
2013年4月11日","Todesstrafe. Nur eine Partei regiert. Umweltverschmutzer. Weltweite Militäreinsätze. Rüstungsexportweltmeister.
- China? Nö. USA.
20
13
18",,20,13,18,[],https://twitter.com/Wurfschuh/status/322120553811017729
derherrgott (echt),@derherrgott,2013-08-13T17:14:51.000Z,"derherrgott (echt)
@derherrgott
·
2013年8月14日","Nicht überall, wo ein Sack Reis umfällt, ist China.
1
11
42",,1,11,42,[],https://twitter.com/derherrgott/status/367333440884322304
Die Grüne Fee,@MeggSchicksi,2013-12-23T19:10:21.000Z,"Die Grüne Fee
@MeggSchicksi
·
2013年12月24日","Böses China, böses, böses China! Aus! AUS!

Wolle Handys kaufe?
1
15",,1,,15,[],https://twitter.com/MeggSchicksi/status/415197704529379328
Die m. d. Text zickt,@textzicke,2013-03-28T09:58:08.000Z,"Die m. d. Text zickt
@textzicke
·
2013年3月28日","Es fehlen noch immer Stimmen gegen lebende, als ""Glücksbringer"" eingeschweißte Tiere in China! UNTERSCHREIBT! Bitte.
secure.avaaz.org
Unfassbare Tierquälerei in China. Lebende Schildkröten in Plastik verschweisst
Wir können das jetzt ändern -- unterzeichnen und weiterleiten!
9
91
24",,9,91,24,[],https://twitter.com/textzicke/status/317214012767100929
Die Müde,@chandyzzle,2013-11-19T16:56:15.000Z,"Die Müde
@chandyzzle
·
2013年11月20日","Ab wann gilt die Ausrede ""In China ist ein Sack Reis umgefallen.""?
1
7",,1,,7,[],https://twitter.com/chandyzzle/status/402842768772698112
Dingenskirchen,@hubertsrevier,2013-01-27T14:34:46.000Z,"Dingenskirchen
@hubertsrevier
·
2013年1月27日","Hallo Neu-Follower. 92% meiner Tweets stammen aus Glückskeksen zweitklassiger China-Restaurants. Den Rest schreibt Rainer Brüderle für mich.
5
28",,,5,28,[],https://twitter.com/hubertsrevier/status/295540358106992641
Doch noch ein Hase (),@urmels,2013-01-04T15:45:52.000Z,"Doch noch ein Hase ()
@urmels
·
2013年1月4日","Reissäcke fallen ja immer nur in China um. Was ist denn da nur los?
5
9
60",🏡,5,9,60,[],https://twitter.com/urmels/status/287223328421335040
Dorfqueen,@MissesDynamite,2013-10-21T09:58:23.000Z,"Dorfqueen
@MissesDynamite
·
2013年10月21日","Ich wandere nach China aus. Da gibt es keine Fruchtfliegen, sondern nur Fluchtfliegen.
3
26",,,3,26,[],https://twitter.com/MissesDynamite/status/392228363341168641
doris4eva,@doris4eva,2013-03-01T20:52:52.000Z,"doris4eva
@doris4eva
·
2013年3月2日","Ohne Herz sieht man und erkennt doch nichts,
 hört man und versteht doch nichts,
 isst man und schmeckt doch nichts. 
 (Weisheit aus China)
2
11",,,2,11,[],https://twitter.com/doris4eva/status/307594308373053440
Dr. Polytrauma,@drpolytrauma,2013-11-23T16:57:03.000Z,"Dr. Polytrauma
@drpolytrauma
·
2013年11月24日","Heute spielt Dortmund gegen Bayern.

Habe gerade gehört, dass einige Reissäcke in China gefährlich in's rutschen gekommen sind...
7
20",,,7,20,[],https://twitter.com/drpolytrauma/status/404292520902787072
Dr. Sigmund Dicht,@Dr_Dicht,2013-02-16T08:00:49.000Z,"Dr. Sigmund Dicht
@Dr_Dicht
·
2013年2月16日","Stehe im #Gehrock auf dem #Altan meiner #Dienstvilla. Lesch faselt vom Untergang durch den Roten Riesen.

Der hat keine Ahnung von China!
18",,,,18,[],https://twitter.com/Dr_Dicht/status/302688974022008832
Dr. Sigmund Dicht,@Dr_Dicht,2013-06-19T11:20:19.000Z,"Dr. Sigmund Dicht
@Dr_Dicht
·
2013年6月19日","So, meine Damen!
Gegen allzu aufdringliche Männerblicke auf Ihren Beinen, gibt es dieses Patent aus China. http://pocket.co/stuy5
1
12
16",,1,12,16,[],https://twitter.com/Dr_Dicht/status/347312885657120769
Dreckspoet,@Zoulhh,2013-09-17T20:38:31.000Z,"Dreckspoet
@Zoulhh
·
2013年9月18日","Kraft meiner Gedanken einen Sack Reis in China umfallen lassen: Telechinese.
6
25",,,6,25,[],https://twitter.com/Zoulhh/status/380068268356407297
Ein Hauch Mandelbrot,@fraktalfraktur,2013-07-15T11:05:26.000Z,"Ein Hauch Mandelbrot
@fraktalfraktur
·
2013年7月15日","In Anlehnung an den berühmten Sack in China und aus gegebenem Anlass würde ich „Edle Zwecke“ gerne in „Reiszwecke“ umbenennen.
2
1
15",,2,1,15,[],https://twitter.com/fraktalfraktur/status/356731225626525698
EinfachICHJessiB,@jessiJB81,2013-07-31T19:29:19.000Z,"EinfachICHJessiB
@jessiJB81
·
2013年8月1日","Die meistegelesenen Worte der Welt......

MADE IN CHINA
5
11",❤ ❤,,5,11,[],https://twitter.com/jessiJB81/status/362656237017509890
einstueckkunst,@einstueckkunst,2013-12-23T18:14:46.000Z,"einstueckkunst
@einstueckkunst
·
2013年12月24日","Der Umgang mit Feuerwerk muss gelernt sein. Ich zeige euch das mal mit diesem China Bö
1
16",,,1,16,[],https://twitter.com/einstueckkunst/status/415183715900596225
emme esse,@e_mm_e1,2013-06-19T19:19:24.000Z,"emme esse
@e_mm_e1
·
2013年6月20日","dann essen sie käsefondue bei 35°, kriegen bauchgrimmen und erzählen zurück in japan oder china: die spinnen, die schweden.
1
8",,1,,8,[],https://twitter.com/e_mm_e1/status/347433449851863041
Erdenbürger,@Alf_Shumway,2013-11-03T21:10:38.000Z,"Erdenbürger
@Alf_Shumway
·
2013年11月4日","""Ihre Fahrkarte?""
""Ja, meine.""
""Geben sie mal her.""
""Kaufen sie sich selbst eine.""
""Ich bin Kontrolleur.""
""Und ich der Kaiser von China.""
2
35
108",,2,35,108,[],https://twitter.com/Alf_Shumway/status/397108580433678337
Etienne Gardé,@EtienneToGo,2013-11-11T22:05:00.000Z,"Etienne Gardé
@EtienneToGo
·
2013年11月12日","""Miley Cyrus hat sich in Amsterdam einen Joint angezündet"" ist das neue ""Wenn in China ein Sack Reis umfällt"".
12
62
146",,12,62,146,[],https://twitter.com/EtienneToGo/status/400021364699967488
Faktastisch,@faktastisch,2013-10-16T19:26:41.000Z,"Faktastisch
@faktastisch
·
2013年10月17日","In China werden einige Klausuren im Freien geschrieben, damit die Studenten nicht abgucken können.
10
22",,,10,22,[],https://twitter.com/faktastisch/status/390559440643964928
Fancyduchess,@Fancyduke1,2013-11-28T15:30:51.000Z,"Fancyduchess
@Fancyduke1
·
2013年11月28日","Warum wir twittern?
Damit wir weniger Sex haben. Wegen Überbevölkerung.
Ich meine, seht Euch China an!
2
7
56",,2,7,56,[],https://twitter.com/Fancyduke1/status/406082768922087424
Fefe's BIog,@fefesbIog,2013-11-03T11:34:06.000Z,"Fefe's BIog
@fefesbIog
·
2013年11月3日","China-Import-Bügeleisen in Russland gefunden, die per WLAN umliegende Rechner mit Malware zu infizieren versuchen. http://bit.ly/1cBNCv3
2
31
11",,2,31,11,[],https://twitter.com/fefesbIog/status/396963494081220608
Fischbrötchenexperte,@henningrucks,2013-03-10T22:32:35.000Z,"Fischbrötchenexperte
@henningrucks
·
2013年3月11日","In China essen sie Tafelspitz.
1
28",,,1,28,[],https://twitter.com/henningrucks/status/310880891314507776
Fischbrötchenexperte,@henningrucks,2013-03-19T23:29:29.000Z,"Fischbrötchenexperte
@henningrucks
·
2013年3月20日","Irgendwo in China haut jetzt jemand auf den Gong.
1
15",,,1,15,[],https://twitter.com/henningrucks/status/314156705430777857
Fischer-Steak,@DerWachsame,2013-06-11T17:40:54.000Z,"Fischer-Steak
@DerWachsame
·
2013年6月12日","China hat eine Frau ins Weltall geschossen.

Ein Anfang.
11
19
122",,11,19,122,[],https://twitter.com/DerWachsame/status/344509558288420864
Florian Schweitzer,@FSchweitzer,2013-06-15T09:19:22.000Z,"Florian Schweitzer
@FSchweitzer
·
2013年6月15日","China besorgt über Totalüberwachung in den USA, Syrien warnt vor Reisen in die Türkei, Österreich schockiert über Korruption in Tschechien
4
25
17",,4,25,17,[],https://twitter.com/FSchweitzer/status/345832896382246913
Floyd,@DerFloyd,2013-04-12T11:06:28.000Z,"Floyd
@DerFloyd
·
2013年4月12日","Wenn ich heute noch die 4500 Follower vollmache, spende ich einen Euro für unverschuldet ins Umfallen geratene Reissäcke in China.
3
19",,,3,19,[],https://twitter.com/DerFloyd/status/322667025254215681
Fr. Prof. Dr. Vogel,@Schizopya,2013-07-23T07:50:46.000Z,"Fr. Prof. Dr. Vogel
@Schizopya
·
2013年7月23日","Entwarnung: Dem in China umgefallenen Sack Reis geht es gut. Er hat lediglich ein paar Körner verloren und nun den optimalen Body-Mass-Index
1
17",,,1,17,[],https://twitter.com/Schizopya/status/359581338363367425
Frank Opitz,@frank_opitz,2013-09-10T17:01:51.000Z,"Frank Opitz
@frank_opitz
·
2013年9月11日","Die Auslieferung verzögert sich. In China ist ein Sack Telefone umgefallen.
1
25",,1,,25,[],https://twitter.com/frank_opitz/status/377477029437792256
FrauNova,@FrauNova,2013-01-02T19:32:50.000Z,"FrauNova
@FrauNova
·
2013年1月3日","Chlorgebleichte, dann toxisch gefärbte, Genbaumwolle aus China mit indischen Bio(!?)-Waschnüssen waschen. Es ist ein langer Weg.
5
20",,,5,20,[],https://twitter.com/FrauNova/status/286555670642311169
FrauNova,@FrauNova,2013-01-17T14:11:35.000Z,"FrauNova
@FrauNova
·
2013年1月17日","Was Berliner über Schwaben denken, ist uns hier egal wie Reis und China. Was uns hier wirklich besorgt ist, daß die Brezel 67 Cent kostet.
1
7
24",,1,7,24,[],https://twitter.com/FrauNova/status/291910644314275840
FrauNova,@FrauNova,2013-07-05T22:15:31.000Z,"FrauNova
@FrauNova
·
2013年7月6日","Ich würde viel öfter in China anrufen, wenn Drachen sprechen könnten.
1
14",,,1,14,[],https://twitter.com/FrauNova/status/353275979864621056
Funny-cat,@GudrunsAlterEgo,2013-07-22T08:44:23.000Z,"Funny-cat
@GudrunsAlterEgo
·
2013年7月22日","Das wärs doch! 
Im alten China wurden Ärzte nur bezahlt, wenn der Patient gesund wurde. 
Gute Idee
7
22
91",,7,22,91,[],https://twitter.com/GudrunsAlterEgo/status/359232443393384450
gallenbitter,@gallenbitter,2013-10-18T13:20:58.000Z,"gallenbitter
@gallenbitter
·
2013年10月18日","»In China hat eine Frau ihr Baby im Internet verkauft, um sich ein iPhone zu kaufen!« - »Welches?«
3
20
99",,3,20,99,[],https://twitter.com/gallenbitter/status/391192179239944193
gallenbitter,@gallenbitter,2013-12-15T06:50:39.000Z,"gallenbitter
@gallenbitter
·
2013年12月15日","Red Bull in China zugelassen. Endlich können die chinesischen Fabriksarbeiter bis zu 32 Stunden am Tag arbeiten!
3
25
119",,3,25,119,[],https://twitter.com/gallenbitter/status/412112448502513664
Garp,@Garpswelt,2013-04-27T09:09:44.000Z,"Garp
@Garpswelt
·
2013年4月27日","Die Meldung über ein stolperndes Model auf SPON hatte verheerende Auswirkungen auf den Reismarkt in China.
12",,,,12,[],https://twitter.com/Garpswelt/status/328073466056146945
Gebbi Gibson,@GebbiGibson,2013-11-23T08:28:12.000Z,"Gebbi Gibson
@GebbiGibson
·
2013年11月23日","Der Einjährige zerlegt einen Kugelschreiber und schraubt ihn wieder zusammen. In China könnte er jetzt die Familie finanziell unterstützen.
3
17
174",,3,17,174,[],https://twitter.com/GebbiGibson/status/404164467573141504
Geheimrat Janis,@Tiggaente,2013-05-14T14:56:55.000Z,"Geheimrat Janis
@Tiggaente
·
2013年5月14日","Habe mir ein gefälschtes MacBook-Ladekabel bestellt und übersehen, dass es zum Selbstabholen ist.

Wie kommt man günstig nach China?
2
1
20",,2,1,20,[],https://twitter.com/Tiggaente/status/334321432370769920
Gina Bromá | Fotos & Texte,@GinaBroma,2013-04-13T17:10:03.000Z,"Gina Bromá | Fotos & Texte
@GinaBroma
·
2013年4月14日","Als Jürgen Klopp sich die Haare schön machen ließ, neigte sich in China ein Sack Reis um 11,5 Grad. Andächtig. Anerkennend. Oder einfach so.
11",,,,11,[],https://twitter.com/GinaBroma/status/323120913287626752
Grantscherm,@Grantscheam,2013-04-19T08:16:02.000Z,"Grantscherm
@Grantscheam
·
2013年4月19日","Ich könnte nie in China leben. Es muß furchtbar sein, wenn dich dort jede Frau von ihrem Aussehen her an deine Ex-Freundin erinnert.
1
16",,,1,16,[],https://twitter.com/Grantscheam/status/325160850455412737
Grantscherm,@Grantscheam,2013-06-28T11:56:56.000Z,"Grantscherm
@Grantscheam
·
2013年6月28日","Snowdon flüchtete ja nach Hongkong/China vor seiner Regierung.
Das ist so, als ob man nach Irland fliegt, um dem Alkoholismus zu entgehen.
1
16",,,1,16,[],https://twitter.com/Grantscheam/status/350583590008004610
Grantscherm,@Grantscheam,2013-08-13T08:20:34.000Z,"Grantscherm
@Grantscheam
·
2013年8月13日","30% der Kleinkinder können bei uns instinktiv ein Tablet bedienen.
In China wissen 100% der Kleinkinder, wie man so ein Gerät zusammenbaut.
2
18
59",,2,18,59,[],https://twitter.com/Grantscheam/status/367198982256066560
Grantscherm,@Grantscheam,2013-09-16T10:36:57.000Z,"Grantscherm
@Grantscheam
·
2013年9月16日","Die einzig hilfreiche Satz in einem chinesischen Glückskeks: ""Gehen Sie das nächste Mal liebel in ein qualitativ besseles China-Lestaulant!""
1
24",,,1,24,[],https://twitter.com/Grantscheam/status/379554494159151104
Gregor Gysi,@GregorGysi,2013-08-31T18:37:22.000Z,"Gregor Gysi
@GregorGysi
·
2013年9月1日","Anstatt Russland + China für ihr Nein zum Militärschlag zu kritisieren, sollte #Merkel für Vernunft bei US-Kongressmitgliedern werben lassen
28
57
21",,28,57,21,[],https://twitter.com/GregorGysi/status/373877186760957952
Hannoveraner,@Hannoveraner74,2013-03-29T10:21:48.000Z,"Hannoveraner
@Hannoveraner74
·
2013年3月29日","Jedesmal wenn einer von Euch ein Osterbild postet, springt in China ein Sack Reis in den Freitod.
1
12",,,1,12,[],https://twitter.com/Hannoveraner74/status/317582353851633665
Hannoveraner,@Hannoveraner74,2013-06-09T09:45:12.000Z,"Hannoveraner
@Hannoveraner74
·
2013年6月9日","Während Prinzessin Madeleine geheiratet hat, wurde in China noch gestritten, wer den Sack Reis umwerfen darf.
2
4
24",,2,4,24,[],https://twitter.com/Hannoveraner74/status/343665072608014336
Hasenfurz,@Hasenpfurz,2013-09-06T17:58:54.000Z,"Hasenfurz
@Hasenpfurz
·
2013年9月7日","""Bekommen wir auch etwas zu essen?""
Nein ich verkaufe hier handgeschnitzte Telefone aus China.

Gäste in Restaurant immer.
1
10",,1,,10,[],https://twitter.com/Hasenpfurz/status/376041832591138816
Haus Ohne Fenster,@HausOhneFenster,2013-03-12T07:32:30.000Z,"Haus Ohne Fenster
@HausOhneFenster
·
2013年3月12日","Ich warte noch auf die Schneeflocke, an der ein Zettel hängt ""Made in China"".
3
24",,,3,24,[],https://twitter.com/HausOhneFenster/status/311379154635468802
Haus Ohne Fenster,@HausOhneFenster,2013-07-04T20:19:03.000Z,"Haus Ohne Fenster
@HausOhneFenster
·
2013年7月5日","Oft gehörter Satz in China: ""Dann schaffen Sie sich keinen Hund an, wenn Sie ihn nicht essen wollen!""
1
1
8",,1,1,8,[],https://twitter.com/HausOhneFenster/status/352884280772399104
Heiko Hebig,@heiko,2013-10-20T18:17:35.000Z,"Heiko Hebig
@heiko
·
2013年10月21日","in china heisst #tatort tatolt.
2
8
12",,2,8,12,[],https://twitter.com/heiko/status/391991601016635392
Heiko Hebig,@heiko,2013-10-20T18:39:42.000Z,"Heiko Hebig
@heiko
·
2013年10月21日","das erste wort, das man in china im deutschunterricht lernt, ist übrigens ""dienstausweis"". #tatort
3
7",,,3,7,[],https://twitter.com/heiko/status/391997168527355904
Heinrich,@hf_sports,2013-01-16T12:32:17.000Z,"Heinrich
@hf_sports
·
2013年1月16日","Heute ist es so kalt, der China-Lieferfahrer sitzt in seiner Warmhaltebox und schmust mit der Ente
1
5
59",,1,5,59,[],https://twitter.com/hf_sports/status/291523267947294720
Heinrich,@hf_sports,2013-11-06T07:41:46.000Z,"Heinrich
@hf_sports
·
2013年11月6日","Dank meines iPhones weiß die Kundin jetzt, dass ich mich freuen würde, wenn sie pünktlich und geil aus China zurückgekommen ist
1
4
70",,1,4,70,[],https://twitter.com/hf_sports/status/397992188237594624
Herdelhein,@herdelhein,2013-12-28T12:20:00.000Z,"Herdelhein
@herdelhein
·
2013年12月28日","China lockert Ein-Kind-Politik, in Deutschland weiterhin Kein-Kind-Politik.
3
11",,,3,11,[],https://twitter.com/herdelhein/status/416906376862896128
Herm,@hermsfarm,2013-01-21T21:03:20.000Z,"Herm
@hermsfarm
·
2013年1月22日","das is spiegelglatt draußen und die streuen nicht. die portionen vom china imbiss sind zu klein. alles verbrecher! #rentnerhermo
2
23",,,2,23,[],https://twitter.com/hermsfarm/status/293463815943753730
Hermes Trismegistos,@hermes3s,2013-05-08T06:04:03.000Z,"Hermes Trismegistos
@hermes3s
·
2013年5月8日","In China ist ein Reiswolf umgefallen.
2
11",,,2,11,[],https://twitter.com/hermes3s/status/332013003853672448
Herr Brause,@herrbrause,2013-06-12T05:53:09.000Z,"Herr Brause
@herrbrause
·
2013年6月12日","Sohn: ""Wir sind nicht schuld, dass es nur noch so wenige Pandas gibt. Die leben ja in Australien!""
Tochter: ""Die leben in China!""

Ach ja.
17",,,,17,[],https://twitter.com/herrbrause/status/344693835466674176
Hipster,@Szenebezirk,2013-05-05T07:03:29.000Z,"Hipster
@Szenebezirk
·
2013年5月5日","Ich habe viel über die Domino-Theorie nachgedacht, Leute. Wenn Vietnam fällt, ist China als nächstes dran.
1
2
27",,1,2,27,[],https://twitter.com/Szenebezirk/status/330940799237910528
"horst, hund und brodt",@horsthundbrodt,2013-08-08T14:46:11.000Z,"horst, hund und brodt
@horsthundbrodt
·
2013年8月8日","wir lassen unseren gedichtband in berlin drucken, weil hier die lohnstückkosten durch unbezahlte praktikanten niedriger als in china sind.
1
1
14",,1,1,14,[],https://twitter.com/horsthundbrodt/status/365484088607506432
I Bundesjugendspiele,@Goganzeli,2013-01-19T15:12:08.000Z,"I Bundesjugendspiele
@Goganzeli
·
2013年1月19日","Schwester erzählt von Asi, der mit ""Ey China, kannste Geld wechseln?"" in den Chinaimbiss kam. 
ORRRRRRR...... RAGE!
12",❤,,,12,[],https://twitter.com/Goganzeli/status/292650656983023616
"Ich, der Frühling.",@deichgenosse,2013-02-14T17:18:24.000Z,"Ich, der Frühling.
@deichgenosse
·
2013年2月15日","Ich bin ja weiterhin der Meinung, dass man in China Twitterer isst.
2
4
40",💉 💉 💉,2,4,40,[],https://twitter.com/deichgenosse/status/302104516445216768
"Ich, der Frühling.",@deichgenosse,2013-08-12T16:32:31.000Z,"Ich, der Frühling.
@deichgenosse
·
2013年8月13日","Können Sie sich noch daran erinnern, wie die Schmiergeldmaxen vom IOK und versprochen haben, wie dölle demokratisch China nach olympia wird?
4
3
35",💉 💉 💉,4,3,35,[],https://twitter.com/deichgenosse/status/366960399062544385
"Ich, der Frühling.",@deichgenosse,2013-12-11T10:31:46.000Z,"Ich, der Frühling.
@deichgenosse
·
2013年12月11日","Chinese springt nach fünfstündigem Shoppingmarathon in den Tod.

Aha. In China gibt es also auch Weihnachten. In Reinform.
1
3
41",💉 💉 💉,1,3,41,[],https://twitter.com/deichgenosse/status/410718546537099264
Ilse Bilse,@gruenbraun,2013-09-27T15:53:51.000Z,"Ilse Bilse
@gruenbraun
·
2013年9月27日","Die Taufe von Prinz George und der Sack Reis in China.
1
2
8",,1,2,8,[],https://twitter.com/gruenbraun/status/383620511189573632
Ilse Bilse,@gruenbraun,2013-12-18T09:28:17.000Z,"Ilse Bilse
@gruenbraun
·
2013年12月18日","Heute gibt es China-Food. Die Hähnchenbrustfilets liegen schon in der Marinade.
2
1
11",,2,1,11,[],https://twitter.com/gruenbraun/status/413239282669584385
Imperator,@YpsilonPrime,2013-03-07T11:48:21.000Z,"Imperator
@YpsilonPrime
·
2013年3月7日","Nordkorea droht mit nuklearem Erstschlag - China versetzt Armee in Almbreitschaft - KiK T-Shirts ab 99 Cent - UNO überrascht
5
14",,,5,14,[],https://twitter.com/YpsilonPrime/status/309631601522909185
In the name of love,@MerlinausAvalon,2013-09-16T10:31:18.000Z,"In the name of love
@MerlinausAvalon
·
2013年9月16日","Konfuzius sagt:""Immer wenn in China ein Sack leis umfällt,kommt ein dummer Europäer und macht ein Sprichwort daraus!""
12",,,,12,[],https://twitter.com/MerlinausAvalon/status/379553069065076736
Indy Viduum,@netter_herr,2013-03-12T18:53:51.000Z,"Indy Viduum
@netter_herr
·
2013年3月13日","Wird heute irgendwo ein neuer Papst gewählt? Der umgefallene Sack Reis in China hat mich ja schon vollkommen aus der Bahn geworfen.
17",,,,17,[],https://twitter.com/netter_herr/status/311550624040906754
isdjan,@isdjan,2013-01-30T16:01:30.000Z,"isdjan
@isdjan
·
2013年1月31日","Ich lasse meine Tweets nun kostengünstig in China fertigen.
1
3
14",,1,3,14,[],https://twitter.com/isdjan/status/296649347418959872
Isi,@Orbit___,2013-07-26T17:58:39.000Z,"Isi
@Orbit___
·
2013年7月27日","Wer hebt in China eigentlich die ganzen umgeworfenen Säcke auf?
2
2
9",🖤 💛,2,2,9,[],https://twitter.com/Orbit___/status/360821480486993920
Ivobert Vittenko,@Vittenko,2013-01-07T11:45:57.000Z,"Ivobert Vittenko
@Vittenko
·
2013年1月7日","Die bedauernswerten Menschen in China, die wegen uns die ganzen umgefallenen Reissäcke wieder aufrichten müssen. >8-(
2
15
75",,2,15,75,[],https://twitter.com/Vittenko/status/288250113653092352
Jacques Brandenburg,@bretzelmann,2013-01-15T05:22:06.000Z,"Jacques Brandenburg
@bretzelmann
·
2013年1月15日","Hab geträumt, dass Korea China angreift. Rosig. Naja, ich wurde von einem Kettenfahrzeug in den Asphalt gepresst, aber rosig.
11",,,,11,[],https://twitter.com/bretzelmann/status/291052620439756801
Jahresente,@nuohooja,2013-02-11T12:09:56.000Z,"Jahresente
@nuohooja
·
2013年2月11日","Der Reis ist zurückgetreten und in China fällt ein Sack Papst um.
10
17",🦆 🦆,,10,17,[],https://twitter.com/nuohooja/status/300939726825861120
Jana Vanlynden,@Vanlynden,2013-02-11T18:42:44.000Z,"Jana Vanlynden
@Vanlynden
·
2013年2月12日","In China sitzt ein trauriger Panda, der seit 2005 geübt hat, fistelnd bairisch zu sprechen, aber wer bucht ihn jetzt noch als Papstimitator?
1
1
13",,1,1,13,[],https://twitter.com/Vanlynden/status/301038575519154176
Jannek,@Onkel_Jannek,2013-06-08T14:59:29.000Z,"Jannek
@Onkel_Jannek
·
2013年6月8日","Wenn dieser Tweet 250 Favs erhält, werf ich in China einen Reissack um.
3
14",,,3,14,[],https://twitter.com/Onkel_Jannek/status/343381773171965952
jensbest,@jensbest,2013-08-15T12:34:26.000Z,"jensbest
@jensbest
·
2013年8月15日","++EIL++ Was haben wir ein Glück. Nach USA & England bestätigt nun auch China, dass sie KEINE Spionage im deutschen Netz betreiben. ++EIL++
5
20
10",,5,20,10,[],https://twitter.com/jensbest/status/367987645839716352
jensbest,@jensbest,2013-10-16T06:25:03.000Z,"jensbest
@jensbest
·
2013年10月16日","Wenn China demnächst in die USA einmarschiert, ist das nicht Krieg, sondern nur so eine Art Pfändungsvorgang. Grafik: http://ow.ly/pQXfK
2
24
16",,2,24,16,[],https://twitter.com/jensbest/status/390362736464773120
Johannes Hano,@JohannesHano,2013-02-18T05:00:13.000Z,"Johannes Hano
@JohannesHano
·
2013年2月18日","Extrem spannende Geschichte über die Enttarnung eines Chineischen #Hackers; der für die Regierung in #China arbeitet.http://businessweek.com/articles/2013-02-14/a-chinese-hackers-identity-unmasked…
18
11",,,18,11,[],https://twitter.com/JohannesHano/status/303368297183850497
Johannes Hano,@JohannesHano,2013-06-05T05:15:01.000Z,"Johannes Hano
@JohannesHano
·
2013年6月5日","Nachdem dieses Foto in einem chinesischen #Microblogg erschien wurde auch das Wort ""gelbe Ente""zensiert. poor #China
50
18",,,50,18,[],https://twitter.com/JohannesHano/status/342147523600871424
Julia Probst,@EinAugenschmaus,2013-11-04T08:10:00.000Z,"Julia Probst
@EinAugenschmaus
·
2013年11月4日","Gegenthese zu 3: Wirtschaftsspionage gab es schon immer. Auch die USA betreiben das, sondern jeder. Nicht nur China. 
@jreichelt
1
10
9",,1,10,9,[],https://twitter.com/EinAugenschmaus/status/397274516025802752
jєSιn¢™,@jesinc1,2013-10-07T19:21:33.000Z,"jєSιn¢™
@jesinc1
·
2013年10月8日","es wurde ein Tweet favorisiert, in dem Sie erwähnt wurden und in China ist der Sack Reis erneut umgeplumst.
9",,,,9,[],https://twitter.com/jesinc1/status/387296655898193920
Käptn Karl,@alleskarl,2013-01-20T00:15:29.000Z,"Käptn Karl
@alleskarl
·
2013年1月20日","Kannst Du mir mal Dein iPhone geben, meins ist noch in China!
3
23",,,3,23,[],https://twitter.com/alleskarl/status/292787397270315008
Kastanie,@ross_kastanie,2013-07-10T10:15:45.000Z,"Kastanie
@ross_kastanie
·
2013年7月10日","Alle Probleme lassen sich mit genügend Klebeband lösen. Meine Kollegen exportiere ich jetzt als moderne Terrakotta-Armee nach China.
1
9",,,1,9,[],https://twitter.com/ross_kastanie/status/354906783816482816
Kopfloser Dino,@bgefahren,2013-10-11T07:20:52.000Z,"Kopfloser Dino
@bgefahren
·
2013年10月11日","Auf meiner Jacke steht Grobetrottel. Ist bestimmt ein Original aus China.
1
11
65",,1,11,65,[],https://twitter.com/bgefahren/status/388564841973440512
Krawallschachtel,@JeckesDing,2013-07-22T16:45:34.000Z,"Krawallschachtel
@JeckesDing
·
2013年7月23日","Ich bin die original Krawallschachtel. 

1.Wer es noch nicht wusste weiß es jetzt
2.Ich bin lieb
3.Es laufen schlechte Imitate rum (China?)
2
3
23",,2,3,23,[],https://twitter.com/JeckesDing/status/359353535374589952
Kro,@KodilKro,2013-11-17T13:24:03.000Z,"Kro
@KodilKro
·
2013年11月17日","China denkt über die Abschaffung der Arbeitslager nach. 
Nicht das die noch über echte Demokratie nachdenken.
2
11",,,2,11,[],https://twitter.com/KodilKro/status/402064592857493504
Lamiya Slimani,@LamiyaSlimani,2013-03-03T16:50:37.000Z,"Lamiya Slimani
@LamiyaSlimani
·
2013年3月4日","NOTD! Neooonnn! China Glaze ""Pool Party"" - Ich habe es vermisst knallige Farben zu tragen  #nofilter… http://instagr.am/p/WZxP6iL5fI/
11
30
39",❤ 💅,11,30,39,[],https://twitter.com/LamiyaSlimani/status/308258117542608896
Lars Fischer,@Fischblog,2013-09-27T08:11:00.000Z,"Lars Fischer
@Fischblog
·
2013年9月27日","Zu sagen, Broder sei intellektuell am Ende, entspricht der Feststellung, die 3000 Jahre alten Nudeln in China hätten ihr MHD überschritten.
2
5
10",,2,5,10,[],https://twitter.com/Fischblog/status/383504028480851968
Le Beefchecker,@beefchecker,2013-10-08T11:02:51.000Z,"Le Beefchecker
@beefchecker
·
2013年10月8日","In China ist ein Sack Reis umgefallen. Dieser war für Nordkorea bestimmt. Unsicheren Quellen nach enthielt dieser waffenfähiges Plutonium.
2
20",,,2,20,[],https://twitter.com/beefchecker/status/387533543783809024
Le Disaster,@MmeDisaster,2013-01-14T14:59:27.000Z,"Le Disaster
@MmeDisaster
·
2013年1月14日","In China ist gerade ein Sack Bushido umgefallen.
2
1
26",,2,1,26,[],https://twitter.com/MmeDisaster/status/290835526431420416
Leichte Beute,@Streitlust,2013-11-01T02:39:57.000Z,"Leichte Beute
@Streitlust
·
2013年11月1日","Wenn der Mensch wissend geworden ist, steht unversehens sein Ende bevor. 
China
1
1
8",,1,1,8,[],https://twitter.com/Streitlust/status/396104291691528192
LockerZocker,@LockerZocker,2013-07-23T05:57:57.000Z,"LockerZocker
@LockerZocker
·
2013年7月23日","22.07. 16:22 Uhr
China: Ein 3,798 kg schwerer Sack Reis (aus Jute) ist aus seiner aufrechten Pos. um 180 Grad gekippt.

London: #RoyalBaby
2
6
7",,2,6,7,[],https://twitter.com/LockerZocker/status/359552948264640513
Lola Montez,@Kopfsuelze,2013-07-15T16:20:30.000Z,"Lola Montez
@Kopfsuelze
·
2013年7月16日","Glück. Made in China.
1
7
18",,1,7,18,[],https://twitter.com/Kopfsuelze/status/356810514489282561
Loretta,@Sternensammler,2013-08-21T12:41:35.000Z,"Loretta
@Sternensammler
·
2013年8月21日","Wer ist eigentlich dieser Jaques Raihs, der immer in China umfällt?
1
2
13",,1,2,13,[],https://twitter.com/Sternensammler/status/370163771601215489
Lukas Mertel,@Lukas_Mertel,2013-12-22T19:14:55.000Z,"Lukas Mertel
@Lukas_Mertel
·
2013年12月23日","Augenarzt : ""Lesen Sie bitte die Zeile vor die Sie gerade noch so sehen können""
""Made in China""
9
28",,,9,28,[],https://twitter.com/Lukas_Mertel/status/414836467790532608
Maelstrom,@deimos47,2013-12-04T21:01:29.000Z,"Maelstrom
@deimos47
·
2013年12月5日","Das Gesicht eines Menschen erkennst du bei Licht, seinen Charakter im Dunkeln.
(aus China)
#22UhrNonMention
2
7",,,2,7,[],https://twitter.com/deimos47/status/408340302454587392
Mafiakiller,@ContractSlayer,2013-10-15T11:57:41.000Z,"Mafiakiller
@ContractSlayer
·
2013年10月15日","OH! Interessant. Becker & Pocher bei Twitter

OHHH Noch interessanter! Ein Sack Reis kippt in China um!
@oliverpocher
 @TheBorisBecker
1
5
11",,1,5,11,[],https://twitter.com/ContractSlayer/status/390084056697675776
Mafiakiller,@ContractSlayer,2013-11-06T19:29:33.000Z,"Mafiakiller
@ContractSlayer
·
2013年11月7日","FACEBOOK hat einen neuen „like“-Button.

Und auf dem Sack Reis in China ist ein Schmetterling gelandet.
1
2
15",,1,2,15,[],https://twitter.com/ContractSlayer/status/398170308806328320
Mahatma Pech,@Mahatmapech,2013-01-26T10:10:32.000Z,"Mahatma Pech
@Mahatmapech
·
2013年1月26日","China blockiert Twitter nur aus Ärger darüber, dass der Billighosenmarkt bei Hardcore-Usern eingebrochen ist, weil keiner mehr welche trägt.
2
23",,,2,23,[],https://twitter.com/Mahatmapech/status/295111471669600256
Mahatma Pech,@Mahatmapech,2013-02-26T21:43:52.000Z,"Mahatma Pech
@Mahatmapech
·
2013年2月27日","Das Original-Sushi kommt aus China. Erfunden haben das die Sushinesen.
2
31",,,2,31,[],https://twitter.com/Mahatmapech/status/306519977459064832
Mahatma Pech,@Mahatmapech,2013-07-08T13:31:49.000Z,"Mahatma Pech
@Mahatmapech
·
2013年7月8日","In China zahlen manche Reiche monatlich 2.000 Euro, um mit Muttermilch gestillt zu werden? Alles klar. Wollte da sowieso nie hin.
1
20",,,1,20,[],https://twitter.com/Mahatmapech/status/354231349382627329
Mahatma Pech,@Mahatmapech,2013-07-10T20:38:50.000Z,"Mahatma Pech
@Mahatmapech
·
2013年7月11日","Möchte zu gerne wissen, was Firefox mit seinem Plugin-Container ins Land schmuggelt. Vielleicht Plagiat-Tweets aus China. Oder Reissäcke.
1
8",,1,,8,[],https://twitter.com/Mahatmapech/status/355063588274180096
Mahatma Pech,@Mahatmapech,2013-07-11T09:51:52.000Z,"Mahatma Pech
@Mahatmapech
·
2013年7月11日","China ist weltweit Nummer eins unter den Bierproduzenten. Also wenn da zusätzlich zu einem Sack Reis auch mal ein Kasten Bier umfällt, egal.
2
5
20",,2,5,20,[],https://twitter.com/Mahatmapech/status/355263158505582593
Mahatma Pech,@Mahatmapech,2013-09-04T23:04:22.000Z,"Mahatma Pech
@Mahatmapech
·
2013年9月5日","Statt  1690 €  hab ich für 89 € bei Ebay Chapeau Lafite 1959 aus China ergattert. Wahrscheinlich weil Asiaten Alkohol nicht so vertragen.
4
2
22",,4,2,22,[],https://twitter.com/Mahatmapech/status/375393932470800384
Mahatma Pech,@Mahatmapech,2013-10-05T15:05:36.000Z,"Mahatma Pech
@Mahatmapech
·
2013年10月5日","Daumengroße Riesenhornissen greifen in China Leute an. Daumengroß. Stellt Euch die mal vor. Wie so`n Nürnberger Würstchen mit Stachel.
1
4
28",,1,4,28,[],https://twitter.com/Mahatmapech/status/386507471369424896
Mahatma Pech,@Mahatmapech,2013-12-27T00:58:03.000Z,"Mahatma Pech
@Mahatmapech
·
2013年12月27日","""China feiert 120. Geburtstag von Mao Tse-tung."" Das war doch der Erfinder von Mao-am. Oder? Ok, ich bin ja schon ruhig.
2
6
61",,2,6,61,[],https://twitter.com/Mahatmapech/status/416372370266267648
Mängelexemplar,@SusiSorglos15,2013-02-26T05:27:49.000Z,"Mängelexemplar
@SusiSorglos15
·
2013年2月26日","Schnür. Senkel. Kaputt. Eilig. Scheisse. China. Reis.
1
13",,,1,13,[],https://twitter.com/SusiSorglos15/status/306274346169663488
Maori,@Maori,2013-12-13T13:08:33.000Z,"Maori
@Maori
·
2013年12月13日","Das Tolle an meinem China-Smartphone ist ja, dass es jede App öffnen kann. Das Blöde: das passiert, ohne dass ich irgendwas angetippt habe.
2
9",,,2,9,[],https://twitter.com/Maori/status/411482777948024832
Marie von den Benken,@Regendelfin,2013-03-30T11:59:40.000Z,"Marie von den Benken
@Regendelfin
·
2013年3月30日","Ich wäre gerne die Friseurin von Lady GaGa. Einfach morgens einen China-Böller in eine alte, verdorrte Hecke werfen, Glitzer drauf. Fertig!
6
39
250",,6,39,250,[],https://twitter.com/Regendelfin/status/317969369814663168
Marie von den Benken,@Regendelfin,2013-05-10T13:11:02.000Z,"Marie von den Benken
@Regendelfin
·
2013年5月10日","3 Mütter im Café erzählen sich stolz, was ihre 4jährigen Kinder schon alles können. Schreie: ""Ja und? 4jährige in China bauen iPads!"" rüber.
5
61
170",,5,61,170,[],https://twitter.com/Regendelfin/status/332845233408716800
Marie von den Benken,@Regendelfin,2013-05-19T11:32:13.000Z,"Marie von den Benken
@Regendelfin
·
2013年5月19日","Habe meine Sozialkompetenz an ein Call-Center in China outgesorced. Wenn Ihr also Gespräche mit mir wollt, 名字 司马 freut sich auf Euren Anruf!
3
9
44",,3,9,44,[],https://twitter.com/Regendelfin/status/336081855113744384
Marie von den Benken,@Regendelfin,2013-07-03T14:08:08.000Z,"Marie von den Benken
@Regendelfin
·
2013年7月3日","Seit ich Tweets nicht mehr klaue, sondern in China nach Originalvorlagen günstig adaptieren lasse, gelingen mir einfach keine Kracher mehr.
5
7
74",,5,7,74,[],https://twitter.com/Regendelfin/status/352428548448989187
Matthias Streitz,@StreitzM,2013-06-09T19:46:07.000Z,"Matthias Streitz
@StreitzM
·
2013年6月10日","Wenn amerikanische Whistleblower aus Angst vor Gefängnis nach China fliehen, dann hat sich unsere Welt verändert. #prism #nsa #snowden
13
253
84",,13,253,84,[],https://twitter.com/StreitzM/status/343816295902478338
MAX HORKRUXHEIMER,@mogelpony,2013-01-27T12:26:52.000Z,"MAX HORKRUXHEIMER
@mogelpony
·
2013年1月27日","Wer braucht noch Reisbüros, wo man doch heutzutage übers Internet säckeweise direkt in China bestellen kann.
13",,,,13,[],https://twitter.com/mogelpony/status/295508169885630464
Max.Buddenbohm,@Buddenbohm,2013-11-11T05:49:22.000Z,"Max.Buddenbohm
@Buddenbohm
·
2013年11月11日","Wenn Frau 
@isabo_
 in China ist, kann man durch Zeitverschiebung auch morgens um halb sieben mit ihr reden. Find ich gut.
10",,,,10,[],https://twitter.com/Buddenbohm/status/399775841992704000
Maxikiez,@Maxikiez,2013-06-05T17:35:55.000Z,"Maxikiez
@Maxikiez
·
2013年6月6日","Ich frage mich, ob chinesische Touristen traurig sind, wenn Sie auf ihren Reisen Souvenirs ""Made in China"" kaufen..?
1
3
12",,1,3,12,[],https://twitter.com/Maxikiez/status/342333977346072578
Mikele111,@mikele111,2013-11-22T10:47:31.000Z,"Mikele111
@mikele111
·
2013年11月22日","Immer wenn ich entfolgt werde fällt in China ein Sack Reis um…!
1
1
11",,1,1,11,[],https://twitter.com/mikele111/status/403837137977884673
MISS,@NurMissturkey,2013-09-04T05:56:26.000Z,"MISS
@NurMissturkey
·
2013年9月4日","Guten Morgen Freunde!

Heute ist ein sehr wichtiger Tag; oberster Chef kommt rum!

Vergleichbar mit: in China ist ein Sack Reis umgefallen!
2
14",🌙 🌙 🌙,,2,14,[],https://twitter.com/NurMissturkey/status/375135244757659648
Miss Crazy,@ms_cr4zy,2013-07-09T11:39:00.000Z,"Miss Crazy
@ms_cr4zy
·
2013年7月9日","Manchmal ist es sogar interessanter, die Reiskörner aus dem umgefallenen Sack Reis in China einzeln zu zählen.
11",,,,11,[],https://twitter.com/ms_cr4zy/status/354565344557404160
Miss-T-Stück,@Miss_T_Stueck,2013-05-24T14:59:08.000Z,"Miss-T-Stück
@Miss_T_Stueck
·
2013年5月24日","„Ich war in der Verbotenen Stadt!“
„Du warst in China?“
„Ach was, Jena wäre ja ganz ok gewesen. Ich war in Köln!“
18",,,,18,[],https://twitter.com/Miss_T_Stueck/status/337945870819553280
Mo♫ika ♬aria Hier für den Weltfrieden,@3mausimhaus,2013-06-27T05:13:43.000Z,"Mo♫ika ♬aria Hier für den Weltfrieden
@3mausimhaus
·
2013年6月27日","Auf meinem Frühstücksteller steht vermutlich eine chiffrierte Botschaft der Taliban. Aber was genau bedeutet ""Die Made ist in China""?
2
2
14",🎻 🎼 🎹,2,2,14,[],https://twitter.com/3mausimhaus/status/350119731174445056
Mofakatzenprediger,@Kistenprediger,2013-09-26T16:33:12.000Z,"Mofakatzenprediger
@Kistenprediger
·
2013年9月27日","""Seit heute Morgen musste ein halbes Dutzend Follower ganz dringend zum Reissäcke umschubsen nach China.""
""Enfolger?""
""SÄCKE IN CHINA!""
1
16",🎗 🌻 💉 💉 💉,,1,16,[],https://twitter.com/Kistenprediger/status/383268023814987777
mono toni,@drecksackdings,2013-04-19T05:49:54.000Z,"mono toni
@drecksackdings
·
2013年4月19日","in china ist bestimmt gerade wieder ein sack reis umgefallen.
1
12",,,1,12,[],https://twitter.com/drecksackdings/status/325124074474991616
müde.-,@Penderich,2013-06-23T08:26:50.000Z,"müde.-
@Penderich
·
2013年6月23日","Wenn Chinesen die Wahrheit sagen wollen, fliehen sie in die USA.
Wenn Amerikaner die Wahrheit sagen wollen, fliehen sie nach China.
Komisch.
1
9",,,1,9,[],https://twitter.com/Penderich/status/348718777116024833
Muermel,@Muermel,2013-02-09T13:08:58.000Z,"Muermel
@Muermel
·
2013年2月9日","Allen, die Serien nur in der Original-Sprache gucken wollen, wünsche ich den nächsten Hype aus China.
3
9
37",🏚,3,9,37,[],https://twitter.com/Muermel/status/300229807877259265
Muermel,@Muermel,2013-12-29T09:18:00.000Z,"Muermel
@Muermel
·
2013年12月29日","Lesen Sie heute in der Zeitung “Wie Daniel Brühl den Jahreswechsel feiert” gleich nach “Wie man in China 100te Säcke voller Reis umschubst”.
2
28",🏚,,2,28,[],https://twitter.com/Muermel/status/417222961071144960
myrenewal,@myrenewal,2013-10-31T18:44:54.000Z,"myrenewal
@myrenewal
·
2013年11月1日","Hat schon einer den Witz gebracht mit ""Süßes ODER Saures"" und das China-Restaurant reicht dann einfach EINE Styroporschale mit Ente raus?
1
1
8",,1,1,8,[],https://twitter.com/myrenewal/status/395984744556412928
Nicht Chevy Chase,@DrWaumiau,2013-01-02T11:32:35.000Z,"Nicht Chevy Chase
@DrWaumiau
·
2013年1月2日","Harald Glööckler kündigt seine Scheidungskollektion an. Die van der Vaarts ihre Trennung.

In China hat gerade ein Sack Reis geheiratet.
6
11
57",,6,11,57,[],https://twitter.com/DrWaumiau/status/286434810984005632
Nicht Chevy Chase,@DrWaumiau,2013-01-11T18:37:58.000Z,"Nicht Chevy Chase
@DrWaumiau
·
2013年1月12日","Justin Timberlake kündigt nach 7 Jahren sein Comeback an.
In China singt ein Reissack Karaoke.
4
22",,4,,22,[],https://twitter.com/DrWaumiau/status/289803355763654656
Nicht Chevy Chase,@DrWaumiau,2013-04-04T04:11:43.000Z,"Nicht Chevy Chase
@DrWaumiau
·
2013年4月4日","In Nordhessen eröffnet heute ein Fliegenschiss von einem Flughafen? Ich habe gehört ein Sack Reis soll von dort aus nach China fliegen.
2
1
10",,2,1,10,[],https://twitter.com/DrWaumiau/status/319663546063548416
Nicht Chevy Chase,@DrWaumiau,2013-04-10T10:03:26.000Z,"Nicht Chevy Chase
@DrWaumiau
·
2013年4月10日","Sylvie van der Vaart hat 'nen neuen Stecher. In China wird übrigens ein Sack Reis von einem Esel oral befriedigt.
7
10
45",,7,10,45,[],https://twitter.com/DrWaumiau/status/321926387663503360
Nicht Chevy Chase,@DrWaumiau,2013-04-11T11:34:53.000Z,"Nicht Chevy Chase
@DrWaumiau
·
2013年4月11日","Ein iranischer Wissenschaftler hat angeblich eine Zeitmaschine erfunden. In China startet morgen ein Sack Reis zum Mond.
3
20",,3,,20,[],https://twitter.com/DrWaumiau/status/322311788035198976
Nicht Chevy Chase,@DrWaumiau,2013-05-30T04:06:54.000Z,"Nicht Chevy Chase
@DrWaumiau
·
2013年5月30日","Madonna eröffnet eine Muckibude in Berlin. 
In China wurde ein Sack Reis vor einem Puff gesehen.
4
21",,4,,21,[],https://twitter.com/DrWaumiau/status/339956054685257728
Nicht Chevy Chase,@DrWaumiau,2013-07-01T04:32:51.000Z,"Nicht Chevy Chase
@DrWaumiau
·
2013年7月1日","Die NSA bespitzelt uns also genauso häufig wie China oder Saudi Arabien. 

Auch ich habe Angst vor einer Bedrohung durch Kommunisten-Nazis.
2
3
14",,2,3,14,[],https://twitter.com/DrWaumiau/status/351558996425056256
Nicht Chevy Chase,@DrWaumiau,2013-07-05T04:00:16.000Z,"Nicht Chevy Chase
@DrWaumiau
·
2013年7月5日","In China zahlen übrigens reiche Männer dafür, gestillt zu werden.

Ich finde, das sollte Ihr Kopfkino wissen.
7
10
48",,7,10,48,[],https://twitter.com/DrWaumiau/status/353000350896242688
nicht regierbar,@scusiO,2013-05-30T13:39:39.000Z,"nicht regierbar
@scusiO
·
2013年5月30日","In China hat heute einer das Stäbchen abgegeben ...
4
16",,,4,16,[],https://twitter.com/scusiO/status/340100194563670016
Oliver Wurm,@oliverwurm,2013-12-28T16:04:05.000Z,"Oliver Wurm
@oliverwurm
·
2013年12月29日","China hat die Ein-Kind-Politik beendet. Hannover 96 nicht.
9
27",,,9,27,[],https://twitter.com/oliverwurm/status/416962770182365184
Paisajes Increíbles,@_Paisajes_,2013-05-05T01:05:07.000Z,"Paisajes Increíbles
@_Paisajes_
·
2013年5月5日","Shanghai, China (foto de  Fritz Hoffmann).
2
89
34",,2,89,34,[],https://twitter.com/_Paisajes_/status/330850612369567744
Phrasensprenger,@phrasensprenger,2013-03-06T17:34:00.000Z,"Phrasensprenger
@phrasensprenger
·
2013年3月7日","In meinem China-Snack gab's Auswahl. ZB Winterrolle (noch gefroren), Sommerrolle (verbrannt), Herbstrolle (vergammelt) und Frühlingsrolle.
1
18",,,1,18,[],https://twitter.com/phrasensprenger/status/309356199441219586
Phrasensprenger,@phrasensprenger,2013-08-08T18:15:01.000Z,"Phrasensprenger
@phrasensprenger
·
2013年8月9日","Hab nun auch einen Internet-fähigen Kühlschrank der selber nachbestellt was fehlt.
Hauptsächlich Hund-süß-sauer. Made in China. War ja klar.
1
3
55",,1,3,55,[],https://twitter.com/phrasensprenger/status/365536642540384256
Pia Tätlos,@Irrationella,2013-02-06T07:25:00.000Z,"Pia Tätlos
@Irrationella
·
2013年2月6日","""Hey China, wir brauchen einen Todesstern."" - ""Welche Falbe?""
1
18",,,1,18,[],https://twitter.com/Irrationella/status/299056081890574337
Piratenpartei,@Piratenpartei,2013-06-23T16:08:05.000Z,"Piratenpartei
@Piratenpartei
·
2013年6月24日","#Snowden flüchtet vor westl. Demokratien nach China und Russland? SRSLY? http://bit.ly/HehSNU /bo http://twitpic.com/cyss3n
7
38
11",,7,38,11,[],https://twitter.com/Piratenpartei/status/348834856794464256
Pit,@Operator_Pit,2013-08-08T16:32:48.000Z,"Pit
@Operator_Pit
·
2013年8月9日","""Da steht: Made in China.""

""Is mir doch egal, wo die Made ist.""
1
6",,,1,6,[],https://twitter.com/Operator_Pit/status/365510918500655104
Pommesflüsterer,@Pommesflusterer,2013-03-29T07:03:52.000Z,"Pommesflüsterer
@Pommesflusterer
·
2013年3月29日","Sohn1 (14):
""KiK? Die verkaufen doch Klamotten, die Kinder aus China herstellen.""
Ich:
""Nee, aus Indien.""
Sohn1:
""Dann ist es ja ok.""
1
1
16",,1,1,16,[],https://twitter.com/Pommesflusterer/status/317532543689846784
Pommesflüsterer,@Pommesflusterer,2013-11-24T08:04:01.000Z,"Pommesflüsterer
@Pommesflusterer
·
2013年11月24日","""Altenpflege-Azubis aus China""
Werde auf meine alten Tage nun doch noch chinesisch lernen müssen.
1
15",,,1,15,[],https://twitter.com/Pommesflusterer/status/404520769322889218
Principessa Belle,@Lady_LeBelle,2013-05-03T10:22:49.000Z,"Principessa Belle
@Lady_LeBelle
·
2013年5月3日","Ey was für Vollspackos, echt! T-Shirt Türkei, Handy China, polnische Putzfrau zu hause und ein Falafel in der Hand.
Voll deutsch! Applaus!
1
15",,,1,15,[],https://twitter.com/Lady_LeBelle/status/330266188141711360
Prof.irr. Kürbis,@KlatschKopp,2013-05-17T15:07:25.000Z,"Prof.irr. Kürbis
@KlatschKopp
·
2013年5月17日","Mein Hund ist grad über mein fast fertiges Großpuzzle geballert. Ich hab jetzt für den Hund einen  Auslieferungsantrag nach China gestellt.
3
1
16",,3,1,16,[],https://twitter.com/KlatschKopp/status/335411238047719425
Prof.irr. Kürbis,@KlatschKopp,2013-10-11T13:22:58.000Z,"Prof.irr. Kürbis
@KlatschKopp
·
2013年10月11日","In China ist ein Sack Reis umgekippt.

Hat Merkel ihre Große Koalition 
zusammen ?
1
12",,1,,12,[],https://twitter.com/KlatschKopp/status/388655969607372800
Proseccojule,@Prossecojule,2013-10-25T16:51:54.000Z,"Proseccojule
@Prossecojule
·
2013年10月26日","Wo Liebe ist, wird das Unmögliche möglich.

aus China
3
8",,,3,8,[],https://twitter.com/Prossecojule/status/393781980728664064
Puck Futin,@Doktor_FreakOut,2013-06-27T11:13:34.000Z,"Puck Futin
@Doktor_FreakOut
·
2013年6月27日","In China ist heute morgen ein Sack Reis umgefallen, der Bauer hat rumgemeckert deswegen. 
@sternde
 hat nicht drüber berichtet. So schade.
13",,,,13,[],https://twitter.com/Doktor_FreakOut/status/350210292539592705
Puck Futin,@Doktor_FreakOut,2013-10-16T09:40:52.000Z,"Puck Futin
@Doktor_FreakOut
·
2013年10月16日","""Ratingagentur Fitch droht USA mit Verlust von Spitzenrating""

Und irgendwo in China neigt sich ein Reissack gefährlich zur Seite.
1
9
51",,1,9,51,[],https://twitter.com/Doktor_FreakOut/status/390412016294572032
pünkelchen,@die_gepunktete,2013-06-30T20:07:27.000Z,"pünkelchen
@die_gepunktete
·
2013年7月1日","Wenn sich jemals der richtige bei einer Non-Mention angesprochen fühlt, fällt in China wirklich mal ein Sack Reis um.
3
18",,,3,18,[],https://twitter.com/die_gepunktete/status/351431810829385729
pünkelchen,@die_gepunktete,2013-06-30T16:18:27.000Z,"pünkelchen
@die_gepunktete
·
2013年7月1日","Die Lotusblüte entspringt aus dem Schlamm.

Sprichwort aus China
1
11",,,1,11,[],https://twitter.com/die_gepunktete/status/351374182057123841
pünkelchen,@die_gepunktete,2013-12-11T19:22:24.000Z,"pünkelchen
@die_gepunktete
·
2013年12月12日","So lange rumficken, bis in China ein Sack Reis umfällt. Das ist meine Bestimmung.
2
1
21",,2,1,21,[],https://twitter.com/die_gepunktete/status/410852084981170176
Pustekuchen,@puste_kuchen,2013-01-13T22:03:50.000Z,"Pustekuchen
@puste_kuchen
·
2013年1月14日","""In China bauen die dir so einen Flughafen an einem Tag."" - ""Aber das ist eine Diktatur!"" - ""Aber die haben einen FLUGHAFEN!""
1
3
12",,1,3,12,[],https://twitter.com/puste_kuchen/status/290579936681533441
qrios,@qrios,2013-01-16T05:02:13.000Z,"qrios
@qrios
·
2013年1月16日","Angestellter Programmierer 'sourced' seine Aufgaben nach China aus, um zu prokastinieren: http://theregister.co.uk/2013/01/16/developer_oursources_job_china/…
4
209
67",,4,209,67,[],https://twitter.com/qrios/status/291410002634211328
Quiet please,@Miss_Stresss,2013-08-21T16:44:37.000Z,"Quiet please
@Miss_Stresss
·
2013年8月22日","Jedes Mal wenn du ein T-Shirt kaufst, fällt eine Made in China um.
3
20",,,3,20,[],https://twitter.com/Miss_Stresss/status/370224933483585536
Quiet please,@Miss_Stresss,2013-09-18T09:52:55.000Z,"Quiet please
@Miss_Stresss
·
2013年9月18日","In Europa ist ein Sack Kartoffeln umgefallen.

Heutige Schlagzeile in ""China Today""
13",,,,13,[],https://twitter.com/Miss_Stresss/status/380268188053024768
raketenrauschen.,@_herzrauschen,2013-12-26T12:07:33.000Z,"raketenrauschen.
@_herzrauschen
·
2013年12月26日","ian somerhalder fliegt nach china. siri, ab zum flughafen!
1
9",,,1,9,[],https://twitter.com/_herzrauschen/status/416178468049940480
Redebedarf,@Redebedarf,2013-01-12T18:51:59.000Z,"Redebedarf
@Redebedarf
·
2013年1月13日","Was wohl ein Sack Reis in China gerade macht?
1
3
17",,1,3,17,[],https://twitter.com/Redebedarf/status/290169270237790208
Redwyne,@Paxter_Redwyne,2013-01-20T09:38:55.000Z,"Redwyne
@Paxter_Redwyne
·
2013年1月20日","Bitte melden sie einen Tweetklau umgehen den Behörden in China,damit man dort den Sack Reis informiert,das er jetzt umkippen kann. Danke.
10
35",,,10,35,[],https://twitter.com/Paxter_Redwyne/status/292929186757222400
Renate Bergmann,@RenateBergmann,2013-07-09T08:09:37.000Z,"Renate Bergmann
@RenateBergmann
·
2013年7月9日","Bin ich etwa 82 Jahre alt geworden um jetzt Plastikschuhe aus China zu tragen? Man muss sich schon wundern was einem da so angeboten wird.
2
26",,,2,26,[],https://twitter.com/RenateBergmann/status/354512653944762369
Ringo Trutschke,@Nacktmagazin,2013-02-02T10:14:41.000Z,"Ringo Trutschke
@Nacktmagazin
·
2013年2月2日","Nicht richtig, das Twitter Acounts gehackt von Chinese Computer. Es, China ein VolkDemocracy von Himmlishe Frieden u. Glück für Alle Mensch!
1
18
57",,1,18,57,[],https://twitter.com/Nacktmagazin/status/297649232838545408
Ringo Trutschke,@Nacktmagazin,2013-09-02T11:17:13.000Z,"Ringo Trutschke
@Nacktmagazin
·
2013年9月2日","Und dann stellt sich raus, dass Merkels Deutschlandkette in China hergestellt wurde.
1
2
17",,1,2,17,[],https://twitter.com/Nacktmagazin/status/374491194707161088
Rita Kasino,@RitaKasino,2013-02-18T16:00:28.000Z,"Rita Kasino
@RitaKasino
·
2013年2月19日","Wegen der miesen Arbeitsbedingungen kaufe ich meine Musik nicht mehr bei Amazon. 

Habe stattdessen ein Kinderorchester aus China importiert
1
12
69",,1,12,69,[],https://twitter.com/RitaKasino/status/303534457158258689
Ronja,@Mlle_Ronja,2013-08-13T18:07:15.000Z,"Ronja
@Mlle_Ronja
·
2013年8月14日","Wir brauchen keine Pflegekräfte aus China, wir brauchen attraktive Arbeitsbedingungen und gesellschaftliche Achtung für den Beruf.
5
48
117",,5,48,117,[],https://twitter.com/Mlle_Ronja/status/367346627885166592
Sami Slimani,@SamiSlimani,2013-08-17T18:36:34.000Z,"Sami Slimani
@SamiSlimani
·
2013年8月18日","Japan & China sind auch bald dran! #TVInterviews  
@x3nicole99
: 
@SamiSlimani
 Und bald China oder was? :D
25
124
143",😘,25,124,143,[],https://twitter.com/SamiSlimani/status/368803557467631616
Sanftmut,@Sanftmut,2013-05-02T11:36:03.000Z,"Sanftmut
@Sanftmut
·
2013年5月2日","Wenn meine bayrische Chefin China 'Kina' ausspricht, ziehen wir sie immer mit Kefkirurg auf. Herrlich. <3
11",,,,11,[],https://twitter.com/Sanftmut/status/329922226042327040
Sarkastistan,@Sarkastistan,2013-09-30T08:51:32.000Z,"Sarkastistan
@Sarkastistan
·
2013年9月30日","Meine brünette Brillenfachfrau: „Bitte lesen Sie die unterste Zeile.“
Mein rechtes Auge: „Made in China.“
2
16",,,2,16,[],https://twitter.com/Sarkastistan/status/384601394235179009
Sasa,@Sasamaaus,2013-02-21T19:17:39.000Z,"Sasa
@Sasamaaus
·
2013年2月22日","Laut meiner Klassenkameradin steht ""CH"" für China. Ob sie schonmal was von der Schweiz gehört hat?
3
4
40",♥,3,4,40,[],https://twitter.com/Sasamaaus/status/304671244761038849
Schlachtzeile,@Schlachtzeile,2013-01-23T07:07:36.000Z,"Schlachtzeile
@Schlachtzeile
·
2013年1月23日","Es wird schwer für die Belanglosigkeiten dieser Welt.

In China passt nun ein Tier auf, dass die Reissäcke nicht umfallen.

Ein Reiswolf!
11
67",,,11,67,[],https://twitter.com/Schlachtzeile/status/293978271509540864
Schlachtzeile,@Schlachtzeile,2013-05-07T10:24:31.000Z,"Schlachtzeile
@Schlachtzeile
·
2013年5月7日","US-Verteidigungsministerium: ""Die Chinesen sind Schuld an Hackerangriffen auf USA!""
China so: "" Was ich denk und tu, tlau ich andeln zu!""
18",,,,18,[],https://twitter.com/Schlachtzeile/status/331716167318245377
Schlachtzeile,@Schlachtzeile,2013-10-02T06:01:35.000Z,"Schlachtzeile
@Schlachtzeile
·
2013年10月2日","Noch vier Stunden, dann breche ich auf gen China.
Viele Reissäcke wieder aufstellen.

Wir lesen uns in 2 Wochen wieder!
Vertragt Euch!
6
1
51",,6,1,51,[],https://twitter.com/Schlachtzeile/status/385283400376258560
Schlachtzeile,@Schlachtzeile,2013-10-14T06:52:53.000Z,"Schlachtzeile
@Schlachtzeile
·
2013年10月14日","Wohl behalten zurück aus China! So viel zu dem Gerücht, dass sie da alles essen, was Beine hat und einen Schatten wirft!
5
6
41",,5,6,41,[],https://twitter.com/Schlachtzeile/status/389644965846204416
Schlachtzeile,@Schlachtzeile,2013-10-14T08:46:04.000Z,"Schlachtzeile
@Schlachtzeile
·
2013年10月14日","Da sind Follower verschwunden, während ich in China war.
Hoffentlich sind die nicht auf dem Plumpsklo an der Mauer aus dem iPhone gepurzelt!
1
5
21",,1,5,21,[],https://twitter.com/Schlachtzeile/status/389673450249678848
Schnuppi,@buntauge,2013-07-17T17:20:14.000Z,"Schnuppi
@buntauge
·
2013年7月18日","""Wie heißt noch mal die große Burger Kette aus China?"" - ""Burger Peking.""
17",,,,17,[],https://twitter.com/buntauge/status/357550323419721729
Schpangerl,@tschahnschpange,2013-07-30T09:40:04.000Z,"Schpangerl
@tschahnschpange
·
2013年7月30日","In China brauchen sie für das Jahr des Hasen, des Affen und des Schweins drei Jahre. Wir haben das Jahr der ÖVP.
3
12",,,3,12,[],https://twitter.com/tschahnschpange/status/362145558544125952
Schrappse,@Schrappse,2013-05-11T20:28:40.000Z,"Schrappse
@Schrappse
·
2013年5月12日","Von wegen ich war ein naives Kind. Wollte nicht jeder mal ein Loch bis nach China buddeln?
14",,,,14,[],https://twitter.com/Schrappse/status/333317754398576642
Sebastian Nerz,@tirsales,2013-07-13T19:52:09.000Z,"Sebastian Nerz
@tirsales
·
2013年7月14日","Ehrliche Frage: Mit welchem Recht wollen wir noch in China Menschenrechte anmahnen? Wir foltern, morden, überwachen und unterdrücken.
9
20
22",,9,20,22,[],https://twitter.com/tirsales/status/356139000836276225
Sebastian Nerz,@tirsales,2013-10-07T04:40:19.000Z,"Sebastian Nerz
@tirsales
·
2013年10月7日","Keine Angst, wenn Terrorismus nicht mehr zieht, ist es halt wieder KiPo, Geldwäsche, China oder Aliens. #Überwachungshysterie
5
53
24",,5,53,24,[],https://twitter.com/tirsales/status/387074889221701632
Sebastian Nerz,@tirsales,2013-11-03T17:27:02.000Z,"Sebastian Nerz
@tirsales
·
2013年11月4日","Ach ich vergaß, Überwachungsstaat heißt es ja nur in China. In USA und BRD ist es Terrorabwehr.
9
187
87",,9,187,87,[],https://twitter.com/tirsales/status/397052311882563585
seidenschnabel.,@meerisch,2013-12-26T14:11:49.000Z,"seidenschnabel.
@meerisch
·
2013年12月26日","Ich sehe gleich eine Freundin, die ein Jahr in China war und habe außer nassen Hundepfotenabdrücken auf den Brüsten nichts vorzuweisen.
8",,,,8,[],https://twitter.com/meerisch/status/416209739622912000
Sina Trinkwalder,@manomama,2013-10-21T17:44:45.000Z,"Sina Trinkwalder
@manomama
·
2013年10月22日","OMG, Twitter in China heißt Sina. 

Ironie des Lebens.
4
4
11",,4,4,11,[],https://twitter.com/manomama/status/392345727705554944
Ssst!!!,@xtinarindt,2013-10-19T11:00:14.000Z,"Ssst!!!
@xtinarindt
·
2013年10月19日","Vollpfosten dürfen mich ruhig für arrogant halten.
Oh. In China fällt gerade wieder ein Sack Reis um.
1
9",,1,,9,[],https://twitter.com/xtinarindt/status/391519152944721920
st4rbucks,@st4rbucks,2013-04-09T08:27:30.000Z,"st4rbucks
@st4rbucks
·
2013年4月9日","Dienstagmorgen: PC starten, Windows Updates, 3 Kaffee trinken, nach China und zurück gehen, Update 3 von 72, schalten Sie den PC nicht aus.
7
30",,,7,30,[],https://twitter.com/st4rbucks/status/321539855169495040
Stefan Körner,@sekor,2013-07-21T11:21:46.000Z,"Stefan Körner
@sekor
·
2013年7月21日","Die USA verfolgt Menschen,  die wir mit Friedenspreisen ehren. Wo genau ist jetzt der Unterschied zu China? http://heise.de/newsticker/meldung/Friedenspreis-fuer-Bradley-Manning-1920839.html…
8
18
9",,8,18,9,[],https://twitter.com/sekor/status/358909664127225856
Straßenpoetin,@DasJeanne,2013-03-07T19:14:27.000Z,"Straßenpoetin
@DasJeanne
·
2013年3月8日","Für euch getestet:
gebratene China Nudeln kann man mit Käse überbacken.

Man sollte es aber nicht!
1
19",,1,,19,[],https://twitter.com/DasJeanne/status/309743866209243136
Straßenpoetin,@DasJeanne,2013-10-01T14:50:03.000Z,"Straßenpoetin
@DasJeanne
·
2013年10月1日","Mutti bringt Schnitzel, China-Mann-Nudeln, Mohnkuchen, Schokolade und Cola ins KH.

Sucht mich nicht. Werd hier wohl einziehen müssen!
5
29",,5,,29,[],https://twitter.com/DasJeanne/status/385054006739214336
Tanja Bauer,@Sky_Tanja,2013-03-25T12:47:22.000Z,"Tanja Bauer
@Sky_Tanja
·
2013年3月25日","#F1Sky #SSNHD gerade im internet gefunden- neues redbull logo für GP in china-:))
4
21
16",,4,21,16,[],https://twitter.com/Sky_Tanja/status/316169435805261825
Terra Peutin,@ornithologin,2013-10-21T15:34:06.000Z,"Terra Peutin
@ornithologin
·
2013年10月21日","Kann es sein, dass heute keine Säcke, sondern ganze Reisplantagen in China umgefallen sind?
#facebook
1
4
41",,1,4,41,[],https://twitter.com/ornithologin/status/392312849529180162
Thom Browne,@ThomBrowne,2013-06-20T15:20:17.000Z,"Thom Browne
@ThomBrowne
·
2013年6月20日","Fall 2011 in Vogue China by Walter Pfeiffer
1
7
9",,1,7,9,[],https://twitter.com/ThomBrowne/status/347735661756956672
Thomas Stadler,@RAStadler,2013-12-04T10:39:06.000Z,"Thomas Stadler
@RAStadler
·
2013年12月4日","Dass China in allen Kategorien der Pisa-Studie Spitzenreiter ist, sollte Grund genug sein, über die Sinnhaftigkeit von Pisa nachzudenken.
16
22
21",,16,22,21,[],https://twitter.com/RAStadler/status/408183674598076416
thomas weber,@th_weber,2013-08-17T07:24:45.000Z,"thomas weber
@th_weber
·
2013年8月17日","Der ""Mut zur Heimat"" der FPÖ bedeutet ""Made in China"": Deutscher Schäferhund (Schlüsselanhänger aus 100% Polyester)
5
34
20",,5,34,20,[],https://twitter.com/th_weber/status/368634485543157760
triolenschaukler,@triolenschaukel,2013-01-28T20:14:55.000Z,"triolenschaukler
@triolenschaukel
·
2013年1月29日","ERSCHRECKEND: Die Anzahl der täglich in China umfallenden Reissäcke erreicht mittlerweile dramatische Ausmaße.
12",,,,12,[],https://twitter.com/triolenschaukel/status/295988344180047873
triolenschaukler,@triolenschaukel,2013-11-10T21:36:21.000Z,"triolenschaukler
@triolenschaukel
·
2013年11月11日","China kann gar nicht so groß sein, wie immer alle sagen, der Imbiss an der Ecke verkauft es verpackt in einer Box.
11",,,,11,[],https://twitter.com/triolenschaukel/status/399651768474554368
tza,@t5a,2013-04-02T11:38:05.000Z,"tza
@t5a
·
2013年4月2日","Ich will ja nicht sagen, daß das Nike T-Shirt von Mutter ein billiges China-Plagiat ist, aber ich tape mir gerade Eiswürfel auf die Nippel.
19",,,,19,[],https://twitter.com/t5a/status/319051102945427456
Ulf Henrich,@ulfhenrich,2013-10-04T19:24:28.000Z,"Ulf Henrich
@ulfhenrich
·
2013年10月5日","Grethe Wall beschwerte sich während ihrer China-Reise, dass permanent andere Touristen auf ihr herumstiefelten.
1
8",,,1,8,[],https://twitter.com/ulfhenrich/status/386210226451394560
Ulf Henrich,@ulfhenrich,2013-10-05T21:04:41.000Z,"Ulf Henrich
@ulfhenrich
·
2013年10月6日","Dass ツ laut Google Translate „Stiefel” heißt, zeigt, wie schwierig es ist, in China mit Empathie zu punkten.
1
1
12",,1,1,12,[],https://twitter.com/ulfhenrich/status/386597835392557056
Ulf Henrich,@ulfhenrich,2013-12-02T20:57:19.000Z,"Ulf Henrich
@ulfhenrich
·
2013年12月3日","Was mich bei meinen Ausflügen nach China am meisten beschäftigt, die haben eine Mauer, die ist 52 Millionen Tafeln Schokolade lang.
13",,,,13,[],https://twitter.com/ulfhenrich/status/407614477945696256
Ulf Hundeiker,@ulf_der_freak,2013-08-13T18:35:29.000Z,"Ulf Hundeiker
@ulf_der_freak
·
2013年8月14日","Jetzt wollen die Pflegekräfte aus China importieren, anstatt menschenwürdige und attraktivere Bedingungen für Pflegeberufe zu schaffen...
3
4
10",🎶,3,4,10,[],https://twitter.com/ulf_der_freak/status/367353731605889024
Ulrike Hartung,@ruckzuckbuff,2013-10-15T06:04:56.000Z,"Ulrike Hartung
@ruckzuckbuff
·
2013年10月15日","Manchmal ist es traurig in #China. 
@NeinQuarterly
9
8",,,9,8,[],https://twitter.com/ruckzuckbuff/status/389995286426157056
Ute Weber,@UteWeber,2013-12-15T08:57:21.000Z,"Ute Weber
@UteWeber
·
2013年12月15日","Schön, dass die USA als Zeichen der Völkerverständigung China die Kulisse ihrer Mondlandebilder zu Verfügung gestellt haben. #Jadehase
1
8
39",,1,8,39,[],https://twitter.com/UteWeber/status/412144337473273856
Vanny_Bunny™,@LittleHorney,2013-06-20T17:07:51.000Z,"Vanny_Bunny™
@LittleHorney
·
2013年6月21日","Massenpanik wegen Beckham in China? 
Na da würde ich mir an seiner Stelle aber echt Gedanken machen, ob was mit dem Outfit nicht stimmt.
10",,,,10,[],https://twitter.com/LittleHorney/status/347762732864520192
Vanny_Bunny™,@LittleHorney,2013-12-23T19:16:40.000Z,"Vanny_Bunny™
@LittleHorney
·
2013年12月24日","Das Obst ist nun auch in China Mobile. 

Immer diese iPhone's
1
15",,,1,15,[],https://twitter.com/LittleHorney/status/415199294061543424
Various Artist,@kaiNpardon,2013-01-01T13:55:03.000Z,"Various Artist
@kaiNpardon
·
2013年1月1日","Um meinen Kunden genauer sagen zu können, was wirklich Ärger ist, schaue ich jetzt erstmal den Lehrfilm ""Big Trouble In Little China"".
23",,,,23,[],https://twitter.com/kaiNpardon/status/286108278038077440
Various Artist,@kaiNpardon,2013-01-11T15:17:26.000Z,"Various Artist
@kaiNpardon
·
2013年1月11日","Manchmal ist die Politik unseres Landes ja auch so rückschrittlich, dass sich in China umgefallene Säcke mit Reis spontan wieder aufrichten.
2
33",,,2,33,[],https://twitter.com/kaiNpardon/status/289752886978691074
Various Artist,@kaiNpardon,2013-07-07T16:32:14.000Z,"Various Artist
@kaiNpardon
·
2013年7月8日","""Wir sind außer uns, dass Herr Brieftaube Ihr liebenswertes Produkt bereits transportiert."" Ich bestelle nur wegen solcher Mails in China.
1
9
57",,1,9,57,[],https://twitter.com/kaiNpardon/status/353914365713461248
W.W.,@apathytheatre,2013-06-24T23:31:15.000Z,"W.W.
@apathytheatre
·
2013年6月25日","""Gute Menschen spüren das Leid tiefer.""

Aus China
1
8",,,1,8,[],https://twitter.com/apathytheatre/status/349308769018183681
We Are McClain,@WeAreMcClain,2013-01-23T22:19:16.000Z,"We Are McClain
@WeAreMcClain
·
2013年1月24日","China Anne, sister Sierra & Quvenzhane' Wallis sing ""DYNAMITE""!: http://youtu.be/zNiwDWw-eYE?a via 
@YouTube
youtube.com
China Anne, sister Sierra & Quvenzhane' Wallis sing ""DYNAMITE""!
When young talent Quvenzhane' Wallis (the youngest person EVER to be nominated for an Oscar for Best Actress in a film) visited the set of Disney's ANT Farm,...
5
15
26",,5,15,26,['https://pbs.twimg.com/card_img/1500431395465879556/zG5q9ZPN?format=jpg&name=small'],https://twitter.com/WeAreMcClain/status/294207699099471873
WhoEver,@WhoEver7up,2013-04-28T14:35:18.000Z,"WhoEver
@WhoEver7up
·
2013年4月28日","""Das gibt es wirklich und es kommt aus China: In Kinderurin gekochte Hühnereier sollen die Potenz steigern."" (Grundgütiger...)
15",⚓,,,15,[],https://twitter.com/WhoEver7up/status/328517785774858240
Wusstest du schon..?,@GoogleFakten,2013-05-12T10:52:13.000Z,"Wusstest du schon..?
@GoogleFakten
·
2013年5月12日","Der längste Stau der Welt in China. Länge: 260 Kilometer; Dauer: 12 Tage. 
10
84
83",🚗 🚙 🚕 🚛 🚚,10,84,83,[],https://twitter.com/GoogleFakten/status/333535073683001345
Wusstest du schon..?,@GoogleFakten,2013-05-31T11:25:08.000Z,"Wusstest du schon..?
@GoogleFakten
·
2013年5月31日","Im alten China wurden Ärzte nur bezahlt, wenn der Patient gesund wurde.
4
23
22",,4,23,22,[],https://twitter.com/GoogleFakten/status/340428730541432832
Y. Mich,@beingmenow,2013-12-03T18:12:41.000Z,"Y. Mich
@beingmenow
·
2013年12月4日","Kind sitzt seit 15 Minuten an Mathe. Ich frage: ""Und, schon irgendwelche neuen Erkenntnisse?"" Kind: ""Ja, mein Bleistift kommt aus China!!""
8
17",,,8,17,[],https://twitter.com/beingmenow/status/407935435516551168
ZDF-Auslandsreporter,@ReporterZDF,2013-01-10T10:01:26.000Z,"ZDF-Auslandsreporter
@ReporterZDF
·
2013年1月10日","Unidentifizierte  Sicherheitskräfte verschleppen unseren Interviewpartner nach einem Interviw in #Guangzhou #china jh
10
300
25",,10,300,25,[],https://twitter.com/ReporterZDF/status/289310972361981952
Zenon,@kaot50,2013-11-12T20:59:18.000Z,"Zenon
@kaot50
·
2013年11月13日","Nicht so gut kommen die Tweets an, bei denen Essen und Katzen kombiniert werden. Außer vielleicht in China.
2
20",,,2,20,[],https://twitter.com/kaot50/status/400367221643300864
Zickie Lutz Schruttke sen.,@Tweufelchen,2013-04-19T18:27:00.000Z,"Zickie Lutz Schruttke sen.
@Tweufelchen
·
2013年4月20日","Neue Reis-Säcke für China bestellt.
1
17",,,1,17,[],https://twitter.com/Tweufelchen/status/325314602940391424
Zufall2,@Zufall2,2013-12-09T17:16:52.000Z,"Zufall2
@Zufall2
·
2013年12月10日","Oh,in China ist gerade ein Sack Katzen umgefallen.
1
16",,,1,16,[],https://twitter.com/Zufall2/status/410095714702991360
슈퍼주니어,@ELFISHics,2013-09-04T07:00:00.000Z,"슈퍼주니어
@ELFISHics
·
2013年9月4日","[ DL LINK: http://bit.ly/1778YyO ] COSMO China Mag. SJM 13P [http://style.cntv.cn] [minnkm]
5
40
44",💙 ♥,5,40,44,[],https://twitter.com/ELFISHics/status/375151242952982528
ヅ The Original Alex ,@Solheure66,2013-01-07T11:21:04.000Z,"ヅ The Original Alex 
@Solheure66
·
2013年1月7日","Oh der Wulff hat jetzt auch einen Sack Reis, mit seinem Namen drauf, in China stehen?!
1
22",,,1,22,[],https://twitter.com/Solheure66/status/288243850932285440
ヅ The Original Alex ,@Solheure66,2013-02-05T20:16:41.000Z,"ヅ The Original Alex 
@Solheure66
·
2013年2月6日","Und wieder ist ein Sack in China umgefallen, namens Dr. Reis.
4
26",,,4,26,[],https://twitter.com/Solheure66/status/298887895308185600
ヅ The Original Alex ,@Solheure66,2013-12-11T20:03:04.000Z,"ヅ The Original Alex 
@Solheure66
·
2013年12月12日","Ich soll euch aus China grüssen!
3
13",,3,,13,[],https://twitter.com/Solheure66/status/410862315492630528
IΠΣS,@Ini67,2013-08-14T19:51:17.000Z,"IΠΣS
@Ini67
·
2013年8月15日","Nena wird bald wieder Oma?!

So viele Reisesäcke gibt's in China gar nicht.....
1
8",©,,1,8,[],https://twitter.com/Ini67/status/367735196424339456